/*
MySQL Data Transfer
Source Host: loker.cepat.net.id
Source Database: innovate
Target Host: loker.cepat.net.id
Target Database: innovate
Date: 6/23/2013 1:58:35 PM
*/

SET FOREIGN_KEY_CHECKS=0;
-- ----------------------------
-- Table structure for core_settings
-- ----------------------------
CREATE TABLE `core_settings` (
  `slug` varchar(30) COLLATE utf8_unicode_ci NOT NULL,
  `default` text COLLATE utf8_unicode_ci NOT NULL,
  `value` text COLLATE utf8_unicode_ci NOT NULL,
  PRIMARY KEY (`slug`),
  UNIQUE KEY `unique - slug` (`slug`),
  KEY `index - slug` (`slug`)
) ENGINE=InnoDB DEFAULT CHARSET=utf8 COLLATE=utf8_unicode_ci COMMENT='Stores settings for the multi-site interface';

-- ----------------------------
-- Table structure for core_sites
-- ----------------------------
CREATE TABLE `core_sites` (
  `id` int(5) NOT NULL AUTO_INCREMENT,
  `name` varchar(100) COLLATE utf8_unicode_ci NOT NULL,
  `ref` varchar(20) COLLATE utf8_unicode_ci NOT NULL,
  `domain` varchar(100) COLLATE utf8_unicode_ci DEFAULT NULL,
  `active` tinyint(1) NOT NULL DEFAULT '1',
  `created_on` int(11) NOT NULL DEFAULT '0',
  `updated_on` int(11) NOT NULL DEFAULT '0',
  PRIMARY KEY (`id`),
  UNIQUE KEY `Unique ref` (`ref`),
  UNIQUE KEY `Unique domain` (`domain`),
  KEY `ref` (`ref`),
  KEY `domain` (`domain`)
) ENGINE=InnoDB AUTO_INCREMENT=2 DEFAULT CHARSET=utf8 COLLATE=utf8_unicode_ci;

-- ----------------------------
-- Table structure for core_users
-- ----------------------------
CREATE TABLE `core_users` (
  `id` smallint(5) unsigned NOT NULL AUTO_INCREMENT,
  `email` varchar(60) COLLATE utf8_unicode_ci NOT NULL DEFAULT '',
  `password` varchar(100) COLLATE utf8_unicode_ci NOT NULL DEFAULT '',
  `salt` varchar(6) COLLATE utf8_unicode_ci NOT NULL DEFAULT '',
  `group_id` int(11) DEFAULT NULL,
  `ip_address` varchar(45) COLLATE utf8_unicode_ci DEFAULT NULL,
  `active` int(1) DEFAULT NULL,
  `activation_code` varchar(40) COLLATE utf8_unicode_ci DEFAULT NULL,
  `created_on` int(11) NOT NULL,
  `last_login` int(11) NOT NULL,
  `username` varchar(20) COLLATE utf8_unicode_ci DEFAULT NULL,
  `forgotten_password_code` varchar(40) COLLATE utf8_unicode_ci DEFAULT NULL,
  `remember_code` varchar(40) COLLATE utf8_unicode_ci DEFAULT NULL,
  PRIMARY KEY (`id`),
  KEY `email` (`email`)
) ENGINE=InnoDB AUTO_INCREMENT=2 DEFAULT CHARSET=utf8 COLLATE=utf8_unicode_ci COMMENT='Super User Information';

-- ----------------------------
-- Table structure for default_blog
-- ----------------------------
CREATE TABLE `default_blog` (
  `id` int(9) NOT NULL AUTO_INCREMENT,
  `created` datetime NOT NULL,
  `updated` datetime DEFAULT NULL,
  `created_by` int(11) DEFAULT NULL,
  `ordering_count` int(11) DEFAULT NULL,
  `intro` longtext COLLATE utf8_unicode_ci,
  `title` varchar(200) COLLATE utf8_unicode_ci NOT NULL,
  `slug` varchar(200) COLLATE utf8_unicode_ci NOT NULL,
  `category_id` int(11) NOT NULL,
  `body` text COLLATE utf8_unicode_ci NOT NULL,
  `parsed` text COLLATE utf8_unicode_ci NOT NULL,
  `keywords` varchar(32) COLLATE utf8_unicode_ci NOT NULL DEFAULT '',
  `author_id` int(11) NOT NULL DEFAULT '0',
  `created_on` int(11) NOT NULL,
  `updated_on` int(11) NOT NULL DEFAULT '0',
  `comments_enabled` enum('no','1 day','1 week','2 weeks','1 month','3 months','always') COLLATE utf8_unicode_ci NOT NULL DEFAULT '3 months',
  `status` enum('draft','live') COLLATE utf8_unicode_ci NOT NULL DEFAULT 'draft',
  `type` set('html','markdown','wysiwyg-advanced','wysiwyg-simple') COLLATE utf8_unicode_ci NOT NULL,
  `preview_hash` char(32) COLLATE utf8_unicode_ci NOT NULL DEFAULT '',
  PRIMARY KEY (`id`)
) ENGINE=InnoDB DEFAULT CHARSET=utf8 COLLATE=utf8_unicode_ci;

-- ----------------------------
-- Table structure for default_blog_categories
-- ----------------------------
CREATE TABLE `default_blog_categories` (
  `id` int(11) NOT NULL AUTO_INCREMENT,
  `slug` varchar(100) COLLATE utf8_unicode_ci NOT NULL,
  `title` varchar(100) COLLATE utf8_unicode_ci NOT NULL,
  PRIMARY KEY (`id`),
  UNIQUE KEY `unique_slug` (`slug`),
  UNIQUE KEY `unique_title` (`title`),
  KEY `slug` (`slug`)
) ENGINE=InnoDB DEFAULT CHARSET=utf8 COLLATE=utf8_unicode_ci;

-- ----------------------------
-- Table structure for default_ci_sessions
-- ----------------------------
CREATE TABLE `default_ci_sessions` (
  `session_id` varchar(40) COLLATE utf8_unicode_ci NOT NULL DEFAULT '0',
  `ip_address` varchar(45) COLLATE utf8_unicode_ci NOT NULL DEFAULT '0',
  `user_agent` varchar(120) COLLATE utf8_unicode_ci NOT NULL,
  `last_activity` int(10) unsigned NOT NULL DEFAULT '0',
  `user_data` text COLLATE utf8_unicode_ci,
  PRIMARY KEY (`session_id`),
  KEY `last_activity_idx` (`last_activity`)
) ENGINE=MyISAM DEFAULT CHARSET=utf8 COLLATE=utf8_unicode_ci;

-- ----------------------------
-- Table structure for default_comment_blacklists
-- ----------------------------
CREATE TABLE `default_comment_blacklists` (
  `id` int(11) NOT NULL AUTO_INCREMENT,
  `website` varchar(255) COLLATE utf8_unicode_ci NOT NULL DEFAULT '',
  `email` varchar(150) COLLATE utf8_unicode_ci NOT NULL DEFAULT '',
  PRIMARY KEY (`id`)
) ENGINE=InnoDB DEFAULT CHARSET=utf8 COLLATE=utf8_unicode_ci;

-- ----------------------------
-- Table structure for default_comments
-- ----------------------------
CREATE TABLE `default_comments` (
  `id` int(11) NOT NULL AUTO_INCREMENT,
  `is_active` int(1) NOT NULL DEFAULT '0',
  `user_id` int(11) NOT NULL DEFAULT '0',
  `user_name` varchar(40) COLLATE utf8_unicode_ci NOT NULL DEFAULT '',
  `user_email` varchar(40) COLLATE utf8_unicode_ci NOT NULL DEFAULT '',
  `user_website` varchar(255) COLLATE utf8_unicode_ci NOT NULL,
  `comment` text COLLATE utf8_unicode_ci NOT NULL,
  `parsed` text COLLATE utf8_unicode_ci NOT NULL,
  `module` varchar(40) COLLATE utf8_unicode_ci NOT NULL,
  `entry_id` varchar(255) COLLATE utf8_unicode_ci NOT NULL DEFAULT '0',
  `entry_title` char(255) COLLATE utf8_unicode_ci NOT NULL,
  `entry_key` varchar(100) COLLATE utf8_unicode_ci NOT NULL,
  `entry_plural` varchar(100) COLLATE utf8_unicode_ci NOT NULL,
  `uri` varchar(255) COLLATE utf8_unicode_ci DEFAULT NULL,
  `cp_uri` varchar(255) COLLATE utf8_unicode_ci DEFAULT NULL,
  `created_on` int(11) NOT NULL DEFAULT '0',
  `ip_address` varchar(45) COLLATE utf8_unicode_ci NOT NULL DEFAULT '',
  PRIMARY KEY (`id`)
) ENGINE=InnoDB DEFAULT CHARSET=utf8 COLLATE=utf8_unicode_ci;

-- ----------------------------
-- Table structure for default_contact_log
-- ----------------------------
CREATE TABLE `default_contact_log` (
  `id` int(11) NOT NULL AUTO_INCREMENT,
  `email` varchar(255) COLLATE utf8_unicode_ci NOT NULL DEFAULT '',
  `subject` varchar(255) COLLATE utf8_unicode_ci NOT NULL DEFAULT '',
  `message` text COLLATE utf8_unicode_ci NOT NULL,
  `sender_agent` varchar(255) COLLATE utf8_unicode_ci NOT NULL DEFAULT '',
  `sender_ip` varchar(45) COLLATE utf8_unicode_ci NOT NULL DEFAULT '',
  `sender_os` varchar(255) COLLATE utf8_unicode_ci NOT NULL DEFAULT '',
  `sent_at` int(11) NOT NULL DEFAULT '0',
  `attachments` text COLLATE utf8_unicode_ci NOT NULL,
  PRIMARY KEY (`id`)
) ENGINE=InnoDB DEFAULT CHARSET=utf8 COLLATE=utf8_unicode_ci;

-- ----------------------------
-- Table structure for default_data_field_assignments
-- ----------------------------
CREATE TABLE `default_data_field_assignments` (
  `id` int(11) unsigned NOT NULL AUTO_INCREMENT,
  `sort_order` int(11) NOT NULL,
  `stream_id` int(11) NOT NULL,
  `field_id` int(11) NOT NULL,
  `is_required` enum('yes','no') COLLATE utf8_unicode_ci NOT NULL DEFAULT 'no',
  `is_unique` enum('yes','no') COLLATE utf8_unicode_ci NOT NULL DEFAULT 'no',
  `instructions` text COLLATE utf8_unicode_ci,
  `field_name` varchar(255) COLLATE utf8_unicode_ci DEFAULT NULL,
  PRIMARY KEY (`id`)
) ENGINE=InnoDB AUTO_INCREMENT=17 DEFAULT CHARSET=utf8 COLLATE=utf8_unicode_ci;

-- ----------------------------
-- Table structure for default_data_fields
-- ----------------------------
CREATE TABLE `default_data_fields` (
  `id` int(11) unsigned NOT NULL AUTO_INCREMENT,
  `field_name` varchar(60) COLLATE utf8_unicode_ci NOT NULL,
  `field_slug` varchar(60) COLLATE utf8_unicode_ci NOT NULL,
  `field_namespace` varchar(60) COLLATE utf8_unicode_ci DEFAULT NULL,
  `field_type` varchar(50) COLLATE utf8_unicode_ci NOT NULL,
  `field_data` blob,
  `view_options` blob,
  `is_locked` enum('yes','no') COLLATE utf8_unicode_ci NOT NULL DEFAULT 'no',
  PRIMARY KEY (`id`)
) ENGINE=InnoDB AUTO_INCREMENT=17 DEFAULT CHARSET=utf8 COLLATE=utf8_unicode_ci;

-- ----------------------------
-- Table structure for default_data_streams
-- ----------------------------
CREATE TABLE `default_data_streams` (
  `id` int(10) unsigned NOT NULL AUTO_INCREMENT,
  `stream_name` varchar(60) COLLATE utf8_unicode_ci NOT NULL,
  `stream_slug` varchar(60) COLLATE utf8_unicode_ci NOT NULL,
  `stream_namespace` varchar(60) COLLATE utf8_unicode_ci DEFAULT NULL,
  `stream_prefix` varchar(60) COLLATE utf8_unicode_ci DEFAULT NULL,
  `about` varchar(255) COLLATE utf8_unicode_ci DEFAULT NULL,
  `view_options` blob NOT NULL,
  `title_column` varchar(255) COLLATE utf8_unicode_ci DEFAULT NULL,
  `sorting` enum('title','custom') COLLATE utf8_unicode_ci NOT NULL DEFAULT 'title',
  `permissions` text COLLATE utf8_unicode_ci,
  `is_hidden` enum('yes','no') COLLATE utf8_unicode_ci NOT NULL DEFAULT 'no',
  `menu_path` varchar(255) COLLATE utf8_unicode_ci DEFAULT NULL,
  PRIMARY KEY (`id`)
) ENGINE=InnoDB AUTO_INCREMENT=4 DEFAULT CHARSET=utf8 COLLATE=utf8_unicode_ci;

-- ----------------------------
-- Table structure for default_def_page_fields
-- ----------------------------
CREATE TABLE `default_def_page_fields` (
  `id` int(9) NOT NULL AUTO_INCREMENT,
  `created` datetime NOT NULL,
  `updated` datetime DEFAULT NULL,
  `created_by` int(11) DEFAULT NULL,
  `ordering_count` int(11) DEFAULT NULL,
  `body` longtext COLLATE utf8_unicode_ci,
  PRIMARY KEY (`id`)
) ENGINE=InnoDB AUTO_INCREMENT=6 DEFAULT CHARSET=utf8 COLLATE=utf8_unicode_ci;

-- ----------------------------
-- Table structure for default_email_templates
-- ----------------------------
CREATE TABLE `default_email_templates` (
  `id` int(11) NOT NULL AUTO_INCREMENT,
  `slug` varchar(100) COLLATE utf8_unicode_ci NOT NULL,
  `name` varchar(100) COLLATE utf8_unicode_ci NOT NULL,
  `description` varchar(255) COLLATE utf8_unicode_ci NOT NULL,
  `subject` varchar(255) COLLATE utf8_unicode_ci NOT NULL,
  `body` text COLLATE utf8_unicode_ci NOT NULL,
  `lang` varchar(2) COLLATE utf8_unicode_ci DEFAULT NULL,
  `is_default` int(1) NOT NULL DEFAULT '0',
  `module` varchar(50) COLLATE utf8_unicode_ci NOT NULL DEFAULT '',
  PRIMARY KEY (`id`),
  UNIQUE KEY `slug_lang` (`slug`,`lang`)
) ENGINE=InnoDB AUTO_INCREMENT=7 DEFAULT CHARSET=utf8 COLLATE=utf8_unicode_ci;

-- ----------------------------
-- Table structure for default_file_folders
-- ----------------------------
CREATE TABLE `default_file_folders` (
  `id` int(11) NOT NULL AUTO_INCREMENT,
  `parent_id` int(11) DEFAULT '0',
  `slug` varchar(100) COLLATE utf8_unicode_ci NOT NULL,
  `name` varchar(100) COLLATE utf8_unicode_ci NOT NULL,
  `location` varchar(20) COLLATE utf8_unicode_ci NOT NULL DEFAULT 'local',
  `remote_container` varchar(100) COLLATE utf8_unicode_ci NOT NULL DEFAULT '',
  `date_added` int(11) NOT NULL,
  `sort` int(11) NOT NULL DEFAULT '0',
  `hidden` tinyint(1) NOT NULL DEFAULT '0',
  PRIMARY KEY (`id`)
) ENGINE=InnoDB DEFAULT CHARSET=utf8 COLLATE=utf8_unicode_ci;

-- ----------------------------
-- Table structure for default_files
-- ----------------------------
CREATE TABLE `default_files` (
  `id` char(15) COLLATE utf8_unicode_ci NOT NULL,
  `folder_id` int(11) NOT NULL DEFAULT '0',
  `user_id` int(11) NOT NULL DEFAULT '1',
  `type` enum('a','v','d','i','o') COLLATE utf8_unicode_ci DEFAULT NULL,
  `name` varchar(100) COLLATE utf8_unicode_ci NOT NULL,
  `filename` varchar(255) COLLATE utf8_unicode_ci NOT NULL,
  `path` varchar(255) COLLATE utf8_unicode_ci NOT NULL DEFAULT '',
  `description` text COLLATE utf8_unicode_ci NOT NULL,
  `extension` varchar(10) COLLATE utf8_unicode_ci NOT NULL,
  `mimetype` varchar(100) COLLATE utf8_unicode_ci NOT NULL,
  `keywords` char(32) COLLATE utf8_unicode_ci NOT NULL DEFAULT '',
  `width` int(5) DEFAULT NULL,
  `height` int(5) DEFAULT NULL,
  `filesize` int(11) NOT NULL DEFAULT '0',
  `alt_attribute` varchar(255) COLLATE utf8_unicode_ci DEFAULT NULL,
  `download_count` int(11) NOT NULL DEFAULT '0',
  `date_added` int(11) NOT NULL DEFAULT '0',
  `sort` int(11) NOT NULL DEFAULT '0',
  PRIMARY KEY (`id`)
) ENGINE=InnoDB DEFAULT CHARSET=utf8 COLLATE=utf8_unicode_ci;

-- ----------------------------
-- Table structure for default_groups
-- ----------------------------
CREATE TABLE `default_groups` (
  `id` int(11) NOT NULL AUTO_INCREMENT,
  `name` varchar(100) COLLATE utf8_unicode_ci NOT NULL,
  `description` varchar(250) COLLATE utf8_unicode_ci DEFAULT NULL,
  PRIMARY KEY (`id`)
) ENGINE=InnoDB AUTO_INCREMENT=3 DEFAULT CHARSET=utf8 COLLATE=utf8_unicode_ci;

-- ----------------------------
-- Table structure for default_inn_epg_ch_detail
-- ----------------------------
CREATE TABLE `default_inn_epg_ch_detail` (
  `id` int(11) NOT NULL AUTO_INCREMENT,
  `name` varchar(100) COLLATE utf8_unicode_ci NOT NULL,
  `num` int(11) NOT NULL,
  `cat` varchar(100) COLLATE utf8_unicode_ci NOT NULL,
  `desc` text COLLATE utf8_unicode_ci NOT NULL,
  PRIMARY KEY (`id`)
) ENGINE=InnoDB DEFAULT CHARSET=utf8 COLLATE=utf8_unicode_ci;

-- ----------------------------
-- Table structure for default_inn_epg_show_category
-- ----------------------------
CREATE TABLE `default_inn_epg_show_category` (
  `id` int(11) NOT NULL AUTO_INCREMENT,
  `cat` varchar(100) COLLATE utf8_unicode_ci NOT NULL,
  PRIMARY KEY (`id`)
) ENGINE=InnoDB DEFAULT CHARSET=utf8 COLLATE=utf8_unicode_ci;

-- ----------------------------
-- Table structure for default_inn_epg_show_detail
-- ----------------------------
CREATE TABLE `default_inn_epg_show_detail` (
  `id` int(11) NOT NULL AUTO_INCREMENT,
  `cid` int(11) NOT NULL,
  `cat_id` int(11) NOT NULL,
  `title` varchar(100) COLLATE utf8_unicode_ci NOT NULL,
  `date` date NOT NULL,
  `time` time NOT NULL,
  `duration` time NOT NULL,
  `syn_id` text COLLATE utf8_unicode_ci NOT NULL,
  `syn_en` text COLLATE utf8_unicode_ci NOT NULL,
  `is_featured` tinyint(1) NOT NULL,
  `poster` text COLLATE utf8_unicode_ci NOT NULL,
  PRIMARY KEY (`id`)
) ENGINE=InnoDB AUTO_INCREMENT=1325 DEFAULT CHARSET=utf8 COLLATE=utf8_unicode_ci;

-- ----------------------------
-- Table structure for default_inn_products_data
-- ----------------------------
CREATE TABLE `default_inn_products_data` (
  `id` int(11) NOT NULL AUTO_INCREMENT,
  `product_parent_id` int(11) NOT NULL,
  `product_name` varchar(100) COLLATE utf8_unicode_ci NOT NULL,
  `product_slug` varchar(100) COLLATE utf8_unicode_ci NOT NULL,
  `product_body` text COLLATE utf8_unicode_ci NOT NULL,
  `product_section` varchar(10) COLLATE utf8_unicode_ci NOT NULL,
  `product_css` text COLLATE utf8_unicode_ci,
  `product_js` text COLLATE utf8_unicode_ci,
  `product_is_featured` tinyint(1) NOT NULL,
  `product_poster` text COLLATE utf8_unicode_ci NOT NULL,
  `product_tags` varchar(255) COLLATE utf8_unicode_ci NOT NULL,
  `product_created_on` time DEFAULT NULL,
  `product_modified_on` time DEFAULT NULL,
  `product_modification_note` text COLLATE utf8_unicode_ci,
  PRIMARY KEY (`id`)
) ENGINE=InnoDB AUTO_INCREMENT=3 DEFAULT CHARSET=utf8 COLLATE=utf8_unicode_ci;

-- ----------------------------
-- Table structure for default_inn_products_packages
-- ----------------------------
CREATE TABLE `default_inn_products_packages` (
  `id` int(11) NOT NULL AUTO_INCREMENT,
  `package_prod_id` int(11) NOT NULL,
  `package_name` varchar(100) COLLATE utf8_unicode_ci NOT NULL,
  `package_slug` varchar(100) COLLATE utf8_unicode_ci NOT NULL,
  `package_price` varchar(100) COLLATE utf8_unicode_ci NOT NULL,
  `package_body` text COLLATE utf8_unicode_ci NOT NULL,
  `package_pack_item_info` text COLLATE utf8_unicode_ci NOT NULL,
  PRIMARY KEY (`id`)
) ENGINE=InnoDB AUTO_INCREMENT=3 DEFAULT CHARSET=utf8 COLLATE=utf8_unicode_ci;

-- ----------------------------
-- Table structure for default_inn_subscriber
-- ----------------------------
CREATE TABLE `default_inn_subscriber` (
  `id` int(11) NOT NULL AUTO_INCREMENT,
  `email` varchar(100) COLLATE utf8_unicode_ci NOT NULL,
  PRIMARY KEY (`id`)
) ENGINE=InnoDB DEFAULT CHARSET=utf8 COLLATE=utf8_unicode_ci;

-- ----------------------------
-- Table structure for default_keywords
-- ----------------------------
CREATE TABLE `default_keywords` (
  `id` int(11) NOT NULL AUTO_INCREMENT,
  `name` varchar(50) COLLATE utf8_unicode_ci NOT NULL,
  PRIMARY KEY (`id`)
) ENGINE=InnoDB DEFAULT CHARSET=utf8 COLLATE=utf8_unicode_ci;

-- ----------------------------
-- Table structure for default_keywords_applied
-- ----------------------------
CREATE TABLE `default_keywords_applied` (
  `id` int(11) NOT NULL AUTO_INCREMENT,
  `hash` char(32) COLLATE utf8_unicode_ci NOT NULL DEFAULT '',
  `keyword_id` int(11) NOT NULL,
  PRIMARY KEY (`id`)
) ENGINE=InnoDB DEFAULT CHARSET=utf8 COLLATE=utf8_unicode_ci;

-- ----------------------------
-- Table structure for default_migrations
-- ----------------------------
CREATE TABLE `default_migrations` (
  `version` int(3) DEFAULT NULL
) ENGINE=MyISAM DEFAULT CHARSET=utf8 COLLATE=utf8_unicode_ci;

-- ----------------------------
-- Table structure for default_modules
-- ----------------------------
CREATE TABLE `default_modules` (
  `id` int(11) NOT NULL AUTO_INCREMENT,
  `name` text COLLATE utf8_unicode_ci NOT NULL,
  `slug` varchar(50) COLLATE utf8_unicode_ci NOT NULL,
  `version` varchar(20) COLLATE utf8_unicode_ci NOT NULL,
  `type` varchar(20) COLLATE utf8_unicode_ci DEFAULT NULL,
  `description` text COLLATE utf8_unicode_ci,
  `skip_xss` tinyint(1) NOT NULL,
  `is_frontend` tinyint(1) NOT NULL,
  `is_backend` tinyint(1) NOT NULL,
  `menu` varchar(20) COLLATE utf8_unicode_ci NOT NULL,
  `enabled` tinyint(1) NOT NULL,
  `installed` tinyint(1) NOT NULL,
  `is_core` tinyint(1) NOT NULL,
  `updated_on` int(11) NOT NULL DEFAULT '0',
  PRIMARY KEY (`id`),
  UNIQUE KEY `slug` (`slug`),
  KEY `enabled` (`enabled`)
) ENGINE=MyISAM AUTO_INCREMENT=43 DEFAULT CHARSET=utf8 COLLATE=utf8_unicode_ci;

-- ----------------------------
-- Table structure for default_navigation_groups
-- ----------------------------
CREATE TABLE `default_navigation_groups` (
  `id` int(11) NOT NULL AUTO_INCREMENT,
  `title` varchar(50) COLLATE utf8_unicode_ci NOT NULL,
  `abbrev` varchar(50) COLLATE utf8_unicode_ci NOT NULL,
  PRIMARY KEY (`id`),
  KEY `abbrev` (`abbrev`)
) ENGINE=InnoDB AUTO_INCREMENT=8 DEFAULT CHARSET=utf8 COLLATE=utf8_unicode_ci;

-- ----------------------------
-- Table structure for default_navigation_links
-- ----------------------------
CREATE TABLE `default_navigation_links` (
  `id` int(11) NOT NULL AUTO_INCREMENT,
  `title` varchar(100) COLLATE utf8_unicode_ci NOT NULL DEFAULT '',
  `parent` int(11) DEFAULT NULL,
  `link_type` varchar(20) COLLATE utf8_unicode_ci NOT NULL DEFAULT 'uri',
  `page_id` int(11) DEFAULT NULL,
  `module_name` varchar(50) COLLATE utf8_unicode_ci NOT NULL DEFAULT '',
  `url` varchar(255) COLLATE utf8_unicode_ci NOT NULL DEFAULT '',
  `uri` varchar(255) COLLATE utf8_unicode_ci NOT NULL DEFAULT '',
  `navigation_group_id` int(5) NOT NULL DEFAULT '0',
  `position` int(5) NOT NULL DEFAULT '0',
  `target` varchar(10) COLLATE utf8_unicode_ci DEFAULT NULL,
  `restricted_to` varchar(255) COLLATE utf8_unicode_ci DEFAULT NULL,
  `class` varchar(255) COLLATE utf8_unicode_ci NOT NULL DEFAULT '',
  PRIMARY KEY (`id`),
  KEY `navigation_group_id` (`navigation_group_id`)
) ENGINE=InnoDB AUTO_INCREMENT=18 DEFAULT CHARSET=utf8 COLLATE=utf8_unicode_ci;

-- ----------------------------
-- Table structure for default_page_types
-- ----------------------------
CREATE TABLE `default_page_types` (
  `id` int(11) NOT NULL AUTO_INCREMENT,
  `slug` varchar(255) COLLATE utf8_unicode_ci NOT NULL DEFAULT '',
  `title` varchar(60) COLLATE utf8_unicode_ci NOT NULL,
  `description` text COLLATE utf8_unicode_ci,
  `stream_id` int(11) NOT NULL,
  `meta_title` varchar(255) COLLATE utf8_unicode_ci DEFAULT NULL,
  `meta_keywords` char(32) COLLATE utf8_unicode_ci DEFAULT NULL,
  `meta_description` text COLLATE utf8_unicode_ci,
  `body` text COLLATE utf8_unicode_ci NOT NULL,
  `css` text COLLATE utf8_unicode_ci,
  `js` text COLLATE utf8_unicode_ci,
  `theme_layout` varchar(100) COLLATE utf8_unicode_ci NOT NULL DEFAULT 'default',
  `updated_on` int(11) NOT NULL,
  `save_as_files` char(1) COLLATE utf8_unicode_ci NOT NULL DEFAULT 'n',
  `content_label` varchar(60) COLLATE utf8_unicode_ci DEFAULT NULL,
  `title_label` varchar(100) COLLATE utf8_unicode_ci DEFAULT NULL,
  PRIMARY KEY (`id`)
) ENGINE=InnoDB AUTO_INCREMENT=2 DEFAULT CHARSET=utf8 COLLATE=utf8_unicode_ci;

-- ----------------------------
-- Table structure for default_pages
-- ----------------------------
CREATE TABLE `default_pages` (
  `id` int(11) NOT NULL AUTO_INCREMENT,
  `slug` varchar(255) COLLATE utf8_unicode_ci NOT NULL DEFAULT '',
  `class` varchar(255) COLLATE utf8_unicode_ci NOT NULL DEFAULT '',
  `title` varchar(255) COLLATE utf8_unicode_ci NOT NULL DEFAULT '',
  `uri` text COLLATE utf8_unicode_ci,
  `parent_id` int(11) NOT NULL DEFAULT '0',
  `type_id` varchar(255) COLLATE utf8_unicode_ci NOT NULL,
  `entry_id` varchar(255) COLLATE utf8_unicode_ci DEFAULT NULL,
  `css` text COLLATE utf8_unicode_ci,
  `js` text COLLATE utf8_unicode_ci,
  `meta_title` varchar(255) COLLATE utf8_unicode_ci DEFAULT NULL,
  `meta_keywords` char(32) COLLATE utf8_unicode_ci DEFAULT NULL,
  `meta_robots_no_index` tinyint(1) DEFAULT NULL,
  `meta_robots_no_follow` tinyint(1) DEFAULT NULL,
  `meta_description` text COLLATE utf8_unicode_ci,
  `rss_enabled` int(1) NOT NULL DEFAULT '0',
  `comments_enabled` int(1) NOT NULL DEFAULT '0',
  `status` enum('draft','live') COLLATE utf8_unicode_ci NOT NULL DEFAULT 'draft',
  `created_on` int(11) NOT NULL DEFAULT '0',
  `updated_on` int(11) NOT NULL DEFAULT '0',
  `restricted_to` varchar(255) COLLATE utf8_unicode_ci DEFAULT NULL,
  `is_home` int(1) NOT NULL DEFAULT '0',
  `strict_uri` tinyint(1) NOT NULL DEFAULT '1',
  `order` int(11) NOT NULL DEFAULT '0',
  PRIMARY KEY (`id`),
  KEY `slug` (`slug`),
  KEY `parent_id` (`parent_id`)
) ENGINE=InnoDB AUTO_INCREMENT=6 DEFAULT CHARSET=utf8 COLLATE=utf8_unicode_ci;

-- ----------------------------
-- Table structure for default_permissions
-- ----------------------------
CREATE TABLE `default_permissions` (
  `id` int(11) NOT NULL AUTO_INCREMENT,
  `group_id` int(11) NOT NULL,
  `module` varchar(50) COLLATE utf8_unicode_ci NOT NULL,
  `roles` text COLLATE utf8_unicode_ci,
  PRIMARY KEY (`id`),
  KEY `group_id` (`group_id`)
) ENGINE=InnoDB DEFAULT CHARSET=utf8 COLLATE=utf8_unicode_ci;

-- ----------------------------
-- Table structure for default_profiles
-- ----------------------------
CREATE TABLE `default_profiles` (
  `id` int(9) NOT NULL AUTO_INCREMENT,
  `created` datetime DEFAULT NULL,
  `updated` datetime DEFAULT NULL,
  `created_by` int(11) DEFAULT NULL,
  `ordering_count` int(11) DEFAULT NULL,
  `user_id` int(11) unsigned NOT NULL,
  `display_name` varchar(50) COLLATE utf8_unicode_ci NOT NULL,
  `first_name` varchar(50) COLLATE utf8_unicode_ci NOT NULL,
  `last_name` varchar(50) COLLATE utf8_unicode_ci NOT NULL,
  `company` varchar(100) COLLATE utf8_unicode_ci DEFAULT NULL,
  `lang` varchar(2) COLLATE utf8_unicode_ci NOT NULL DEFAULT 'en',
  `bio` text COLLATE utf8_unicode_ci,
  `dob` int(11) DEFAULT NULL,
  `gender` set('m','f','') COLLATE utf8_unicode_ci DEFAULT NULL,
  `phone` varchar(20) COLLATE utf8_unicode_ci DEFAULT NULL,
  `mobile` varchar(20) COLLATE utf8_unicode_ci DEFAULT NULL,
  `address_line1` varchar(255) COLLATE utf8_unicode_ci DEFAULT NULL,
  `address_line2` varchar(255) COLLATE utf8_unicode_ci DEFAULT NULL,
  `address_line3` varchar(255) COLLATE utf8_unicode_ci DEFAULT NULL,
  `postcode` varchar(20) COLLATE utf8_unicode_ci DEFAULT NULL,
  `website` varchar(255) COLLATE utf8_unicode_ci DEFAULT NULL,
  `updated_on` int(11) unsigned DEFAULT NULL,
  PRIMARY KEY (`id`),
  KEY `user_id` (`user_id`)
) ENGINE=MyISAM AUTO_INCREMENT=3 DEFAULT CHARSET=utf8 COLLATE=utf8_unicode_ci;

-- ----------------------------
-- Table structure for default_redirects
-- ----------------------------
CREATE TABLE `default_redirects` (
  `id` int(11) NOT NULL AUTO_INCREMENT,
  `from` varchar(250) COLLATE utf8_unicode_ci NOT NULL,
  `to` varchar(250) COLLATE utf8_unicode_ci NOT NULL,
  `type` int(3) NOT NULL DEFAULT '302',
  PRIMARY KEY (`id`),
  KEY `from` (`from`)
) ENGINE=InnoDB DEFAULT CHARSET=utf8 COLLATE=utf8_unicode_ci;

-- ----------------------------
-- Table structure for default_search_index
-- ----------------------------
CREATE TABLE `default_search_index` (
  `id` int(10) unsigned NOT NULL AUTO_INCREMENT,
  `title` char(255) COLLATE utf8_unicode_ci NOT NULL,
  `description` text COLLATE utf8_unicode_ci,
  `keywords` text COLLATE utf8_unicode_ci,
  `keyword_hash` char(32) COLLATE utf8_unicode_ci DEFAULT NULL,
  `module` varchar(40) COLLATE utf8_unicode_ci DEFAULT NULL,
  `entry_key` varchar(100) COLLATE utf8_unicode_ci DEFAULT NULL,
  `entry_plural` varchar(100) COLLATE utf8_unicode_ci DEFAULT NULL,
  `entry_id` varchar(255) COLLATE utf8_unicode_ci DEFAULT NULL,
  `uri` varchar(255) COLLATE utf8_unicode_ci DEFAULT NULL,
  `cp_edit_uri` varchar(255) COLLATE utf8_unicode_ci DEFAULT NULL,
  `cp_delete_uri` varchar(255) COLLATE utf8_unicode_ci DEFAULT NULL,
  PRIMARY KEY (`id`),
  UNIQUE KEY `unique` (`module`,`entry_key`,`entry_id`(190)),
  FULLTEXT KEY `full search` (`title`,`description`,`keywords`)
) ENGINE=MyISAM AUTO_INCREMENT=6 DEFAULT CHARSET=utf8 COLLATE=utf8_unicode_ci;

-- ----------------------------
-- Table structure for default_settings
-- ----------------------------
CREATE TABLE `default_settings` (
  `slug` varchar(30) COLLATE utf8_unicode_ci NOT NULL,
  `title` varchar(100) COLLATE utf8_unicode_ci NOT NULL,
  `description` text COLLATE utf8_unicode_ci NOT NULL,
  `type` set('text','textarea','password','select','select-multiple','radio','checkbox') COLLATE utf8_unicode_ci NOT NULL,
  `default` text COLLATE utf8_unicode_ci NOT NULL,
  `value` text COLLATE utf8_unicode_ci NOT NULL,
  `options` varchar(255) COLLATE utf8_unicode_ci NOT NULL,
  `is_required` int(1) NOT NULL,
  `is_gui` int(1) NOT NULL,
  `module` varchar(50) COLLATE utf8_unicode_ci NOT NULL,
  `order` int(10) NOT NULL DEFAULT '0',
  PRIMARY KEY (`slug`),
  UNIQUE KEY `unique_slug` (`slug`),
  KEY `slug` (`slug`)
) ENGINE=InnoDB DEFAULT CHARSET=utf8 COLLATE=utf8_unicode_ci;

-- ----------------------------
-- Table structure for default_theme_options
-- ----------------------------
CREATE TABLE `default_theme_options` (
  `id` int(11) NOT NULL AUTO_INCREMENT,
  `slug` varchar(30) COLLATE utf8_unicode_ci NOT NULL,
  `title` varchar(100) COLLATE utf8_unicode_ci NOT NULL,
  `description` text COLLATE utf8_unicode_ci NOT NULL,
  `type` set('text','textarea','password','select','select-multiple','radio','checkbox','colour-picker') COLLATE utf8_unicode_ci NOT NULL,
  `default` varchar(255) COLLATE utf8_unicode_ci NOT NULL,
  `value` varchar(255) COLLATE utf8_unicode_ci NOT NULL,
  `options` text COLLATE utf8_unicode_ci NOT NULL,
  `is_required` int(1) NOT NULL,
  `theme` varchar(50) COLLATE utf8_unicode_ci NOT NULL,
  PRIMARY KEY (`id`)
) ENGINE=InnoDB AUTO_INCREMENT=29 DEFAULT CHARSET=utf8 COLLATE=utf8_unicode_ci;

-- ----------------------------
-- Table structure for default_users
-- ----------------------------
CREATE TABLE `default_users` (
  `id` smallint(5) unsigned NOT NULL AUTO_INCREMENT,
  `email` varchar(60) COLLATE utf8_unicode_ci NOT NULL DEFAULT '',
  `password` varchar(100) COLLATE utf8_unicode_ci NOT NULL DEFAULT '',
  `salt` varchar(6) COLLATE utf8_unicode_ci NOT NULL DEFAULT '',
  `group_id` int(11) DEFAULT NULL,
  `ip_address` varchar(45) COLLATE utf8_unicode_ci DEFAULT NULL,
  `active` int(1) DEFAULT NULL,
  `activation_code` varchar(40) COLLATE utf8_unicode_ci DEFAULT NULL,
  `created_on` int(11) NOT NULL,
  `last_login` int(11) NOT NULL,
  `username` varchar(20) COLLATE utf8_unicode_ci DEFAULT NULL,
  `forgotten_password_code` varchar(40) COLLATE utf8_unicode_ci DEFAULT NULL,
  `remember_code` varchar(40) COLLATE utf8_unicode_ci DEFAULT NULL,
  PRIMARY KEY (`id`),
  KEY `email` (`email`)
) ENGINE=InnoDB AUTO_INCREMENT=3 DEFAULT CHARSET=utf8 COLLATE=utf8_unicode_ci COMMENT='Registered User Information';

-- ----------------------------
-- Table structure for default_variables
-- ----------------------------
CREATE TABLE `default_variables` (
  `id` int(11) NOT NULL AUTO_INCREMENT,
  `name` varchar(250) COLLATE utf8_unicode_ci DEFAULT NULL,
  `data` varchar(250) COLLATE utf8_unicode_ci DEFAULT NULL,
  PRIMARY KEY (`id`)
) ENGINE=InnoDB DEFAULT CHARSET=utf8 COLLATE=utf8_unicode_ci;

-- ----------------------------
-- Table structure for default_widget_areas
-- ----------------------------
CREATE TABLE `default_widget_areas` (
  `id` int(11) NOT NULL AUTO_INCREMENT,
  `slug` varchar(100) COLLATE utf8_unicode_ci DEFAULT NULL,
  `title` varchar(100) COLLATE utf8_unicode_ci DEFAULT NULL,
  PRIMARY KEY (`id`)
) ENGINE=InnoDB AUTO_INCREMENT=2 DEFAULT CHARSET=utf8 COLLATE=utf8_unicode_ci;

-- ----------------------------
-- Table structure for default_widget_instances
-- ----------------------------
CREATE TABLE `default_widget_instances` (
  `id` int(11) NOT NULL AUTO_INCREMENT,
  `title` varchar(100) COLLATE utf8_unicode_ci DEFAULT NULL,
  `widget_id` int(11) DEFAULT NULL,
  `widget_area_id` int(11) DEFAULT NULL,
  `options` text COLLATE utf8_unicode_ci NOT NULL,
  `order` int(10) NOT NULL DEFAULT '0',
  `created_on` int(11) NOT NULL DEFAULT '0',
  `updated_on` int(11) NOT NULL DEFAULT '0',
  PRIMARY KEY (`id`)
) ENGINE=InnoDB DEFAULT CHARSET=utf8 COLLATE=utf8_unicode_ci;

-- ----------------------------
-- Table structure for default_widgets
-- ----------------------------
CREATE TABLE `default_widgets` (
  `id` int(11) NOT NULL AUTO_INCREMENT,
  `slug` varchar(100) COLLATE utf8_unicode_ci NOT NULL DEFAULT '',
  `title` text COLLATE utf8_unicode_ci NOT NULL,
  `description` text COLLATE utf8_unicode_ci NOT NULL,
  `author` varchar(100) COLLATE utf8_unicode_ci NOT NULL DEFAULT '',
  `website` varchar(255) COLLATE utf8_unicode_ci NOT NULL DEFAULT '',
  `version` varchar(20) COLLATE utf8_unicode_ci NOT NULL DEFAULT '0',
  `enabled` int(1) NOT NULL DEFAULT '1',
  `order` int(10) NOT NULL DEFAULT '0',
  `updated_on` int(11) NOT NULL DEFAULT '0',
  PRIMARY KEY (`id`)
) ENGINE=InnoDB AUTO_INCREMENT=10 DEFAULT CHARSET=utf8 COLLATE=utf8_unicode_ci;

-- ----------------------------
-- Records 
-- ----------------------------
INSERT INTO `core_settings` VALUES ('date_format', 'g:ia -- m/d/y', 'g:ia -- m/d/y');
INSERT INTO `core_settings` VALUES ('lang_direction', 'ltr', 'ltr');
INSERT INTO `core_settings` VALUES ('status_message', 'This site has been disabled by a super-administrator.', 'This site has been disabled by a super-administrator.');
INSERT INTO `core_sites` VALUES ('1', 'Default Site', 'default', 'localhost', '1', '1369808456', '0');
INSERT INTO `core_users` VALUES ('1', 'myseconddigitalmail@yahoo.com', '8e1458f59406ed4da6b850dbcf40f126d04c15a1', 'a3a89', '1', '', '1', '', '1369808455', '1369808455', 'adriant', null, null);
INSERT INTO `default_ci_sessions` VALUES ('e160e71889a504fb8449e1f9aaf115a4', '127.0.0.1', 'Mozilla/5.0 (Windows NT 6.1; WOW64; rv:21.0) Gecko/20100101 Firefox/21.0', '1369813440', 'a:6:{s:8:\"username\";s:7:\"adriant\";s:5:\"email\";s:29:\"myseconddigitalmail@yahoo.com\";s:2:\"id\";s:1:\"1\";s:7:\"user_id\";s:1:\"1\";s:8:\"group_id\";s:1:\"1\";s:5:\"group\";s:5:\"admin\";}');
INSERT INTO `default_ci_sessions` VALUES ('f02c029c6586018e6e4e710186f29422', '127.0.0.1', 'Mozilla/5.0 (Windows NT 6.1; WOW64; rv:21.0) Gecko/20100101 Firefox/21.0', '1369816871', 'a:5:{s:5:\"email\";s:29:\"myseconddigitalmail@yahoo.com\";s:2:\"id\";s:1:\"1\";s:7:\"user_id\";s:1:\"1\";s:8:\"group_id\";s:1:\"1\";s:5:\"group\";s:5:\"admin\";}');
INSERT INTO `default_ci_sessions` VALUES ('3571d100b67c17a0255bf8f2255a00a6', '127.0.0.1', 'Mozilla/5.0 (Windows NT 6.1; WOW64; rv:21.0) Gecko/20100101 Firefox/21.0', '1369901696', '');
INSERT INTO `default_ci_sessions` VALUES ('eff0b72664fe7a6344960b15ce224e4d', '127.0.0.1', 'Mozilla/5.0 (Windows NT 6.1; WOW64) AppleWebKit/537.36 (KHTML, like Gecko) Chrome/27.0.1453.94 Safari/537.36', '1369986455', 'a:6:{s:8:\"username\";s:7:\"adriant\";s:5:\"email\";s:29:\"myseconddigitalmail@yahoo.com\";s:2:\"id\";s:1:\"1\";s:7:\"user_id\";s:1:\"1\";s:8:\"group_id\";s:1:\"1\";s:5:\"group\";s:5:\"admin\";}');
INSERT INTO `default_ci_sessions` VALUES ('81dba054de90d9cd73b8e2eccfee05f2', '127.0.0.1', 'Mozilla/5.0 (Windows NT 6.1; WOW64) AppleWebKit/537.36 (KHTML, like Gecko) Chrome/27.0.1453.94 Safari/537.36', '1369906411', 'a:1:{s:17:\"flash:old:success\";s:25:\"You have been logged out.\";}');
INSERT INTO `default_ci_sessions` VALUES ('1d74066cbce969968fb0c7eab22d8f22', '127.0.0.1', 'Mozilla/5.0 (Windows NT 6.1; WOW64; rv:21.0) Gecko/20100101 Firefox/21.0', '1369986880', '');
INSERT INTO `default_ci_sessions` VALUES ('56d7d62da4c1f5cbf2aa7b93cc743793', '127.0.0.1', 'Mozilla/5.0 (Windows NT 6.1; WOW64; rv:21.0) Gecko/20100101 Firefox/21.0', '1370247714', 'a:1:{s:17:\"flash:old:success\";s:25:\"You have been logged out.\";}');
INSERT INTO `default_ci_sessions` VALUES ('09ba6e6cceff284dfcacaa4f9c420e70', '127.0.0.1', 'Mozilla/5.0 (Windows NT 6.1; WOW64; rv:21.0) Gecko/20100101 Firefox/21.0', '1370335320', 'a:1:{s:17:\"flash:old:success\";s:25:\"You have been logged out.\";}');
INSERT INTO `default_ci_sessions` VALUES ('3e81f7f66e54b9015a48172b74eba4db', '127.0.0.1', 'Mozilla/5.0 (Windows NT 6.1; WOW64; rv:21.0) Gecko/20100101 Firefox/21.0', '1370396109', '');
INSERT INTO `default_ci_sessions` VALUES ('d58821781835b60aee1540a3ba581cdd', '127.0.0.1', 'Mozilla/5.0 (Windows NT 6.1; WOW64) AppleWebKit/537.36 (KHTML, like Gecko) Chrome/27.0.1453.94 Safari/537.36', '1370333989', '');
INSERT INTO `default_ci_sessions` VALUES ('7eea15f2599d440139df547f88a84e28', '192.168.20.123', 'Mozilla/5.0 (iPad; CPU OS 6_1_3 like Mac OS X) AppleWebKit/536.26 (KHTML, like Gecko) Version/6.0 Mobile/10B329 Safari/8', '1370402339', '');
INSERT INTO `default_ci_sessions` VALUES ('2f91bc5c77e8d88624b5a7312f000a5d', '192.168.20.123', 'Mozilla/5.0 (iPad; CPU OS 6_1_3 like Mac OS X) AppleWebKit/536.26 (KHTML, like Gecko) Version/6.0 Mobile/10B329 Safari/8', '1370402339', '');
INSERT INTO `default_ci_sessions` VALUES ('b1e9f58942f472bd63a5434482688ad2', '127.0.0.1', 'Mozilla/5.0 (Windows NT 6.1; WOW64; rv:21.0) Gecko/20100101 Firefox/21.0', '1370997332', 'a:6:{s:8:\"username\";s:7:\"adriant\";s:5:\"email\";s:29:\"myseconddigitalmail@yahoo.com\";s:2:\"id\";s:1:\"1\";s:7:\"user_id\";s:1:\"1\";s:8:\"group_id\";s:1:\"1\";s:5:\"group\";s:5:\"admin\";}');
INSERT INTO `default_ci_sessions` VALUES ('280f23627ac76a79e1b9cda95ebdc13d', '127.0.0.1', 'Mozilla/5.0 (Windows NT 6.1; WOW64; rv:21.0) Gecko/20100101 Firefox/21.0', '1371000420', '');
INSERT INTO `default_ci_sessions` VALUES ('07cec9b5d02aa6a9fe4cf6bdd2ba5b3c', '127.0.0.1', 'Mozilla/5.0 (Windows NT 6.1; WOW64; rv:21.0) Gecko/20100101 Firefox/21.0', '1371032378', 'a:1:{s:17:\"flash:old:success\";s:25:\"You have been logged out.\";}');
INSERT INTO `default_ci_sessions` VALUES ('f7a724387ef039d02f5ce50d87024646', '127.0.0.1', 'Mozilla/5.0 (Windows NT 6.1; WOW64; rv:21.0) Gecko/20100101 Firefox/21.0', '1371112912', 'a:6:{s:8:\"username\";s:7:\"adriant\";s:5:\"email\";s:29:\"myseconddigitalmail@yahoo.com\";s:2:\"id\";s:1:\"1\";s:7:\"user_id\";s:1:\"1\";s:8:\"group_id\";s:1:\"1\";s:5:\"group\";s:5:\"admin\";}');
INSERT INTO `default_ci_sessions` VALUES ('2d15f3c8070c0033368927c4d3c00383', '192.168.21.58', 'Mozilla/5.0 (iPad; CPU OS 6_1_3 like Mac OS X) AppleWebKit/536.26 (KHTML, like Gecko) CriOS/26.0.1410.53 Mobile/10B329 S', '1371089520', '');
INSERT INTO `default_ci_sessions` VALUES ('73b9c2df71f9f0c80876751379d9c22b', '192.168.21.58', 'Mozilla/5.0 (Macintosh; Intel Mac OS X 10_7_3) AppleWebKit/534.53.11 (KHTML, like Gecko) Version/5.1.3 Safari/534.53.10', '1371202755', '');
INSERT INTO `default_ci_sessions` VALUES ('67862d2a6022304a734a59feff13b64b', '127.0.0.1', 'Mozilla/5.0 (Windows NT 6.1; WOW64; rv:21.0) Gecko/20100101 Firefox/21.0', '1371199806', 'a:1:{s:17:\"flash:old:success\";s:25:\"You have been logged out.\";}');
INSERT INTO `default_ci_sessions` VALUES ('5cc8b6518e616115c2ddbdc01243146c', '127.0.0.1', 'Mozilla/5.0 (Windows NT 6.1; WOW64; rv:21.0) Gecko/20100101 Firefox/21.0', '1371202932', '');
INSERT INTO `default_ci_sessions` VALUES ('31d916c3a3bfdabe1a3d3f13f02055ef', '127.0.0.1', 'Mozilla/5.0 (Windows NT 6.1; WOW64) AppleWebKit/537.36 (KHTML, like Gecko) Chrome/27.0.1453.110 Safari/537.36', '1371199193', '');
INSERT INTO `default_ci_sessions` VALUES ('e82efeda6402ce00cf9e384168320858', '127.0.0.1', 'Mozilla/5.0 (Windows NT 6.1; WOW64; rv:21.0) Gecko/20100101 Firefox/21.0', '1371457936', 'a:6:{s:8:\"username\";s:7:\"adriant\";s:5:\"email\";s:29:\"myseconddigitalmail@yahoo.com\";s:2:\"id\";s:1:\"1\";s:7:\"user_id\";s:1:\"1\";s:8:\"group_id\";s:1:\"1\";s:5:\"group\";s:5:\"admin\";}');
INSERT INTO `default_ci_sessions` VALUES ('4efbd6f49b0c7a4d8f146a7c22b26ce6', '192.168.21.58', 'Mozilla/5.0 (iPad; CPU OS 6_1_3 like Mac OS X) AppleWebKit/536.26 (KHTML, like Gecko) CriOS/26.0.1410.53 Mobile/10B329 S', '1371436894', '');
INSERT INTO `default_ci_sessions` VALUES ('7899a6f7059905fa190e78c18a6e6a1d', '127.0.0.1', 'Mozilla/5.0 (Windows NT 6.1; WOW64; rv:21.0) Gecko/20100101 Firefox/21.0', '1371543750', 'a:5:{s:5:\"email\";s:29:\"myseconddigitalmail@yahoo.com\";s:2:\"id\";s:1:\"1\";s:7:\"user_id\";s:1:\"1\";s:8:\"group_id\";s:1:\"1\";s:5:\"group\";s:5:\"admin\";}');
INSERT INTO `default_ci_sessions` VALUES ('30a101c29d91dbc5c0cbf9845447eca9', '127.0.0.1', 'Mozilla/5.0 (Windows NT 6.1; WOW64) AppleWebKit/537.36 (KHTML, like Gecko) Chrome/27.0.1453.110 Safari/537.36', '1371539876', 'a:6:{s:8:\"username\";s:7:\"rachmat\";s:5:\"email\";s:24:\"rachmat.web@cepat.net.id\";s:2:\"id\";s:1:\"2\";s:7:\"user_id\";s:1:\"2\";s:8:\"group_id\";s:1:\"1\";s:5:\"group\";s:5:\"admin\";}');
INSERT INTO `default_ci_sessions` VALUES ('b57c18ea1898d210a3600133c6fc39af', '127.0.0.1', 'Mozilla/5.0 (Windows NT 6.1) AppleWebKit/537.36 (KHTML, like Gecko) Chrome/27.0.1453.110 Safari/537.36', '1371561134', 'a:6:{s:8:\"username\";s:7:\"adriant\";s:5:\"email\";s:29:\"myseconddigitalmail@yahoo.com\";s:2:\"id\";s:1:\"1\";s:7:\"user_id\";s:1:\"1\";s:8:\"group_id\";s:1:\"1\";s:5:\"group\";s:5:\"admin\";}');
INSERT INTO `default_ci_sessions` VALUES ('5075331ab0e3cd0df0c679fd3ee2fbb3', '127.0.0.1', 'Mozilla/5.0 (Windows NT 6.1; rv:21.0) Gecko/20100101 Firefox/21.0', '1371596055', 'a:1:{s:17:\"flash:old:success\";s:25:\"You have been logged out.\";}');
INSERT INTO `default_ci_sessions` VALUES ('8a65749d4a86c82bd9613886ace501a0', '127.0.0.1', 'Mozilla/5.0 (Windows NT 6.1; WOW64; rv:21.0) Gecko/20100101 Firefox/21.0', '1371632936', 'a:6:{s:8:\"username\";s:7:\"adriant\";s:5:\"email\";s:29:\"myseconddigitalmail@yahoo.com\";s:2:\"id\";s:1:\"1\";s:7:\"user_id\";s:1:\"1\";s:8:\"group_id\";s:1:\"1\";s:5:\"group\";s:5:\"admin\";}');
INSERT INTO `default_ci_sessions` VALUES ('3484a8b01f507d4989ff1cb5dfa138f8', '127.0.0.1', 'Mozilla/5.0 (Windows NT 6.1; WOW64) AppleWebKit/537.36 (KHTML, like Gecko) Chrome/27.0.1453.110 Safari/537.36', '1371620140', 'a:6:{s:8:\"username\";s:7:\"rachmat\";s:5:\"email\";s:24:\"rachmat.web@cepat.net.id\";s:2:\"id\";s:1:\"2\";s:7:\"user_id\";s:1:\"2\";s:8:\"group_id\";s:1:\"1\";s:5:\"group\";s:5:\"admin\";}');
INSERT INTO `default_ci_sessions` VALUES ('72cffa2df7f4f839fb1e163cba2806db', '127.0.0.1', 'Mozilla/5.0 (Windows NT 6.1; WOW64) AppleWebKit/537.36 (KHTML, like Gecko) Chrome/27.0.1453.110 Safari/537.36', '1371631787', 'a:6:{s:8:\"username\";s:7:\"rachmat\";s:5:\"email\";s:24:\"rachmat.web@cepat.net.id\";s:2:\"id\";s:1:\"2\";s:7:\"user_id\";s:1:\"2\";s:8:\"group_id\";s:1:\"1\";s:5:\"group\";s:5:\"admin\";}');
INSERT INTO `default_ci_sessions` VALUES ('2aa5561ca4f2489e75fc2801bc183fb0', '127.0.0.1', 'Mozilla/5.0 (Windows NT 6.1; WOW64) AppleWebKit/537.36 (KHTML, like Gecko) Chrome/27.0.1453.110 Safari/537.36', '1371685419', 'a:5:{s:5:\"email\";s:24:\"rachmat.web@cepat.net.id\";s:2:\"id\";s:1:\"2\";s:7:\"user_id\";s:1:\"2\";s:8:\"group_id\";s:1:\"1\";s:5:\"group\";s:5:\"admin\";}');
INSERT INTO `default_ci_sessions` VALUES ('565640f6ef4f2a9638c63206a2be5f97', '127.0.0.1', 'Mozilla/5.0 (Windows NT 6.1; WOW64; rv:21.0) Gecko/20100101 Firefox/21.0', '1371702719', 'a:5:{s:5:\"email\";s:29:\"myseconddigitalmail@yahoo.com\";s:2:\"id\";s:1:\"1\";s:7:\"user_id\";s:1:\"1\";s:8:\"group_id\";s:1:\"1\";s:5:\"group\";s:5:\"admin\";}');
INSERT INTO `default_ci_sessions` VALUES ('7c8d88325decfb0e6dccca9b30d4d47f', '127.0.0.1', 'Mozilla/5.0 (Windows NT 6.1; WOW64; rv:21.0) Gecko/20100101 Firefox/21.0', '1371722138', 'a:1:{s:17:\"flash:old:success\";s:25:\"You have been logged out.\";}');
INSERT INTO `default_ci_sessions` VALUES ('d857048eddbfc9f54aa431b12f99eb09', '127.0.0.1', 'Mozilla/5.0 (Windows NT 6.1; rv:21.0) Gecko/20100101 Firefox/21.0', '1371733236', 'a:6:{s:8:\"username\";s:7:\"adriant\";s:5:\"email\";s:29:\"myseconddigitalmail@yahoo.com\";s:2:\"id\";s:1:\"1\";s:7:\"user_id\";s:1:\"1\";s:8:\"group_id\";s:1:\"1\";s:5:\"group\";s:5:\"admin\";}');
INSERT INTO `default_ci_sessions` VALUES ('e6c769d98544ab96141c9d62fae93192', '127.0.0.1', 'Mozilla/5.0 (Windows NT 6.1; WOW64; rv:21.0) Gecko/20100101 Firefox/21.0', '1371781347', 'a:6:{s:8:\"username\";s:7:\"adriant\";s:5:\"email\";s:29:\"myseconddigitalmail@yahoo.com\";s:2:\"id\";s:1:\"1\";s:7:\"user_id\";s:1:\"1\";s:8:\"group_id\";s:1:\"1\";s:5:\"group\";s:5:\"admin\";}');
INSERT INTO `default_ci_sessions` VALUES ('299d9d25c04af69f26d2db3d8286ed91', '127.0.0.1', 'Mozilla/5.0 (Windows NT 6.1; WOW64; rv:21.0) Gecko/20100101 Firefox/21.0', '1371793067', 'a:5:{s:5:\"email\";s:29:\"myseconddigitalmail@yahoo.com\";s:2:\"id\";s:1:\"1\";s:7:\"user_id\";s:1:\"1\";s:8:\"group_id\";s:1:\"1\";s:5:\"group\";s:5:\"admin\";}');
INSERT INTO `default_ci_sessions` VALUES ('aedb5ded648fbed5f235fb5c02243918', '127.0.0.1', 'Mozilla/5.0 (Windows NT 6.1; WOW64; rv:21.0) Gecko/20100101 Firefox/21.0', '1371806171', 'a:1:{s:17:\"flash:old:success\";s:25:\"You have been logged out.\";}');
INSERT INTO `default_ci_sessions` VALUES ('fb3bbaf190e4b811e025f2f1f9bff935', '127.0.0.1', 'Mozilla/5.0 (Windows NT 6.1; rv:21.0) Gecko/20100101 Firefox/21.0', '1371861532', 'a:6:{s:8:\"username\";s:7:\"adriant\";s:5:\"email\";s:29:\"myseconddigitalmail@yahoo.com\";s:2:\"id\";s:1:\"1\";s:7:\"user_id\";s:1:\"1\";s:8:\"group_id\";s:1:\"1\";s:5:\"group\";s:5:\"admin\";}');
INSERT INTO `default_data_field_assignments` VALUES ('1', '1', '1', '1', 'yes', 'no', null, null);
INSERT INTO `default_data_field_assignments` VALUES ('2', '1', '2', '2', 'no', 'no', null, null);
INSERT INTO `default_data_field_assignments` VALUES ('3', '1', '3', '3', 'yes', 'no', null, null);
INSERT INTO `default_data_field_assignments` VALUES ('4', '2', '3', '4', 'yes', 'no', null, null);
INSERT INTO `default_data_field_assignments` VALUES ('5', '3', '3', '5', 'no', 'no', null, null);
INSERT INTO `default_data_field_assignments` VALUES ('6', '4', '3', '6', 'no', 'no', null, null);
INSERT INTO `default_data_field_assignments` VALUES ('7', '5', '3', '7', 'no', 'no', null, null);
INSERT INTO `default_data_field_assignments` VALUES ('8', '6', '3', '8', 'no', 'no', null, null);
INSERT INTO `default_data_field_assignments` VALUES ('9', '7', '3', '9', 'no', 'no', null, null);
INSERT INTO `default_data_field_assignments` VALUES ('10', '8', '3', '10', 'no', 'no', null, null);
INSERT INTO `default_data_field_assignments` VALUES ('11', '9', '3', '11', 'no', 'no', null, null);
INSERT INTO `default_data_field_assignments` VALUES ('12', '10', '3', '12', 'no', 'no', null, null);
INSERT INTO `default_data_field_assignments` VALUES ('13', '11', '3', '13', 'no', 'no', null, null);
INSERT INTO `default_data_field_assignments` VALUES ('14', '12', '3', '14', 'no', 'no', null, null);
INSERT INTO `default_data_field_assignments` VALUES ('15', '13', '3', '15', 'no', 'no', null, null);
INSERT INTO `default_data_field_assignments` VALUES ('16', '14', '3', '16', 'no', 'no', null, null);
INSERT INTO `default_data_fields` VALUES ('1', 'lang:blog:intro_label', 'intro', 'blogs', 'wysiwyg', 0x613A323A7B733A31313A22656469746F725F74797065223B733A363A2273696D706C65223B733A31303A22616C6C6F775F74616773223B733A313A2279223B7D, null, 'no');
INSERT INTO `default_data_fields` VALUES ('2', 'lang:pages:body_label', 'body', 'pages', 'wysiwyg', 0x613A323A7B733A31313A22656469746F725F74797065223B733A383A22616476616E636564223B733A31303A22616C6C6F775F74616773223B733A313A2279223B7D, null, 'no');
INSERT INTO `default_data_fields` VALUES ('3', 'lang:user:first_name_label', 'first_name', 'users', 'text', 0x613A323A7B733A31303A226D61785F6C656E677468223B693A35303B733A31333A2264656661756C745F76616C7565223B4E3B7D, null, 'no');
INSERT INTO `default_data_fields` VALUES ('4', 'lang:user:last_name_label', 'last_name', 'users', 'text', 0x613A323A7B733A31303A226D61785F6C656E677468223B693A35303B733A31333A2264656661756C745F76616C7565223B4E3B7D, null, 'no');
INSERT INTO `default_data_fields` VALUES ('5', 'lang:profile_company', 'company', 'users', 'text', 0x613A323A7B733A31303A226D61785F6C656E677468223B693A3130303B733A31333A2264656661756C745F76616C7565223B4E3B7D, null, 'no');
INSERT INTO `default_data_fields` VALUES ('6', 'lang:profile_bio', 'bio', 'users', 'textarea', 0x613A333A7B733A31323A2264656661756C745F74657874223B4E3B733A31303A22616C6C6F775F74616773223B4E3B733A31323A22636F6E74656E745F74797065223B4E3B7D, null, 'no');
INSERT INTO `default_data_fields` VALUES ('7', 'lang:user:lang', 'lang', 'users', 'pyro_lang', 0x613A313A7B733A31323A2266696C7465725F7468656D65223B733A333A22796573223B7D, null, 'no');
INSERT INTO `default_data_fields` VALUES ('8', 'lang:profile_dob', 'dob', 'users', 'datetime', 0x613A353A7B733A383A227573655F74696D65223B733A323A226E6F223B733A31303A2273746172745F64617465223B733A353A222D31303059223B733A383A22656E645F64617465223B4E3B733A373A2273746F72616765223B733A343A22756E6978223B733A31303A22696E7075745F74797065223B733A383A2264726F70646F776E223B7D, null, 'no');
INSERT INTO `default_data_fields` VALUES ('9', 'lang:profile_gender', 'gender', 'users', 'choice', 0x613A353A7B733A31313A2263686F6963655F64617461223B733A33343A22203A204E6F742054656C6C696E670A6D203A204D616C650A66203A2046656D616C65223B733A31313A2263686F6963655F74797065223B733A383A2264726F70646F776E223B733A31333A2264656661756C745F76616C7565223B4E3B733A31313A226D696E5F63686F69636573223B4E3B733A31313A226D61785F63686F69636573223B4E3B7D, null, 'no');
INSERT INTO `default_data_fields` VALUES ('10', 'lang:profile_phone', 'phone', 'users', 'text', 0x613A323A7B733A31303A226D61785F6C656E677468223B693A32303B733A31333A2264656661756C745F76616C7565223B4E3B7D, null, 'no');
INSERT INTO `default_data_fields` VALUES ('11', 'lang:profile_mobile', 'mobile', 'users', 'text', 0x613A323A7B733A31303A226D61785F6C656E677468223B693A32303B733A31333A2264656661756C745F76616C7565223B4E3B7D, null, 'no');
INSERT INTO `default_data_fields` VALUES ('12', 'lang:profile_address_line1', 'address_line1', 'users', 'text', 0x613A323A7B733A31303A226D61785F6C656E677468223B4E3B733A31333A2264656661756C745F76616C7565223B4E3B7D, null, 'no');
INSERT INTO `default_data_fields` VALUES ('13', 'lang:profile_address_line2', 'address_line2', 'users', 'text', 0x613A323A7B733A31303A226D61785F6C656E677468223B4E3B733A31333A2264656661756C745F76616C7565223B4E3B7D, null, 'no');
INSERT INTO `default_data_fields` VALUES ('14', 'lang:profile_address_line3', 'address_line3', 'users', 'text', 0x613A323A7B733A31303A226D61785F6C656E677468223B4E3B733A31333A2264656661756C745F76616C7565223B4E3B7D, null, 'no');
INSERT INTO `default_data_fields` VALUES ('15', 'lang:profile_address_postcode', 'postcode', 'users', 'text', 0x613A323A7B733A31303A226D61785F6C656E677468223B693A32303B733A31333A2264656661756C745F76616C7565223B4E3B7D, null, 'no');
INSERT INTO `default_data_fields` VALUES ('16', 'lang:profile_website', 'website', 'users', 'url', null, null, 'no');
INSERT INTO `default_data_streams` VALUES ('1', 'lang:blog:blog_title', 'blog', 'blogs', null, null, 0x613A323A7B693A303B733A323A226964223B693A313B733A373A2263726561746564223B7D, null, 'title', null, 'no', null);
INSERT INTO `default_data_streams` VALUES ('2', 'Default', 'def_page_fields', 'pages', null, 'A simple page type with a WYSIWYG editor that will get you started adding content.', 0x613A323A7B693A303B733A323A226964223B693A313B733A373A2263726561746564223B7D, null, 'title', null, 'no', null);
INSERT INTO `default_data_streams` VALUES ('3', 'lang:user_profile_fields_label', 'profiles', 'users', null, 'Profiles for users module', 0x613A313A7B693A303B733A31323A22646973706C61795F6E616D65223B7D, 'display_name', 'title', null, 'no', null);
INSERT INTO `default_def_page_fields` VALUES ('1', '2013-05-29 08:21:00', null, '1', null, '<p>Welcome to our homepage. We have not quite finished setting up our website yet, but please add us to your bookmarks and come back soon.</p>');
INSERT INTO `default_def_page_fields` VALUES ('2', '2013-05-29 08:21:00', null, '1', null, '<p>To contact us please fill out the form below.</p>\n				{{ contact:form name=\"text|required\" email=\"text|required|valid_email\" subject=\"dropdown|Support|Sales|Feedback|Other\" message=\"textarea\" attachment=\"file|zip\" }}\n					<div><label for=\"name\">Name:</label>{{ name }}</div>\n					<div><label for=\"email\">Email:</label>{{ email }}</div>\n					<div><label for=\"subject\">Subject:</label>{{ subject }}</div>\n					<div><label for=\"message\">Message:</label>{{ message }}</div>\n					<div><label for=\"attachment\">Attach  a zip file:</label>{{ attachment }}</div>\n				{{ /contact:form }}');
INSERT INTO `default_def_page_fields` VALUES ('3', '2013-05-29 08:21:00', null, '1', null, '{{ search:form class=\"search-form\" }} \n		<input name=\"q\" placeholder=\"Search terms...\" />\n	{{ /search:form }}');
INSERT INTO `default_def_page_fields` VALUES ('4', '2013-05-29 08:21:00', null, '1', null, '{{ search:form class=\"search-form\" }} \n		<input name=\"q\" placeholder=\"Search terms...\" />\n	{{ /search:form }}\n\n{{ search:results }}\n\n	{{ total }} results for \"{{ query }}\".\n\n	<hr />\n\n	{{ entries }}\n\n		<article>\n			<h4>{{ singular }}: <a href=\"{{ url }}\">{{ title }}</a></h4>\n			<p>{{ description }}</p>\n		</article>\n\n	{{ /entries }}\n\n        {{ pagination }}\n\n{{ /search:results }}');
INSERT INTO `default_def_page_fields` VALUES ('5', '2013-05-29 08:21:00', null, '1', null, '<p>We cannot find the page you are looking for, please click <a title=\"Home\" href=\"{{ pages:url id=\'1\' }}\">here</a> to go to the homepage.</p>');
INSERT INTO `default_email_templates` VALUES ('1', 'comments', 'Comment Notification', 'Email that is sent to admin when someone creates a comment', 'You have just received a comment from {{ name }}', '<h3>You have received a comment from {{ name }}</h3>\n				<p>\n				<strong>IP Address: {{ sender_ip }}</strong><br/>\n				<strong>Operating System: {{ sender_os }}<br/>\n				<strong>User Agent: {{ sender_agent }}</strong>\n				</p>\n				<p>{{ comment }}</p>\n				<p>View Comment: {{ redirect_url }}</p>', 'en', '1', 'comments');
INSERT INTO `default_email_templates` VALUES ('2', 'contact', 'Contact Notification', 'Template for the contact form', '{{ settings:site_name }} :: {{ subject }}', 'This message was sent via the contact form on with the following details:\n				<hr />\n				IP Address: {{ sender_ip }}\n				OS {{ sender_os }}\n				Agent {{ sender_agent }}\n				<hr />\n				{{ message }}\n\n				{{ name }},\n\n				{{ email }}', 'en', '1', 'pages');
INSERT INTO `default_email_templates` VALUES ('3', 'registered', 'New User Registered', 'Email sent to the site contact e-mail when a new user registers', '{{ settings:site_name }} :: You have just received a registration from {{ name }}', '<h3>You have received a registration from {{ name }}</h3>\n				<p><strong>IP Address: {{ sender_ip }}</strong><br/>\n				<strong>Operating System: {{ sender_os }}</strong><br/>\n				<strong>User Agent: {{ sender_agent }}</strong>\n				</p>', 'en', '1', 'users');
INSERT INTO `default_email_templates` VALUES ('4', 'activation', 'Activation Email', 'The email which contains the activation code that is sent to a new user', '{{ settings:site_name }} - Account Activation', '<p>Hello {{ user:first_name }},</p>\n				<p>Thank you for registering at {{ settings:site_name }}. Before we can activate your account, please complete the registration process by clicking on the following link:</p>\n				<p><a href=\"{{ url:site }}users/activate/{{ user:id }}/{{ activation_code }}\">{{ url:site }}users/activate/{{ user:id }}/{{ activation_code }}</a></p>\n				<p>&nbsp;</p>\n				<p>In case your email program does not recognize the above link as, please direct your browser to the following URL and enter the activation code:</p>\n				<p><a href=\"{{ url:site }}users/activate\">{{ url:site }}users/activate</a></p>\n				<p><strong>Activation Code:</strong> {{ activation_code }}</p>', 'en', '1', 'users');
INSERT INTO `default_email_templates` VALUES ('5', 'forgotten_password', 'Forgotten Password Email', 'The email that is sent containing a password reset code', '{{ settings:site_name }} - Forgotten Password', '<p>Hello {{ user:first_name }},</p>\n				<p>It seems you have requested a password reset. Please click this link to complete the reset: <a href=\"{{ url:site }}users/reset_pass/{{ user:forgotten_password_code }}\">{{ url:site }}users/reset_pass/{{ user:forgotten_password_code }}</a></p>\n				<p>If you did not request a password reset please disregard this message. No further action is necessary.</p>', 'en', '1', 'users');
INSERT INTO `default_email_templates` VALUES ('6', 'new_password', 'New Password Email', 'After a password is reset this email is sent containing the new password', '{{ settings:site_name }} - New Password', '<p>Hello {{ user:first_name }},</p>\n				<p>Your new password is: {{ new_password }}</p>\n				<p>After logging in you may change your password by visiting <a href=\"{{ url:site }}edit-profile\">{{ url:site }}edit-profile</a></p>', 'en', '1', 'users');
INSERT INTO `default_groups` VALUES ('1', 'admin', 'Administrator');
INSERT INTO `default_groups` VALUES ('2', 'user', 'User');
INSERT INTO `default_inn_epg_show_detail` VALUES ('1', '0', '0', 'One Plate At A Time 3; Ep 2', '2013-01-06', '00:00:00', '00:30:00', '', '', '0', '');
INSERT INTO `default_inn_epg_show_detail` VALUES ('2', '0', '0', 'After Hours; Daniel 3; Ep 7', '2013-01-06', '00:30:00', '00:30:00', '', '', '0', '');
INSERT INTO `default_inn_epg_show_detail` VALUES ('3', '0', '0', 'Yuk Buat Roti; Ep 6', '2013-01-06', '01:00:00', '00:30:00', '', '', '0', '');
INSERT INTO `default_inn_epg_show_detail` VALUES ('4', '0', '0', 'Yuk Buat Roti; Ep 7', '2013-01-06', '01:30:00', '00:30:00', '', '', '0', '');
INSERT INTO `default_inn_epg_show_detail` VALUES ('5', '0', '0', 'Food Glorious Food 3; Ep 12', '2013-01-06', '02:00:00', '00:30:00', '', '', '0', '');
INSERT INTO `default_inn_epg_show_detail` VALUES ('6', '0', '0', 'Chef At Home 5; Ep 4', '2013-01-06', '02:30:00', '00:30:00', '', '', '0', '');
INSERT INTO `default_inn_epg_show_detail` VALUES ('7', '0', '0', 'Dosanko Cooking; Ep 13', '2013-01-06', '03:00:00', '00:30:00', '', '', '0', '');
INSERT INTO `default_inn_epg_show_detail` VALUES ('8', '0', '0', 'Chef Series: Da Bing; Ep 13', '2013-01-06', '03:30:00', '00:30:00', '', '', '0', '');
INSERT INTO `default_inn_epg_show_detail` VALUES ('9', '0', '0', 'Sugar 2; Ep 22', '2013-01-06', '04:00:00', '00:30:00', '', '', '0', '');
INSERT INTO `default_inn_epg_show_detail` VALUES ('10', '0', '0', 'Daily Cooks; Ep 18', '2013-01-06', '04:30:00', '00:30:00', '', '', '0', '');
INSERT INTO `default_inn_epg_show_detail` VALUES ('11', '0', '0', 'Cook Like A Chef 4; Ep 15', '2013-01-06', '05:00:00', '00:30:00', '', '', '0', '');
INSERT INTO `default_inn_epg_show_detail` VALUES ('12', '0', '0', 'Sugar 2; Ep 23', '2013-01-06', '05:30:00', '00:30:00', '', '', '0', '');
INSERT INTO `default_inn_epg_show_detail` VALUES ('13', '0', '0', 'Rude Boy Food 1; Ep 9', '2013-01-06', '06:00:00', '00:30:00', '', '', '0', '');
INSERT INTO `default_inn_epg_show_detail` VALUES ('14', '0', '0', 'Scandinavian Cooking; Ep 6', '2013-01-06', '06:30:00', '00:30:00', '', '', '0', '');
INSERT INTO `default_inn_epg_show_detail` VALUES ('15', '0', '0', 'Opening: Bestellen; Ep 1', '2013-01-06', '07:00:00', '00:30:00', '', '', '0', '');
INSERT INTO `default_inn_epg_show_detail` VALUES ('16', '0', '0', 'One Plate At A Time 3; Ep 2', '2013-01-06', '07:30:00', '00:30:00', '', '', '0', '');
INSERT INTO `default_inn_epg_show_detail` VALUES ('17', '0', '0', 'Food Fighters; Ep 2', '2013-01-06', '08:00:00', '01:00:00', '', '', '0', '');
INSERT INTO `default_inn_epg_show_detail` VALUES ('18', '0', '0', 'Big Fat Reality 1; Ep 1', '2013-01-06', '09:00:00', '01:00:00', '', '', '0', '');
INSERT INTO `default_inn_epg_show_detail` VALUES ('19', '0', '0', 'Paul & Nick\'s Big Food; Ep 7', '2013-01-06', '10:00:00', '00:30:00', '', '', '0', '');
INSERT INTO `default_inn_epg_show_detail` VALUES ('20', '0', '0', 'Instant Chef 1; Ep 9', '2013-01-06', '10:30:00', '00:30:00', '', '', '0', '');
INSERT INTO `default_inn_epg_show_detail` VALUES ('21', '0', '0', 'Makan Angin 1; Ep 3', '2013-01-06', '11:00:00', '00:30:00', '', '', '0', '');
INSERT INTO `default_inn_epg_show_detail` VALUES ('22', '0', '0', 'A La Chef; Farah Quinn; Ep 9', '2013-01-06', '11:30:00', '00:30:00', '', '', '0', '');
INSERT INTO `default_inn_epg_show_detail` VALUES ('23', '0', '0', '5 Rencah 5 Rasa 2; Ep 8', '2013-01-06', '12:00:00', '00:30:00', '', '', '0', '');
INSERT INTO `default_inn_epg_show_detail` VALUES ('24', '0', '0', 'Best In The World; Ep 4', '2013-01-06', '12:30:00', '00:30:00', '', '', '0', '');
INSERT INTO `default_inn_epg_show_detail` VALUES ('25', '0', '0', 'Bake With Anna Olson 3; Ep 2', '2013-01-06', '13:00:00', '00:30:00', '', '', '0', '');
INSERT INTO `default_inn_epg_show_detail` VALUES ('26', '0', '0', 'James & Thom\'s Pizza; Ep 3', '2013-01-06', '13:30:00', '00:30:00', '', '', '0', '');
INSERT INTO `default_inn_epg_show_detail` VALUES ('27', '0', '0', 'Secret Meat Business; Ep 2', '2013-01-06', '14:00:00', '00:30:00', '', '', '0', '');
INSERT INTO `default_inn_epg_show_detail` VALUES ('28', '0', '0', 'After Hours; Daniel 3; Ep 7', '2013-01-06', '14:30:00', '00:30:00', '', '', '0', '');
INSERT INTO `default_inn_epg_show_detail` VALUES ('29', '0', '0', 'Conviction Kitchen 1; Ep 1', '2013-01-06', '15:00:00', '01:00:00', '', '', '0', '');
INSERT INTO `default_inn_epg_show_detail` VALUES ('30', '0', '0', 'Iron Chef; Ep 17', '2013-01-06', '16:00:00', '01:00:00', '', '', '0', '');
INSERT INTO `default_inn_epg_show_detail` VALUES ('31', '0', '0', 'Big Fat Reality 1; Ep 1', '2013-01-06', '17:00:00', '01:00:00', '', '', '0', '');
INSERT INTO `default_inn_epg_show_detail` VALUES ('32', '0', '0', 'Drive Thru Australia 1; Ep 9', '2013-01-06', '18:00:00', '00:30:00', '', '', '0', '');
INSERT INTO `default_inn_epg_show_detail` VALUES ('33', '0', '0', 'From Spain With Love 1; Ep 9', '2013-01-06', '18:30:00', '00:30:00', '', '', '0', '');
INSERT INTO `default_inn_epg_show_detail` VALUES ('34', '0', '0', 'Bake With Anna Olson 3; Ep 2', '2013-01-06', '19:00:00', '00:30:00', '', '', '0', '');
INSERT INTO `default_inn_epg_show_detail` VALUES ('35', '0', '0', 'Pitchin In 3; Ep 10', '2013-01-06', '19:30:00', '00:30:00', '', '', '0', '');
INSERT INTO `default_inn_epg_show_detail` VALUES ('36', '0', '0', 'Secret Meat Business; Ep 2', '2013-01-06', '20:00:00', '00:30:00', '', '', '0', '');
INSERT INTO `default_inn_epg_show_detail` VALUES ('37', '0', '0', 'James & Thom\'s Pizza; Ep 3', '2013-01-06', '20:30:00', '00:30:00', '', '', '0', '');
INSERT INTO `default_inn_epg_show_detail` VALUES ('38', '0', '0', 'The Big Break; Ep 8', '2013-01-06', '21:00:00', '00:30:00', '', '', '0', '');
INSERT INTO `default_inn_epg_show_detail` VALUES ('39', '0', '0', 'The Big Break; Ep 9', '2013-01-06', '21:30:00', '00:30:00', '', '', '0', '');
INSERT INTO `default_inn_epg_show_detail` VALUES ('40', '0', '0', 'Iron Chef; Ep 17', '2013-01-06', '22:00:00', '01:00:00', '', '', '0', '');
INSERT INTO `default_inn_epg_show_detail` VALUES ('41', '0', '0', 'Rude Boy Food 1; Ep 9', '2013-01-06', '23:00:00', '00:30:00', '', '', '0', '');
INSERT INTO `default_inn_epg_show_detail` VALUES ('42', '0', '0', 'Scandinavian Cooking; Ep 6', '2013-01-06', '23:30:00', '00:30:00', '', '', '0', '');
INSERT INTO `default_inn_epg_show_detail` VALUES ('43', '0', '0', 'After Hours; Daniel 3; Ep 7', '2013-02-06', '00:00:00', '00:30:00', '', '', '0', '');
INSERT INTO `default_inn_epg_show_detail` VALUES ('44', '0', '0', 'Forever Summer; Nigella; Ep 5', '2013-02-06', '00:30:00', '00:30:00', '', '', '0', '');
INSERT INTO `default_inn_epg_show_detail` VALUES ('45', '0', '0', 'River Cottage Everyday; Ep 6', '2013-02-06', '01:00:00', '01:00:00', '', '', '0', '');
INSERT INTO `default_inn_epg_show_detail` VALUES ('46', '0', '0', 'One Plate At A Time 3; Ep 2', '2013-02-06', '02:00:00', '00:30:00', '', '', '0', '');
INSERT INTO `default_inn_epg_show_detail` VALUES ('47', '0', '0', 'Opening: Bestellen; Ep 1', '2013-02-06', '02:30:00', '00:30:00', '', '', '0', '');
INSERT INTO `default_inn_epg_show_detail` VALUES ('48', '0', '0', 'Food Jammers 2; Ep 5', '2013-02-06', '03:00:00', '00:30:00', '', '', '0', '');
INSERT INTO `default_inn_epg_show_detail` VALUES ('49', '0', '0', 'Food Jammers 2; Ep 6', '2013-02-06', '03:30:00', '00:30:00', '', '', '0', '');
INSERT INTO `default_inn_epg_show_detail` VALUES ('50', '0', '0', 'Sugar 2; Ep 23', '2013-02-06', '04:00:00', '00:30:00', '', '', '0', '');
INSERT INTO `default_inn_epg_show_detail` VALUES ('51', '0', '0', 'Daily Cooks; Ep 19', '2013-02-06', '04:30:00', '00:30:00', '', '', '0', '');
INSERT INTO `default_inn_epg_show_detail` VALUES ('52', '0', '0', 'Cook Like A Chef 4; Ep 16', '2013-02-06', '05:00:00', '00:30:00', '', '', '0', '');
INSERT INTO `default_inn_epg_show_detail` VALUES ('53', '0', '0', 'Sugar 2; Ep 24', '2013-02-06', '05:30:00', '00:30:00', '', '', '0', '');
INSERT INTO `default_inn_epg_show_detail` VALUES ('54', '0', '0', 'Drive Thru Australia 1; Ep 9', '2013-02-06', '06:00:00', '00:30:00', '', '', '0', '');
INSERT INTO `default_inn_epg_show_detail` VALUES ('55', '0', '0', 'From Spain With Love 1; Ep 9', '2013-02-06', '06:30:00', '00:30:00', '', '', '0', '');
INSERT INTO `default_inn_epg_show_detail` VALUES ('56', '0', '0', 'Chuck\'s Week Off; Ep 4', '2013-02-06', '07:00:00', '00:30:00', '', '', '0', '');
INSERT INTO `default_inn_epg_show_detail` VALUES ('57', '0', '0', 'Food Truck 1; Ep 1', '2013-02-06', '07:30:00', '00:30:00', '', '', '0', '');
INSERT INTO `default_inn_epg_show_detail` VALUES ('58', '0', '0', 'The Big Break; Ep 8', '2013-02-06', '08:00:00', '00:30:00', '', '', '0', '');
INSERT INTO `default_inn_epg_show_detail` VALUES ('59', '0', '0', 'The Big Break; Ep 9', '2013-02-06', '08:30:00', '00:30:00', '', '', '0', '');
INSERT INTO `default_inn_epg_show_detail` VALUES ('60', '0', '0', 'River Cottage Everyday; Ep 6', '2013-02-06', '09:00:00', '01:00:00', '', '', '0', '');
INSERT INTO `default_inn_epg_show_detail` VALUES ('61', '0', '0', 'Forever Summer; Nigella; Ep 5', '2013-02-06', '10:00:00', '00:30:00', '', '', '0', '');
INSERT INTO `default_inn_epg_show_detail` VALUES ('62', '0', '0', 'Bake With Anna Olson 3; Ep 2', '2013-02-06', '10:30:00', '00:30:00', '', '', '0', '');
INSERT INTO `default_inn_epg_show_detail` VALUES ('63', '0', '0', 'Iron Chef; Ep 17', '2013-02-06', '11:00:00', '01:00:00', '', '', '0', '');
INSERT INTO `default_inn_epg_show_detail` VALUES ('64', '0', '0', 'Big Fat Reality 1; Ep 1', '2013-02-06', '12:00:00', '01:00:00', '', '', '0', '');
INSERT INTO `default_inn_epg_show_detail` VALUES ('65', '0', '0', 'Paul & Nick\'s Big Food; Ep 7', '2013-02-06', '13:00:00', '00:30:00', '', '', '0', '');
INSERT INTO `default_inn_epg_show_detail` VALUES ('66', '0', '0', 'Chuck\'s Week Off; Ep 4', '2013-02-06', '13:30:00', '00:30:00', '', '', '0', '');
INSERT INTO `default_inn_epg_show_detail` VALUES ('67', '0', '0', 'River Cottage Everyday; Ep 6', '2013-02-06', '14:00:00', '01:00:00', '', '', '0', '');
INSERT INTO `default_inn_epg_show_detail` VALUES ('68', '0', '0', 'Rude Boy Food 1; Ep 9', '2013-02-06', '15:00:00', '00:30:00', '', '', '0', '');
INSERT INTO `default_inn_epg_show_detail` VALUES ('69', '0', '0', 'Scandinavian Cooking; Ep 6', '2013-02-06', '15:30:00', '00:30:00', '', '', '0', '');
INSERT INTO `default_inn_epg_show_detail` VALUES ('70', '0', '0', 'Food Fighters; Ep 2', '2013-02-06', '16:00:00', '01:00:00', '', '', '0', '');
INSERT INTO `default_inn_epg_show_detail` VALUES ('71', '0', '0', 'The Big Break; Ep 8', '2013-02-06', '17:00:00', '00:30:00', '', '', '0', '');
INSERT INTO `default_inn_epg_show_detail` VALUES ('72', '0', '0', 'The Big Break; Ep 9', '2013-02-06', '17:30:00', '00:30:00', '', '', '0', '');
INSERT INTO `default_inn_epg_show_detail` VALUES ('73', '0', '0', 'Makan Angin 1; Ep 3', '2013-02-06', '18:00:00', '00:30:00', '', '', '0', '');
INSERT INTO `default_inn_epg_show_detail` VALUES ('74', '0', '0', 'A La Chef; Farah Quinn; Ep 9', '2013-02-06', '18:30:00', '00:30:00', '', '', '0', '');
INSERT INTO `default_inn_epg_show_detail` VALUES ('75', '0', '0', '5 Rencah 5 Rasa 2; Ep 8', '2013-02-06', '19:00:00', '00:30:00', '', '', '0', '');
INSERT INTO `default_inn_epg_show_detail` VALUES ('76', '0', '0', 'Best In The World; Ep 4', '2013-02-06', '19:30:00', '00:30:00', '', '', '0', '');
INSERT INTO `default_inn_epg_show_detail` VALUES ('77', '0', '0', 'Big Fat Reality 1; Ep 1', '2013-02-06', '20:00:00', '01:00:00', '', '', '0', '');
INSERT INTO `default_inn_epg_show_detail` VALUES ('78', '0', '0', 'Paul & Nick\'s Big Food; Ep 7', '2013-02-06', '21:00:00', '00:30:00', '', '', '0', '');
INSERT INTO `default_inn_epg_show_detail` VALUES ('79', '0', '0', 'Chuck\'s Week Off; Ep 4', '2013-02-06', '21:30:00', '00:30:00', '', '', '0', '');
INSERT INTO `default_inn_epg_show_detail` VALUES ('80', '0', '0', 'River Cottage Everyday; Ep 6', '2013-02-06', '22:00:00', '01:00:00', '', '', '0', '');
INSERT INTO `default_inn_epg_show_detail` VALUES ('81', '0', '0', 'Drive Thru Australia 1; Ep 9', '2013-02-06', '23:00:00', '00:30:00', '', '', '0', '');
INSERT INTO `default_inn_epg_show_detail` VALUES ('82', '0', '0', 'From Spain With Love 1; Ep 9', '2013-02-06', '23:30:00', '00:30:00', '', '', '0', '');
INSERT INTO `default_inn_epg_show_detail` VALUES ('83', '0', '0', 'Bake With Anna Olson 3; Ep 2', '2013-03-06', '00:00:00', '00:30:00', '', '', '0', '');
INSERT INTO `default_inn_epg_show_detail` VALUES ('84', '0', '0', 'Secret Meat Business; Ep 2', '2013-03-06', '00:30:00', '00:30:00', '', '', '0', '');
INSERT INTO `default_inn_epg_show_detail` VALUES ('85', '0', '0', 'Food Fighters; Ep 2', '2013-03-06', '01:00:00', '01:00:00', '', '', '0', '');
INSERT INTO `default_inn_epg_show_detail` VALUES ('86', '0', '0', 'Conviction Kitchen 1; Ep 1', '2013-03-06', '02:00:00', '01:00:00', '', '', '0', '');
INSERT INTO `default_inn_epg_show_detail` VALUES ('87', '0', '0', 'Food Jammers 2; Ep 7', '2013-03-06', '03:00:00', '00:30:00', '', '', '0', '');
INSERT INTO `default_inn_epg_show_detail` VALUES ('88', '0', '0', 'Food Jammers 2; Ep 8', '2013-03-06', '03:30:00', '00:30:00', '', '', '0', '');
INSERT INTO `default_inn_epg_show_detail` VALUES ('89', '0', '0', 'Sugar 2; Ep 24', '2013-03-06', '04:00:00', '00:30:00', '', '', '0', '');
INSERT INTO `default_inn_epg_show_detail` VALUES ('90', '0', '0', 'Daily Cooks; Ep 20', '2013-03-06', '04:30:00', '00:30:00', '', '', '0', '');
INSERT INTO `default_inn_epg_show_detail` VALUES ('91', '0', '0', 'Cook Like A Chef 4; Ep 17', '2013-03-06', '05:00:00', '00:30:00', '', '', '0', '');
INSERT INTO `default_inn_epg_show_detail` VALUES ('92', '0', '0', 'Sugar 2; Ep 25', '2013-03-06', '05:30:00', '00:30:00', '', '', '0', '');
INSERT INTO `default_inn_epg_show_detail` VALUES ('93', '0', '0', 'Food Jammers 2; Ep 10', '2013-03-06', '06:00:00', '00:30:00', '', '', '0', '');
INSERT INTO `default_inn_epg_show_detail` VALUES ('94', '0', '0', 'Chef At Home 5; Ep 5', '2013-03-06', '06:30:00', '00:30:00', '', '', '0', '');
INSERT INTO `default_inn_epg_show_detail` VALUES ('95', '0', '0', 'Selera Asean 2; Ep 3', '2013-03-06', '07:00:00', '00:30:00', '', '', '0', '');
INSERT INTO `default_inn_epg_show_detail` VALUES ('96', '0', '0', 'Selera Asean 2; Ep 4', '2013-03-06', '07:30:00', '00:30:00', '', '', '0', '');
INSERT INTO `default_inn_epg_show_detail` VALUES ('97', '0', '0', 'Taste With Jason 6; Ep 11', '2013-03-06', '08:00:00', '00:30:00', '', '', '0', '');
INSERT INTO `default_inn_epg_show_detail` VALUES ('98', '0', '0', 'Dosanko Cooking; Ep 14', '2013-03-06', '08:30:00', '00:30:00', '', '', '0', '');
INSERT INTO `default_inn_epg_show_detail` VALUES ('99', '0', '0', 'Scandinavian Cooking; Ep 6', '2013-03-06', '09:00:00', '00:30:00', '', '', '0', '');
INSERT INTO `default_inn_epg_show_detail` VALUES ('100', '0', '0', 'Fresh With Anna Olson 3; Ep 6', '2013-03-06', '09:30:00', '00:30:00', '', '', '0', '');
INSERT INTO `default_inn_epg_show_detail` VALUES ('101', '0', '0', 'Restaurant Makeover 3; Ep 10', '2013-03-06', '10:00:00', '01:00:00', '', '', '0', '');
INSERT INTO `default_inn_epg_show_detail` VALUES ('102', '0', '0', 'Chef Series: Da Bing; Ep 14', '2013-03-06', '11:00:00', '00:30:00', '', '', '0', '');
INSERT INTO `default_inn_epg_show_detail` VALUES ('103', '0', '0', 'Food Glorious Food 3; Ep 13', '2013-03-06', '11:30:00', '00:30:00', '', '', '0', '');
INSERT INTO `default_inn_epg_show_detail` VALUES ('104', '0', '0', 'French Food At Home 2; Ep 20', '2013-03-06', '12:00:00', '00:30:00', '', '', '0', '');
INSERT INTO `default_inn_epg_show_detail` VALUES ('105', '0', '0', 'A Cook\'s Tour; Ep 11', '2013-03-06', '12:30:00', '00:30:00', '', '', '0', '');
INSERT INTO `default_inn_epg_show_detail` VALUES ('106', '0', '0', 'Selera Asean 2; Ep 3', '2013-03-06', '13:00:00', '00:30:00', '', '', '0', '');
INSERT INTO `default_inn_epg_show_detail` VALUES ('107', '0', '0', 'Selera Asean 2; Ep 4', '2013-03-06', '13:30:00', '00:30:00', '', '', '0', '');
INSERT INTO `default_inn_epg_show_detail` VALUES ('108', '0', '0', 'One Plate At A Time 3; Ep 2', '2013-03-06', '14:00:00', '00:30:00', '', '', '0', '');
INSERT INTO `default_inn_epg_show_detail` VALUES ('109', '0', '0', 'After Hours; Daniel 3; Ep 7', '2013-03-06', '14:30:00', '00:30:00', '', '', '0', '');
INSERT INTO `default_inn_epg_show_detail` VALUES ('110', '0', '0', 'Instant Chef 1; Ep 9', '2013-03-06', '15:00:00', '00:30:00', '', '', '0', '');
INSERT INTO `default_inn_epg_show_detail` VALUES ('111', '0', '0', 'Opening: Bestellen; Ep 1', '2013-03-06', '15:30:00', '00:30:00', '', '', '0', '');
INSERT INTO `default_inn_epg_show_detail` VALUES ('112', '0', '0', 'Taste With Jason 6; Ep 11', '2013-03-06', '16:00:00', '00:30:00', '', '', '0', '');
INSERT INTO `default_inn_epg_show_detail` VALUES ('113', '0', '0', 'Scandinavian Cooking; Ep 6', '2013-03-06', '16:30:00', '00:30:00', '', '', '0', '');
INSERT INTO `default_inn_epg_show_detail` VALUES ('114', '0', '0', 'Conviction Kitchen 1; Ep 1', '2013-03-06', '17:00:00', '01:00:00', '', '', '0', '');
INSERT INTO `default_inn_epg_show_detail` VALUES ('115', '0', '0', 'A Cook\'s Tour; Ep 11', '2013-03-06', '18:00:00', '00:30:00', '', '', '0', '');
INSERT INTO `default_inn_epg_show_detail` VALUES ('116', '0', '0', 'Fresh With Anna Olson 3; Ep 6', '2013-03-06', '18:30:00', '00:30:00', '', '', '0', '');
INSERT INTO `default_inn_epg_show_detail` VALUES ('117', '0', '0', 'Slurp! 1; Ep 6', '2013-03-06', '19:00:00', '00:30:00', '', '', '0', '');
INSERT INTO `default_inn_epg_show_detail` VALUES ('118', '0', '0', 'Makan Unlimited; Ep 6', '2013-03-06', '19:30:00', '00:30:00', '', '', '0', '');
INSERT INTO `default_inn_epg_show_detail` VALUES ('119', '0', '0', '5 Rencah 5 Rasa 2; Ep 9', '2013-03-06', '20:00:00', '00:30:00', '', '', '0', '');
INSERT INTO `default_inn_epg_show_detail` VALUES ('120', '0', '0', 'Chuck\'s Week Off; Ep 5', '2013-03-06', '20:30:00', '00:30:00', '', '', '0', '');
INSERT INTO `default_inn_epg_show_detail` VALUES ('121', '0', '0', 'Food Fighters; Ep 3', '2013-03-06', '21:00:00', '01:00:00', '', '', '0', '');
INSERT INTO `default_inn_epg_show_detail` VALUES ('122', '0', '0', 'From Spain With Love 1; Ep 10', '2013-03-06', '22:00:00', '00:30:00', '', '', '0', '');
INSERT INTO `default_inn_epg_show_detail` VALUES ('123', '0', '0', 'French Food At Home 2; Ep 20', '2013-03-06', '22:30:00', '00:30:00', '', '', '0', '');
INSERT INTO `default_inn_epg_show_detail` VALUES ('124', '0', '0', 'Taste With Jason 6; Ep 11', '2013-03-06', '23:00:00', '00:30:00', '', '', '0', '');
INSERT INTO `default_inn_epg_show_detail` VALUES ('125', '0', '0', 'Food Jammers 2; Ep 10', '2013-03-06', '23:30:00', '00:30:00', '', '', '0', '');
INSERT INTO `default_inn_epg_show_detail` VALUES ('126', '0', '0', '5 Rencah 5 Rasa 2; Ep 9', '2013-04-06', '00:00:00', '00:30:00', '', '', '0', '');
INSERT INTO `default_inn_epg_show_detail` VALUES ('127', '0', '0', 'Chuck\'s Week Off; Ep 5', '2013-04-06', '00:30:00', '00:30:00', '', '', '0', '');
INSERT INTO `default_inn_epg_show_detail` VALUES ('128', '0', '0', 'Selera Asean 2; Ep 3', '2013-04-06', '01:00:00', '00:30:00', '', '', '0', '');
INSERT INTO `default_inn_epg_show_detail` VALUES ('129', '0', '0', 'Selera Asean 2; Ep 4', '2013-04-06', '01:30:00', '00:30:00', '', '', '0', '');
INSERT INTO `default_inn_epg_show_detail` VALUES ('130', '0', '0', 'Food Glorious Food 3; Ep 13', '2013-04-06', '02:00:00', '00:30:00', '', '', '0', '');
INSERT INTO `default_inn_epg_show_detail` VALUES ('131', '0', '0', 'Chef At Home 5; Ep 5', '2013-04-06', '02:30:00', '00:30:00', '', '', '0', '');
INSERT INTO `default_inn_epg_show_detail` VALUES ('132', '0', '0', 'Dosanko Cooking; Ep 14', '2013-04-06', '03:00:00', '00:30:00', '', '', '0', '');
INSERT INTO `default_inn_epg_show_detail` VALUES ('133', '0', '0', 'Chef Series: Da Bing; Ep 14', '2013-04-06', '03:30:00', '00:30:00', '', '', '0', '');
INSERT INTO `default_inn_epg_show_detail` VALUES ('134', '0', '0', 'Sugar 2; Ep 25', '2013-04-06', '04:00:00', '00:30:00', '', '', '0', '');
INSERT INTO `default_inn_epg_show_detail` VALUES ('135', '0', '0', 'Daily Cooks; Ep 21', '2013-04-06', '04:30:00', '00:30:00', '', '', '0', '');
INSERT INTO `default_inn_epg_show_detail` VALUES ('136', '0', '0', 'Cook Like A Chef 4; Ep 18', '2013-04-06', '05:00:00', '00:30:00', '', '', '0', '');
INSERT INTO `default_inn_epg_show_detail` VALUES ('137', '0', '0', 'Sugar 2; Ep 26', '2013-04-06', '05:30:00', '00:30:00', '', '', '0', '');
INSERT INTO `default_inn_epg_show_detail` VALUES ('138', '0', '0', 'Food Jammers 2; Ep 11', '2013-04-06', '06:00:00', '00:30:00', '', '', '0', '');
INSERT INTO `default_inn_epg_show_detail` VALUES ('139', '0', '0', 'Chef At Home 5; Ep 6', '2013-04-06', '06:30:00', '00:30:00', '', '', '0', '');
INSERT INTO `default_inn_epg_show_detail` VALUES ('140', '0', '0', 'Sajian; Ep 15', '2013-04-06', '07:00:00', '00:30:00', '', '', '0', '');
INSERT INTO `default_inn_epg_show_detail` VALUES ('141', '0', '0', 'Sajian; Ep 16', '2013-04-06', '07:30:00', '00:30:00', '', '', '0', '');
INSERT INTO `default_inn_epg_show_detail` VALUES ('142', '0', '0', 'Taste With Jason 6; Ep 12', '2013-04-06', '08:00:00', '00:30:00', '', '', '0', '');
INSERT INTO `default_inn_epg_show_detail` VALUES ('143', '0', '0', 'Discover! North Taste; Ep 20', '2013-04-06', '08:30:00', '00:30:00', '', '', '0', '');
INSERT INTO `default_inn_epg_show_detail` VALUES ('144', '0', '0', 'From Spain With Love 1; Ep 10', '2013-04-06', '09:00:00', '00:30:00', '', '', '0', '');
INSERT INTO `default_inn_epg_show_detail` VALUES ('145', '0', '0', 'Fresh With Anna Olson 3; Ep 7', '2013-04-06', '09:30:00', '00:30:00', '', '', '0', '');
INSERT INTO `default_inn_epg_show_detail` VALUES ('146', '0', '0', 'Dinner Party Wars 2; Ep 6', '2013-04-06', '10:00:00', '01:00:00', '', '', '0', '');
INSERT INTO `default_inn_epg_show_detail` VALUES ('147', '0', '0', 'Chef Series: Da Bing; Ep 15', '2013-04-06', '11:00:00', '00:30:00', '', '', '0', '');
INSERT INTO `default_inn_epg_show_detail` VALUES ('148', '0', '0', 'Food Glorious Food 3; Ep 14', '2013-04-06', '11:30:00', '00:30:00', '', '', '0', '');
INSERT INTO `default_inn_epg_show_detail` VALUES ('149', '0', '0', 'French Food At Home 2; Ep 21', '2013-04-06', '12:00:00', '00:30:00', '', '', '0', '');
INSERT INTO `default_inn_epg_show_detail` VALUES ('150', '0', '0', 'A Cook\'s Tour; Ep 12', '2013-04-06', '12:30:00', '00:30:00', '', '', '0', '');
INSERT INTO `default_inn_epg_show_detail` VALUES ('151', '0', '0', 'Sajian; Ep 15', '2013-04-06', '13:00:00', '00:30:00', '', '', '0', '');
INSERT INTO `default_inn_epg_show_detail` VALUES ('152', '0', '0', 'Sajian; Ep 16', '2013-04-06', '13:30:00', '00:30:00', '', '', '0', '');
INSERT INTO `default_inn_epg_show_detail` VALUES ('153', '0', '0', '5 Rencah 5 Rasa 2; Ep 9', '2013-04-06', '14:00:00', '00:30:00', '', '', '0', '');
INSERT INTO `default_inn_epg_show_detail` VALUES ('154', '0', '0', 'Chuck\'s Week Off; Ep 5', '2013-04-06', '14:30:00', '00:30:00', '', '', '0', '');
INSERT INTO `default_inn_epg_show_detail` VALUES ('155', '0', '0', 'Slurp! 1; Ep 6', '2013-04-06', '15:00:00', '00:30:00', '', '', '0', '');
INSERT INTO `default_inn_epg_show_detail` VALUES ('156', '0', '0', 'Makan Unlimited; Ep 6', '2013-04-06', '15:30:00', '00:30:00', '', '', '0', '');
INSERT INTO `default_inn_epg_show_detail` VALUES ('157', '0', '0', 'Taste With Jason 6; Ep 12', '2013-04-06', '16:00:00', '00:30:00', '', '', '0', '');
INSERT INTO `default_inn_epg_show_detail` VALUES ('158', '0', '0', 'From Spain With Love 1; Ep 10', '2013-04-06', '16:30:00', '00:30:00', '', '', '0', '');
INSERT INTO `default_inn_epg_show_detail` VALUES ('159', '0', '0', 'Food Fighters; Ep 3', '2013-04-06', '17:00:00', '01:00:00', '', '', '0', '');
INSERT INTO `default_inn_epg_show_detail` VALUES ('160', '0', '0', 'A Cook\'s Tour; Ep 12', '2013-04-06', '18:00:00', '00:30:00', '', '', '0', '');
INSERT INTO `default_inn_epg_show_detail` VALUES ('161', '0', '0', 'Fresh With Anna Olson 3; Ep 7', '2013-04-06', '18:30:00', '00:30:00', '', '', '0', '');
INSERT INTO `default_inn_epg_show_detail` VALUES ('162', '0', '0', 'Sizzling Woks 2; Ep 6', '2013-04-06', '19:00:00', '00:30:00', '', '', '0', '');
INSERT INTO `default_inn_epg_show_detail` VALUES ('163', '0', '0', 'Food Truck 1; Ep 2', '2013-04-06', '19:30:00', '00:30:00', '', '', '0', '');
INSERT INTO `default_inn_epg_show_detail` VALUES ('164', '0', '0', 'Bake With Anna Olson 3; Ep 3', '2013-04-06', '20:00:00', '00:30:00', '', '', '0', '');
INSERT INTO `default_inn_epg_show_detail` VALUES ('165', '0', '0', 'James & Thom\'s Pizza; Ep 4', '2013-04-06', '20:30:00', '00:30:00', '', '', '0', '');
INSERT INTO `default_inn_epg_show_detail` VALUES ('166', '0', '0', 'The Big Break; Ep 10', '2013-04-06', '21:00:00', '00:30:00', '', '', '0', '');
INSERT INTO `default_inn_epg_show_detail` VALUES ('167', '0', '0', 'The Big Break; Ep 11', '2013-04-06', '21:30:00', '00:30:00', '', '', '0', '');
INSERT INTO `default_inn_epg_show_detail` VALUES ('168', '0', '0', 'Drive Thru Australia 1; Ep 10', '2013-04-06', '22:00:00', '00:30:00', '', '', '0', '');
INSERT INTO `default_inn_epg_show_detail` VALUES ('169', '0', '0', 'French Food At Home 2; Ep 21', '2013-04-06', '22:30:00', '00:30:00', '', '', '0', '');
INSERT INTO `default_inn_epg_show_detail` VALUES ('170', '0', '0', 'Taste With Jason 6; Ep 12', '2013-04-06', '23:00:00', '00:30:00', '', '', '0', '');
INSERT INTO `default_inn_epg_show_detail` VALUES ('171', '0', '0', 'Food Jammers 2; Ep 11', '2013-04-06', '23:30:00', '00:30:00', '', '', '0', '');
INSERT INTO `default_inn_epg_show_detail` VALUES ('172', '0', '0', 'Bake With Anna Olson 3; Ep 3', '2013-05-06', '00:00:00', '00:30:00', '', '', '0', '');
INSERT INTO `default_inn_epg_show_detail` VALUES ('173', '0', '0', 'James & Thom\'s Pizza; Ep 4', '2013-05-06', '00:30:00', '00:30:00', '', '', '0', '');
INSERT INTO `default_inn_epg_show_detail` VALUES ('174', '0', '0', 'Sajian; Ep 15', '2013-05-06', '01:00:00', '00:30:00', '', '', '0', '');
INSERT INTO `default_inn_epg_show_detail` VALUES ('175', '0', '0', 'Sajian; Ep 16', '2013-05-06', '01:30:00', '00:30:00', '', '', '0', '');
INSERT INTO `default_inn_epg_show_detail` VALUES ('176', '0', '0', 'Food Glorious Food 3; Ep 14', '2013-05-06', '02:00:00', '00:30:00', '', '', '0', '');
INSERT INTO `default_inn_epg_show_detail` VALUES ('177', '0', '0', 'Chef At Home 5; Ep 6', '2013-05-06', '02:30:00', '00:30:00', '', '', '0', '');
INSERT INTO `default_inn_epg_show_detail` VALUES ('178', '0', '0', 'Discover! North Taste; Ep 20', '2013-05-06', '03:00:00', '00:30:00', '', '', '0', '');
INSERT INTO `default_inn_epg_show_detail` VALUES ('179', '0', '0', 'Chef Series: Da Bing; Ep 15', '2013-05-06', '03:30:00', '00:30:00', '', '', '0', '');
INSERT INTO `default_inn_epg_show_detail` VALUES ('180', '0', '0', 'Sugar 2; Ep 26', '2013-05-06', '04:00:00', '00:30:00', '', '', '0', '');
INSERT INTO `default_inn_epg_show_detail` VALUES ('181', '0', '0', 'Daily Cooks; Ep 22', '2013-05-06', '04:30:00', '00:30:00', '', '', '0', '');
INSERT INTO `default_inn_epg_show_detail` VALUES ('182', '0', '0', 'Cook Like A Chef 4; Ep 19', '2013-05-06', '05:00:00', '00:30:00', '', '', '0', '');
INSERT INTO `default_inn_epg_show_detail` VALUES ('183', '0', '0', 'Sugar 2; Ep 27', '2013-05-06', '05:30:00', '00:30:00', '', '', '0', '');
INSERT INTO `default_inn_epg_show_detail` VALUES ('184', '0', '0', 'Food Jammers 2; Ep 12', '2013-05-06', '06:00:00', '00:30:00', '', '', '0', '');
INSERT INTO `default_inn_epg_show_detail` VALUES ('185', '0', '0', 'Chef At Home 5; Ep 7', '2013-05-06', '06:30:00', '00:30:00', '', '', '0', '');
INSERT INTO `default_inn_epg_show_detail` VALUES ('186', '0', '0', 'Ekspedisi Chef Wan 1; Ep 18', '2013-05-06', '07:00:00', '00:30:00', '', '', '0', '');
INSERT INTO `default_inn_epg_show_detail` VALUES ('187', '0', '0', 'Ekspedisi Chef Wan 1; Ep 19', '2013-05-06', '07:30:00', '00:30:00', '', '', '0', '');
INSERT INTO `default_inn_epg_show_detail` VALUES ('188', '0', '0', 'Taste With Jason 6; Ep 13', '2013-05-06', '08:00:00', '00:30:00', '', '', '0', '');
INSERT INTO `default_inn_epg_show_detail` VALUES ('189', '0', '0', 'Journey Hokkaido; Ep 2', '2013-05-06', '08:30:00', '00:30:00', '', '', '0', '');
INSERT INTO `default_inn_epg_show_detail` VALUES ('190', '0', '0', 'Drive Thru Australia 1; Ep 10', '2013-05-06', '09:00:00', '00:30:00', '', '', '0', '');
INSERT INTO `default_inn_epg_show_detail` VALUES ('191', '0', '0', 'Fresh With Anna Olson 3; Ep 8', '2013-05-06', '09:30:00', '00:30:00', '', '', '0', '');
INSERT INTO `default_inn_epg_show_detail` VALUES ('192', '0', '0', 'Restaurant Makeover 3; Ep 11', '2013-05-06', '10:00:00', '01:00:00', '', '', '0', '');
INSERT INTO `default_inn_epg_show_detail` VALUES ('193', '0', '0', 'Chef Series: Da Bing; Ep 16', '2013-05-06', '11:00:00', '00:30:00', '', '', '0', '');
INSERT INTO `default_inn_epg_show_detail` VALUES ('194', '0', '0', 'Food Glorious Food 4; Ep 1', '2013-05-06', '11:30:00', '00:30:00', '', '', '0', '');
INSERT INTO `default_inn_epg_show_detail` VALUES ('195', '0', '0', 'French Food At Home 2; Ep 22', '2013-05-06', '12:00:00', '00:30:00', '', '', '0', '');
INSERT INTO `default_inn_epg_show_detail` VALUES ('196', '0', '0', 'A Cook\'s Tour; Ep 13', '2013-05-06', '12:30:00', '00:30:00', '', '', '0', '');
INSERT INTO `default_inn_epg_show_detail` VALUES ('197', '0', '0', 'Ekspedisi Chef Wan 1; Ep 18', '2013-05-06', '13:00:00', '00:30:00', '', '', '0', '');
INSERT INTO `default_inn_epg_show_detail` VALUES ('198', '0', '0', 'Ekspedisi Chef Wan 1; Ep 19', '2013-05-06', '13:30:00', '00:30:00', '', '', '0', '');
INSERT INTO `default_inn_epg_show_detail` VALUES ('199', '0', '0', 'Bake With Anna Olson 3; Ep 3', '2013-05-06', '14:00:00', '00:30:00', '', '', '0', '');
INSERT INTO `default_inn_epg_show_detail` VALUES ('200', '0', '0', 'James & Thom\'s Pizza; Ep 4', '2013-05-06', '14:30:00', '00:30:00', '', '', '0', '');
INSERT INTO `default_inn_epg_show_detail` VALUES ('201', '0', '0', 'Sizzling Woks 2; Ep 6', '2013-05-06', '15:00:00', '00:30:00', '', '', '0', '');
INSERT INTO `default_inn_epg_show_detail` VALUES ('202', '0', '0', 'Food Truck 1; Ep 2', '2013-05-06', '15:30:00', '00:30:00', '', '', '0', '');
INSERT INTO `default_inn_epg_show_detail` VALUES ('203', '0', '0', 'Taste With Jason 6; Ep 13', '2013-05-06', '16:00:00', '00:30:00', '', '', '0', '');
INSERT INTO `default_inn_epg_show_detail` VALUES ('204', '0', '0', 'Drive Thru Australia 1; Ep 10', '2013-05-06', '16:30:00', '00:30:00', '', '', '0', '');
INSERT INTO `default_inn_epg_show_detail` VALUES ('205', '0', '0', 'The Big Break; Ep 10', '2013-05-06', '17:00:00', '00:30:00', '', '', '0', '');
INSERT INTO `default_inn_epg_show_detail` VALUES ('206', '0', '0', 'The Big Break; Ep 11', '2013-05-06', '17:30:00', '00:30:00', '', '', '0', '');
INSERT INTO `default_inn_epg_show_detail` VALUES ('207', '0', '0', 'A Cook\'s Tour; Ep 13', '2013-05-06', '18:00:00', '00:30:00', '', '', '0', '');
INSERT INTO `default_inn_epg_show_detail` VALUES ('208', '0', '0', 'Fresh With Anna Olson 3; Ep 8', '2013-05-06', '18:30:00', '00:30:00', '', '', '0', '');
INSERT INTO `default_inn_epg_show_detail` VALUES ('209', '0', '0', 'A La Chef; Farah Quinn; Ep 10', '2013-05-06', '19:00:00', '00:30:00', '', '', '0', '');
INSERT INTO `default_inn_epg_show_detail` VALUES ('210', '0', '0', 'Makan Angin 1; Ep 4', '2013-05-06', '19:30:00', '00:30:00', '', '', '0', '');
INSERT INTO `default_inn_epg_show_detail` VALUES ('211', '0', '0', 'Spice Goddess; Ep 1', '2013-05-06', '20:00:00', '00:30:00', '', '', '0', '');
INSERT INTO `default_inn_epg_show_detail` VALUES ('212', '0', '0', 'Pitchin In 1; Ep 1', '2013-05-06', '20:30:00', '00:30:00', '', '', '0', '');
INSERT INTO `default_inn_epg_show_detail` VALUES ('213', '0', '0', 'Iron Chef; Ep 6', '2013-05-06', '21:00:00', '01:00:00', '', '', '0', '');
INSERT INTO `default_inn_epg_show_detail` VALUES ('214', '0', '0', 'Chuck\'s Day Off 2; Ep 15', '2013-05-06', '22:00:00', '00:30:00', '', '', '0', '');
INSERT INTO `default_inn_epg_show_detail` VALUES ('215', '0', '0', 'French Food At Home 2; Ep 22', '2013-05-06', '22:30:00', '00:30:00', '', '', '0', '');
INSERT INTO `default_inn_epg_show_detail` VALUES ('216', '0', '0', 'Taste With Jason 6; Ep 13', '2013-05-06', '23:00:00', '00:30:00', '', '', '0', '');
INSERT INTO `default_inn_epg_show_detail` VALUES ('217', '0', '0', 'Food Jammers 2; Ep 12', '2013-05-06', '23:30:00', '00:30:00', '', '', '0', '');
INSERT INTO `default_inn_epg_show_detail` VALUES ('218', '0', '0', 'Spice Goddess; Ep 1', '2013-06-06', '00:00:00', '00:30:00', '', '', '0', '');
INSERT INTO `default_inn_epg_show_detail` VALUES ('219', '0', '0', 'Pitchin In 1; Ep 1', '2013-06-06', '00:30:00', '00:30:00', '', '', '0', '');
INSERT INTO `default_inn_epg_show_detail` VALUES ('220', '0', '0', 'Ekspedisi Chef Wan 1; Ep 18', '2013-06-06', '01:00:00', '00:30:00', '', '', '0', '');
INSERT INTO `default_inn_epg_show_detail` VALUES ('221', '0', '0', 'Ekspedisi Chef Wan 1; Ep 19', '2013-06-06', '01:30:00', '00:30:00', '', '', '0', '');
INSERT INTO `default_inn_epg_show_detail` VALUES ('222', '0', '0', 'Food Glorious Food 4; Ep 1', '2013-06-06', '02:00:00', '00:30:00', '', '', '0', '');
INSERT INTO `default_inn_epg_show_detail` VALUES ('223', '0', '0', 'Chef At Home 5; Ep 7', '2013-06-06', '02:30:00', '00:30:00', '', '', '0', '');
INSERT INTO `default_inn_epg_show_detail` VALUES ('224', '0', '0', 'Journey Hokkaido; Ep 2', '2013-06-06', '03:00:00', '00:30:00', '', '', '0', '');
INSERT INTO `default_inn_epg_show_detail` VALUES ('225', '0', '0', 'Chef Series: Da Bing; Ep 16', '2013-06-06', '03:30:00', '00:30:00', '', '', '0', '');
INSERT INTO `default_inn_epg_show_detail` VALUES ('226', '0', '0', 'Sugar 2; Ep 27', '2013-06-06', '04:00:00', '00:30:00', '', '', '0', '');
INSERT INTO `default_inn_epg_show_detail` VALUES ('227', '0', '0', 'Daily Cooks; Ep 23', '2013-06-06', '04:30:00', '00:30:00', '', '', '0', '');
INSERT INTO `default_inn_epg_show_detail` VALUES ('228', '0', '0', 'Cook Like A Chef 4; Ep 20', '2013-06-06', '05:00:00', '00:30:00', '', '', '0', '');
INSERT INTO `default_inn_epg_show_detail` VALUES ('229', '0', '0', 'Sugar 2; Ep 28', '2013-06-06', '05:30:00', '00:30:00', '', '', '0', '');
INSERT INTO `default_inn_epg_show_detail` VALUES ('230', '0', '0', 'Food Jammers 2; Ep 13', '2013-06-06', '06:00:00', '00:30:00', '', '', '0', '');
INSERT INTO `default_inn_epg_show_detail` VALUES ('231', '0', '0', 'Chef At Home 5; Ep 8', '2013-06-06', '06:30:00', '00:30:00', '', '', '0', '');
INSERT INTO `default_inn_epg_show_detail` VALUES ('232', '0', '0', 'Masak Apa 4; Ep 4', '2013-06-06', '07:00:00', '00:30:00', '', '', '0', '');
INSERT INTO `default_inn_epg_show_detail` VALUES ('233', '0', '0', 'Masak Apa 4; Ep 5', '2013-06-06', '07:30:00', '00:30:00', '', '', '0', '');
INSERT INTO `default_inn_epg_show_detail` VALUES ('234', '0', '0', 'Taste With Jason 5; Ep 3', '2013-06-06', '08:00:00', '00:30:00', '', '', '0', '');
INSERT INTO `default_inn_epg_show_detail` VALUES ('235', '0', '0', 'Discover! North Taste; Ep 21', '2013-06-06', '08:30:00', '00:30:00', '', '', '0', '');
INSERT INTO `default_inn_epg_show_detail` VALUES ('236', '0', '0', 'Chuck\'s Day Off 2; Ep 15', '2013-06-06', '09:00:00', '00:30:00', '', '', '0', '');
INSERT INTO `default_inn_epg_show_detail` VALUES ('237', '0', '0', 'Fresh With Anna Olson 3; Ep 9', '2013-06-06', '09:30:00', '00:30:00', '', '', '0', '');
INSERT INTO `default_inn_epg_show_detail` VALUES ('238', '0', '0', 'Dinner Party Wars 2; Ep 7', '2013-06-06', '10:00:00', '01:00:00', '', '', '0', '');
INSERT INTO `default_inn_epg_show_detail` VALUES ('239', '0', '0', 'Chef Series: Da Bing; Ep 17', '2013-06-06', '11:00:00', '00:30:00', '', '', '0', '');
INSERT INTO `default_inn_epg_show_detail` VALUES ('240', '0', '0', 'Food Glorious Food 4; Ep 2', '2013-06-06', '11:30:00', '00:30:00', '', '', '0', '');
INSERT INTO `default_inn_epg_show_detail` VALUES ('241', '0', '0', 'French Food At Home 2; Ep 23', '2013-06-06', '12:00:00', '00:30:00', '', '', '0', '');
INSERT INTO `default_inn_epg_show_detail` VALUES ('242', '0', '0', 'A Cook\'s Tour; Ep 14', '2013-06-06', '12:30:00', '00:30:00', '', '', '0', '');
INSERT INTO `default_inn_epg_show_detail` VALUES ('243', '0', '0', 'Masak Apa 4; Ep 4', '2013-06-06', '13:00:00', '00:30:00', '', '', '0', '');
INSERT INTO `default_inn_epg_show_detail` VALUES ('244', '0', '0', 'Masak Apa 4; Ep 5', '2013-06-06', '13:30:00', '00:30:00', '', '', '0', '');
INSERT INTO `default_inn_epg_show_detail` VALUES ('245', '0', '0', 'Spice Goddess; Ep 1', '2013-06-06', '14:00:00', '00:30:00', '', '', '0', '');
INSERT INTO `default_inn_epg_show_detail` VALUES ('246', '0', '0', 'Pitchin In 1; Ep 1', '2013-06-06', '14:30:00', '00:30:00', '', '', '0', '');
INSERT INTO `default_inn_epg_show_detail` VALUES ('247', '0', '0', 'A La Chef; Farah Quinn; Ep 10', '2013-06-06', '15:00:00', '00:30:00', '', '', '0', '');
INSERT INTO `default_inn_epg_show_detail` VALUES ('248', '0', '0', 'Makan Angin 1; Ep 4', '2013-06-06', '15:30:00', '00:30:00', '', '', '0', '');
INSERT INTO `default_inn_epg_show_detail` VALUES ('249', '0', '0', 'Taste With Jason 5; Ep 3', '2013-06-06', '16:00:00', '00:30:00', '', '', '0', '');
INSERT INTO `default_inn_epg_show_detail` VALUES ('250', '0', '0', 'Chuck\'s Day Off 2; Ep 15', '2013-06-06', '16:30:00', '00:30:00', '', '', '0', '');
INSERT INTO `default_inn_epg_show_detail` VALUES ('251', '0', '0', 'Iron Chef; Ep 6', '2013-06-06', '17:00:00', '01:00:00', '', '', '0', '');
INSERT INTO `default_inn_epg_show_detail` VALUES ('252', '0', '0', 'A Cook\'s Tour; Ep 14', '2013-06-06', '18:00:00', '00:30:00', '', '', '0', '');
INSERT INTO `default_inn_epg_show_detail` VALUES ('253', '0', '0', 'Fresh With Anna Olson 3; Ep 9', '2013-06-06', '18:30:00', '00:30:00', '', '', '0', '');
INSERT INTO `default_inn_epg_show_detail` VALUES ('254', '0', '0', 'Avec Eric 1; Ep 6', '2013-06-06', '19:00:00', '00:30:00', '', '', '0', '');
INSERT INTO `default_inn_epg_show_detail` VALUES ('255', '0', '0', 'Paul & Nick\'s Big Food; Ep 8', '2013-06-06', '19:30:00', '00:30:00', '', '', '0', '');
INSERT INTO `default_inn_epg_show_detail` VALUES ('256', '0', '0', 'Best In The World; Ep 5', '2013-06-06', '20:00:00', '00:30:00', '', '', '0', '');
INSERT INTO `default_inn_epg_show_detail` VALUES ('257', '0', '0', 'Secret Meat Business; Ep 3', '2013-06-06', '20:30:00', '00:30:00', '', '', '0', '');
INSERT INTO `default_inn_epg_show_detail` VALUES ('258', '0', '0', 'Hugh\'s 3 Good Things; Ep 1', '2013-06-06', '21:00:00', '00:30:00', '', '', '0', '');
INSERT INTO `default_inn_epg_show_detail` VALUES ('259', '0', '0', 'Hugh\'s 3 Good Things; Ep 2', '2013-06-06', '21:30:00', '00:30:00', '', '', '0', '');
INSERT INTO `default_inn_epg_show_detail` VALUES ('260', '0', '0', 'Rude Boy Food 1; Ep 10', '2013-06-06', '22:00:00', '00:30:00', '', '', '0', '');
INSERT INTO `default_inn_epg_show_detail` VALUES ('261', '0', '0', 'French Food At Home 2; Ep 23', '2013-06-06', '22:30:00', '00:30:00', '', '', '0', '');
INSERT INTO `default_inn_epg_show_detail` VALUES ('262', '0', '0', 'Taste With Jason 5; Ep 3', '2013-06-06', '23:00:00', '00:30:00', '', '', '0', '');
INSERT INTO `default_inn_epg_show_detail` VALUES ('263', '0', '0', 'Food Jammers 2; Ep 13', '2013-06-06', '23:30:00', '00:30:00', '', '', '0', '');
INSERT INTO `default_inn_epg_show_detail` VALUES ('264', '0', '0', 'Best In The World; Ep 5', '2013-07-06', '00:00:00', '00:30:00', '', '', '0', '');
INSERT INTO `default_inn_epg_show_detail` VALUES ('265', '0', '0', 'Secret Meat Business; Ep 3', '2013-07-06', '00:30:00', '00:30:00', '', '', '0', '');
INSERT INTO `default_inn_epg_show_detail` VALUES ('266', '0', '0', 'Masak Apa 4; Ep 4', '2013-07-06', '01:00:00', '00:30:00', '', '', '0', '');
INSERT INTO `default_inn_epg_show_detail` VALUES ('267', '0', '0', 'Masak Apa 4; Ep 5', '2013-07-06', '01:30:00', '00:30:00', '', '', '0', '');
INSERT INTO `default_inn_epg_show_detail` VALUES ('268', '0', '0', 'Food Glorious Food 4; Ep 2', '2013-07-06', '02:00:00', '00:30:00', '', '', '0', '');
INSERT INTO `default_inn_epg_show_detail` VALUES ('269', '0', '0', 'Chef At Home 5; Ep 8', '2013-07-06', '02:30:00', '00:30:00', '', '', '0', '');
INSERT INTO `default_inn_epg_show_detail` VALUES ('270', '0', '0', 'Discover! North Taste; Ep 21', '2013-07-06', '03:00:00', '00:30:00', '', '', '0', '');
INSERT INTO `default_inn_epg_show_detail` VALUES ('271', '0', '0', 'Chef Series: Da Bing; Ep 17', '2013-07-06', '03:30:00', '00:30:00', '', '', '0', '');
INSERT INTO `default_inn_epg_show_detail` VALUES ('272', '0', '0', 'Sugar 2; Ep 28', '2013-07-06', '04:00:00', '00:30:00', '', '', '0', '');
INSERT INTO `default_inn_epg_show_detail` VALUES ('273', '0', '0', 'Daily Cooks; Ep 24', '2013-07-06', '04:30:00', '00:30:00', '', '', '0', '');
INSERT INTO `default_inn_epg_show_detail` VALUES ('274', '0', '0', 'Cook Like A Chef 4; Ep 21', '2013-07-06', '05:00:00', '00:30:00', '', '', '0', '');
INSERT INTO `default_inn_epg_show_detail` VALUES ('275', '0', '0', 'Sugar 2; Ep 29', '2013-07-06', '05:30:00', '00:30:00', '', '', '0', '');
INSERT INTO `default_inn_epg_show_detail` VALUES ('276', '0', '0', 'Food Jammers 3; Ep 1', '2013-07-06', '06:00:00', '00:30:00', '', '', '0', '');
INSERT INTO `default_inn_epg_show_detail` VALUES ('277', '0', '0', 'Chef At Home 5; Ep 9', '2013-07-06', '06:30:00', '00:30:00', '', '', '0', '');
INSERT INTO `default_inn_epg_show_detail` VALUES ('278', '0', '0', 'Yuk Buat Roti; Ep 8', '2013-07-06', '07:00:00', '00:30:00', '', '', '0', '');
INSERT INTO `default_inn_epg_show_detail` VALUES ('279', '0', '0', 'Yuk Buat Roti; Ep 9', '2013-07-06', '07:30:00', '00:30:00', '', '', '0', '');
INSERT INTO `default_inn_epg_show_detail` VALUES ('280', '0', '0', 'Taste With Jason 5; Ep 4', '2013-07-06', '08:00:00', '00:30:00', '', '', '0', '');
INSERT INTO `default_inn_epg_show_detail` VALUES ('281', '0', '0', 'Dosanko Cooking; Ep 15', '2013-07-06', '08:30:00', '00:30:00', '', '', '0', '');
INSERT INTO `default_inn_epg_show_detail` VALUES ('282', '0', '0', 'Rude Boy Food 1; Ep 10', '2013-07-06', '09:00:00', '00:30:00', '', '', '0', '');
INSERT INTO `default_inn_epg_show_detail` VALUES ('283', '0', '0', 'Fresh With Anna Olson 3; Ep 10', '2013-07-06', '09:30:00', '00:30:00', '', '', '0', '');
INSERT INTO `default_inn_epg_show_detail` VALUES ('284', '0', '0', 'Restaurant Makeover 3; Ep 12', '2013-07-06', '10:00:00', '01:00:00', '', '', '0', '');
INSERT INTO `default_inn_epg_show_detail` VALUES ('285', '0', '0', 'Chef Series: Da Bing; Ep 18', '2013-07-06', '11:00:00', '00:30:00', '', '', '0', '');
INSERT INTO `default_inn_epg_show_detail` VALUES ('286', '0', '0', 'Food Glorious Food 4; Ep 3', '2013-07-06', '11:30:00', '00:30:00', '', '', '0', '');
INSERT INTO `default_inn_epg_show_detail` VALUES ('287', '0', '0', 'French Food At Home 2; Ep 24', '2013-07-06', '12:00:00', '00:30:00', '', '', '0', '');
INSERT INTO `default_inn_epg_show_detail` VALUES ('288', '0', '0', 'A Cook\'s Tour; Ep 15', '2013-07-06', '12:30:00', '00:30:00', '', '', '0', '');
INSERT INTO `default_inn_epg_show_detail` VALUES ('289', '0', '0', 'Yuk Buat Roti; Ep 8', '2013-07-06', '13:00:00', '00:30:00', '', '', '0', '');
INSERT INTO `default_inn_epg_show_detail` VALUES ('290', '0', '0', 'Yuk Buat Roti; Ep 9', '2013-07-06', '13:30:00', '00:30:00', '', '', '0', '');
INSERT INTO `default_inn_epg_show_detail` VALUES ('291', '0', '0', 'Best In The World; Ep 5', '2013-07-06', '14:00:00', '00:30:00', '', '', '0', '');
INSERT INTO `default_inn_epg_show_detail` VALUES ('292', '0', '0', 'Secret Meat Business; Ep 3', '2013-07-06', '14:30:00', '00:30:00', '', '', '0', '');
INSERT INTO `default_inn_epg_show_detail` VALUES ('293', '0', '0', 'Avec Eric 1; Ep 6', '2013-07-06', '15:00:00', '00:30:00', '', '', '0', '');
INSERT INTO `default_inn_epg_show_detail` VALUES ('294', '0', '0', 'Paul & Nick\'s Big Food; Ep 8', '2013-07-06', '15:30:00', '00:30:00', '', '', '0', '');
INSERT INTO `default_inn_epg_show_detail` VALUES ('295', '0', '0', 'Taste With Jason 5; Ep 4', '2013-07-06', '16:00:00', '00:30:00', '', '', '0', '');
INSERT INTO `default_inn_epg_show_detail` VALUES ('296', '0', '0', 'Rude Boy Food 1; Ep 10', '2013-07-06', '16:30:00', '00:30:00', '', '', '0', '');
INSERT INTO `default_inn_epg_show_detail` VALUES ('297', '0', '0', 'Hugh\'s 3 Good Things; Ep 1', '2013-07-06', '17:00:00', '00:30:00', '', '', '0', '');
INSERT INTO `default_inn_epg_show_detail` VALUES ('298', '0', '0', 'Hugh\'s 3 Good Things; Ep 2', '2013-07-06', '17:30:00', '00:30:00', '', '', '0', '');
INSERT INTO `default_inn_epg_show_detail` VALUES ('299', '0', '0', 'A Cook\'s Tour; Ep 15', '2013-07-06', '18:00:00', '00:30:00', '', '', '0', '');
INSERT INTO `default_inn_epg_show_detail` VALUES ('300', '0', '0', 'Fresh With Anna Olson 3; Ep 10', '2013-07-06', '18:30:00', '00:30:00', '', '', '0', '');
INSERT INTO `default_inn_epg_show_detail` VALUES ('301', '0', '0', 'Instant Chef 1; Ep 10', '2013-07-06', '19:00:00', '00:30:00', '', '', '0', '');
INSERT INTO `default_inn_epg_show_detail` VALUES ('302', '0', '0', 'Opening: Bestellen; Ep 2', '2013-07-06', '19:30:00', '00:30:00', '', '', '0', '');
INSERT INTO `default_inn_epg_show_detail` VALUES ('303', '0', '0', 'One Plate At A Time 3; Ep 3', '2013-07-06', '20:00:00', '00:30:00', '', '', '0', '');
INSERT INTO `default_inn_epg_show_detail` VALUES ('304', '0', '0', 'After Hours; Daniel 3; Ep 8', '2013-07-06', '20:30:00', '00:30:00', '', '', '0', '');
INSERT INTO `default_inn_epg_show_detail` VALUES ('305', '0', '0', 'Conviction Kitchen 1; Ep 2', '2013-07-06', '21:00:00', '01:00:00', '', '', '0', '');
INSERT INTO `default_inn_epg_show_detail` VALUES ('306', '0', '0', 'Scandinavian Cooking; Ep 7', '2013-07-06', '22:00:00', '00:30:00', '', '', '0', '');
INSERT INTO `default_inn_epg_show_detail` VALUES ('307', '0', '0', 'French Food At Home 2; Ep 24', '2013-07-06', '22:30:00', '00:30:00', '', '', '0', '');
INSERT INTO `default_inn_epg_show_detail` VALUES ('308', '0', '0', 'Taste With Jason 5; Ep 4', '2013-07-06', '23:00:00', '00:30:00', '', '', '0', '');
INSERT INTO `default_inn_epg_show_detail` VALUES ('309', '0', '0', 'Food Jammers 3; Ep 1', '2013-07-06', '23:30:00', '00:30:00', '', '', '0', '');
INSERT INTO `default_inn_epg_show_detail` VALUES ('310', '0', '0', 'One Plate At A Time 3; Ep 3', '2013-08-06', '00:00:00', '00:30:00', '', '', '0', '');
INSERT INTO `default_inn_epg_show_detail` VALUES ('311', '0', '0', 'After Hours; Daniel 3; Ep 8', '2013-08-06', '00:30:00', '00:30:00', '', '', '0', '');
INSERT INTO `default_inn_epg_show_detail` VALUES ('312', '0', '0', 'Yuk Buat Roti; Ep 8', '2013-08-06', '01:00:00', '00:30:00', '', '', '0', '');
INSERT INTO `default_inn_epg_show_detail` VALUES ('313', '0', '0', 'Yuk Buat Roti; Ep 9', '2013-08-06', '01:30:00', '00:30:00', '', '', '0', '');
INSERT INTO `default_inn_epg_show_detail` VALUES ('314', '0', '0', 'Food Glorious Food 4; Ep 3', '2013-08-06', '02:00:00', '00:30:00', '', '', '0', '');
INSERT INTO `default_inn_epg_show_detail` VALUES ('315', '0', '0', 'Chef At Home 5; Ep 9', '2013-08-06', '02:30:00', '00:30:00', '', '', '0', '');
INSERT INTO `default_inn_epg_show_detail` VALUES ('316', '0', '0', 'Dosanko Cooking; Ep 15', '2013-08-06', '03:00:00', '00:30:00', '', '', '0', '');
INSERT INTO `default_inn_epg_show_detail` VALUES ('317', '0', '0', 'Chef Series: Da Bing; Ep 18', '2013-08-06', '03:30:00', '00:30:00', '', '', '0', '');
INSERT INTO `default_inn_epg_show_detail` VALUES ('318', '0', '0', 'Sugar 2; Ep 29', '2013-08-06', '04:00:00', '00:30:00', '', '', '0', '');
INSERT INTO `default_inn_epg_show_detail` VALUES ('319', '0', '0', 'Daily Cooks; Ep 25', '2013-08-06', '04:30:00', '00:30:00', '', '', '0', '');
INSERT INTO `default_inn_epg_show_detail` VALUES ('320', '0', '0', 'Cook Like A Chef 4; Ep 22', '2013-08-06', '05:00:00', '00:30:00', '', '', '0', '');
INSERT INTO `default_inn_epg_show_detail` VALUES ('321', '0', '0', 'Sugar 2; Ep 30', '2013-08-06', '05:30:00', '00:30:00', '', '', '0', '');
INSERT INTO `default_inn_epg_show_detail` VALUES ('322', '0', '0', 'Rude Boy Food 1; Ep 10', '2013-08-06', '06:00:00', '00:30:00', '', '', '0', '');
INSERT INTO `default_inn_epg_show_detail` VALUES ('323', '0', '0', 'Scandinavian Cooking; Ep 7', '2013-08-06', '06:30:00', '00:30:00', '', '', '0', '');
INSERT INTO `default_inn_epg_show_detail` VALUES ('324', '0', '0', 'Opening: Bestellen; Ep 2', '2013-08-06', '07:00:00', '00:30:00', '', '', '0', '');
INSERT INTO `default_inn_epg_show_detail` VALUES ('325', '0', '0', 'One Plate At A Time 3; Ep 3', '2013-08-06', '07:30:00', '00:30:00', '', '', '0', '');
INSERT INTO `default_inn_epg_show_detail` VALUES ('326', '0', '0', 'Food Fighters; Ep 3', '2013-08-06', '08:00:00', '01:00:00', '', '', '0', '');
INSERT INTO `default_inn_epg_show_detail` VALUES ('327', '0', '0', 'Fat Man In White Hat; Ep 1', '2013-08-06', '09:00:00', '01:00:00', '', '', '0', '');
INSERT INTO `default_inn_epg_show_detail` VALUES ('328', '0', '0', 'Paul & Nick\'s Big Food; Ep 8', '2013-08-06', '10:00:00', '00:30:00', '', '', '0', '');
INSERT INTO `default_inn_epg_show_detail` VALUES ('329', '0', '0', 'Instant Chef 1; Ep 10', '2013-08-06', '10:30:00', '00:30:00', '', '', '0', '');
INSERT INTO `default_inn_epg_show_detail` VALUES ('330', '0', '0', 'Makan Angin 1; Ep 4', '2013-08-06', '11:00:00', '00:30:00', '', '', '0', '');
INSERT INTO `default_inn_epg_show_detail` VALUES ('331', '0', '0', 'A La Chef; Farah Quinn; Ep 10', '2013-08-06', '11:30:00', '00:30:00', '', '', '0', '');
INSERT INTO `default_inn_epg_show_detail` VALUES ('332', '0', '0', '5 Rencah 5 Rasa 2; Ep 9', '2013-08-06', '12:00:00', '00:30:00', '', '', '0', '');
INSERT INTO `default_inn_epg_show_detail` VALUES ('333', '0', '0', 'Best In The World; Ep 5', '2013-08-06', '12:30:00', '00:30:00', '', '', '0', '');
INSERT INTO `default_inn_epg_show_detail` VALUES ('334', '0', '0', 'Bake With Anna Olson 3; Ep 3', '2013-08-06', '13:00:00', '00:30:00', '', '', '0', '');
INSERT INTO `default_inn_epg_show_detail` VALUES ('335', '0', '0', 'James & Thom\'s Pizza; Ep 4', '2013-08-06', '13:30:00', '00:30:00', '', '', '0', '');
INSERT INTO `default_inn_epg_show_detail` VALUES ('336', '0', '0', 'Secret Meat Business; Ep 3', '2013-08-06', '14:00:00', '00:30:00', '', '', '0', '');
INSERT INTO `default_inn_epg_show_detail` VALUES ('337', '0', '0', 'After Hours; Daniel 3; Ep 8', '2013-08-06', '14:30:00', '00:30:00', '', '', '0', '');
INSERT INTO `default_inn_epg_show_detail` VALUES ('338', '0', '0', 'Conviction Kitchen 1; Ep 2', '2013-08-06', '15:00:00', '01:00:00', '', '', '0', '');
INSERT INTO `default_inn_epg_show_detail` VALUES ('339', '0', '0', 'Iron Chef; Ep 18', '2013-08-06', '16:00:00', '01:00:00', '', '', '0', '');
INSERT INTO `default_inn_epg_show_detail` VALUES ('340', '0', '0', 'One Night: Malaysian Wedding', '2013-08-06', '17:00:00', '01:00:00', '', '', '0', '');
INSERT INTO `default_inn_epg_show_detail` VALUES ('341', '0', '0', 'Drive Thru Australia 1; Ep 10', '2013-08-06', '18:00:00', '00:30:00', '', '', '0', '');
INSERT INTO `default_inn_epg_show_detail` VALUES ('342', '0', '0', 'From Spain With Love 1; Ep 10', '2013-08-06', '18:30:00', '00:30:00', '', '', '0', '');
INSERT INTO `default_inn_epg_show_detail` VALUES ('343', '0', '0', 'Bake With Anna Olson 3; Ep 3', '2013-08-06', '19:00:00', '00:30:00', '', '', '0', '');
INSERT INTO `default_inn_epg_show_detail` VALUES ('344', '0', '0', 'Pitchin In 1; Ep 1', '2013-08-06', '19:30:00', '00:30:00', '', '', '0', '');
INSERT INTO `default_inn_epg_show_detail` VALUES ('345', '0', '0', 'Secret Meat Business; Ep 3', '2013-08-06', '20:00:00', '00:30:00', '', '', '0', '');
INSERT INTO `default_inn_epg_show_detail` VALUES ('346', '0', '0', 'James & Thom\'s Pizza; Ep 4', '2013-08-06', '20:30:00', '00:30:00', '', '', '0', '');
INSERT INTO `default_inn_epg_show_detail` VALUES ('347', '0', '0', 'The Big Break; Ep 10', '2013-08-06', '21:00:00', '00:30:00', '', '', '0', '');
INSERT INTO `default_inn_epg_show_detail` VALUES ('348', '0', '0', 'The Big Break; Ep 11', '2013-08-06', '21:30:00', '00:30:00', '', '', '0', '');
INSERT INTO `default_inn_epg_show_detail` VALUES ('349', '0', '0', 'Iron Chef; Ep 18', '2013-08-06', '22:00:00', '01:00:00', '', '', '0', '');
INSERT INTO `default_inn_epg_show_detail` VALUES ('350', '0', '0', 'Rude Boy Food 1; Ep 10', '2013-08-06', '23:00:00', '00:30:00', '', '', '0', '');
INSERT INTO `default_inn_epg_show_detail` VALUES ('351', '0', '0', 'Scandinavian Cooking; Ep 7', '2013-08-06', '23:30:00', '00:30:00', '', '', '0', '');
INSERT INTO `default_inn_epg_show_detail` VALUES ('352', '0', '0', 'After Hours; Daniel 3; Ep 8', '2013-09-06', '00:00:00', '00:30:00', '', '', '0', '');
INSERT INTO `default_inn_epg_show_detail` VALUES ('353', '0', '0', 'Spice Goddess; Ep 1', '2013-09-06', '00:30:00', '00:30:00', '', '', '0', '');
INSERT INTO `default_inn_epg_show_detail` VALUES ('354', '0', '0', 'Hugh\'s 3 Good Things; Ep 1', '2013-09-06', '01:00:00', '00:30:00', '', '', '0', '');
INSERT INTO `default_inn_epg_show_detail` VALUES ('355', '0', '0', 'Hugh\'s 3 Good Things; Ep 2', '2013-09-06', '01:30:00', '00:30:00', '', '', '0', '');
INSERT INTO `default_inn_epg_show_detail` VALUES ('356', '0', '0', 'One Plate At A Time 3; Ep 3', '2013-09-06', '02:00:00', '00:30:00', '', '', '0', '');
INSERT INTO `default_inn_epg_show_detail` VALUES ('357', '0', '0', 'Opening: Bestellen; Ep 2', '2013-09-06', '02:30:00', '00:30:00', '', '', '0', '');
INSERT INTO `default_inn_epg_show_detail` VALUES ('358', '0', '0', 'Food Jammers 2; Ep 10', '2013-09-06', '03:00:00', '00:30:00', '', '', '0', '');
INSERT INTO `default_inn_epg_show_detail` VALUES ('359', '0', '0', 'Food Jammers 2; Ep 11', '2013-09-06', '03:30:00', '00:30:00', '', '', '0', '');
INSERT INTO `default_inn_epg_show_detail` VALUES ('360', '0', '0', 'Sugar 2; Ep 30', '2013-09-06', '04:00:00', '00:30:00', '', '', '0', '');
INSERT INTO `default_inn_epg_show_detail` VALUES ('361', '0', '0', 'Daily Cooks; Ep 26', '2013-09-06', '04:30:00', '00:30:00', '', '', '0', '');
INSERT INTO `default_inn_epg_show_detail` VALUES ('362', '0', '0', 'Cook Like A Chef 4; Ep 23', '2013-09-06', '05:00:00', '00:30:00', '', '', '0', '');
INSERT INTO `default_inn_epg_show_detail` VALUES ('363', '0', '0', 'Sugar 2; Ep 31', '2013-09-06', '05:30:00', '00:30:00', '', '', '0', '');
INSERT INTO `default_inn_epg_show_detail` VALUES ('364', '0', '0', 'Drive Thru Australia 1; Ep 10', '2013-09-06', '06:00:00', '00:30:00', '', '', '0', '');
INSERT INTO `default_inn_epg_show_detail` VALUES ('365', '0', '0', 'From Spain With Love 1; Ep 10', '2013-09-06', '06:30:00', '00:30:00', '', '', '0', '');
INSERT INTO `default_inn_epg_show_detail` VALUES ('366', '0', '0', 'Chuck\'s Week Off; Ep 5', '2013-09-06', '07:00:00', '00:30:00', '', '', '0', '');
INSERT INTO `default_inn_epg_show_detail` VALUES ('367', '0', '0', 'Food Truck 1; Ep 2', '2013-09-06', '07:30:00', '00:30:00', '', '', '0', '');
INSERT INTO `default_inn_epg_show_detail` VALUES ('368', '0', '0', 'The Big Break; Ep 10', '2013-09-06', '08:00:00', '00:30:00', '', '', '0', '');
INSERT INTO `default_inn_epg_show_detail` VALUES ('369', '0', '0', 'The Big Break; Ep 11', '2013-09-06', '08:30:00', '00:30:00', '', '', '0', '');
INSERT INTO `default_inn_epg_show_detail` VALUES ('370', '0', '0', 'Hugh\'s 3 Good Things; Ep 1', '2013-09-06', '09:00:00', '00:30:00', '', '', '0', '');
INSERT INTO `default_inn_epg_show_detail` VALUES ('371', '0', '0', 'Hugh\'s 3 Good Things; Ep 2', '2013-09-06', '09:30:00', '00:30:00', '', '', '0', '');
INSERT INTO `default_inn_epg_show_detail` VALUES ('372', '0', '0', 'Forever Summer; Nigella; Ep 6', '2013-09-06', '10:00:00', '00:30:00', '', '', '0', '');
INSERT INTO `default_inn_epg_show_detail` VALUES ('373', '0', '0', 'Bake With Anna Olson 3; Ep 3', '2013-09-06', '10:30:00', '00:30:00', '', '', '0', '');
INSERT INTO `default_inn_epg_show_detail` VALUES ('374', '0', '0', 'Iron Chef; Ep 18', '2013-09-06', '11:00:00', '01:00:00', '', '', '0', '');
INSERT INTO `default_inn_epg_show_detail` VALUES ('375', '0', '0', 'One Night: Malaysian Wedding', '2013-09-06', '12:00:00', '01:00:00', '', '', '0', '');
INSERT INTO `default_inn_epg_show_detail` VALUES ('376', '0', '0', 'Paul & Nick\'s Big Food; Ep 8', '2013-09-06', '13:00:00', '00:30:00', '', '', '0', '');
INSERT INTO `default_inn_epg_show_detail` VALUES ('377', '0', '0', 'Chuck\'s Week Off; Ep 5', '2013-09-06', '13:30:00', '00:30:00', '', '', '0', '');
INSERT INTO `default_inn_epg_show_detail` VALUES ('378', '0', '0', 'Hugh\'s 3 Good Things; Ep 1', '2013-09-06', '14:00:00', '00:30:00', '', '', '0', '');
INSERT INTO `default_inn_epg_show_detail` VALUES ('379', '0', '0', 'Hugh\'s 3 Good Things; Ep 2', '2013-09-06', '14:30:00', '00:30:00', '', '', '0', '');
INSERT INTO `default_inn_epg_show_detail` VALUES ('380', '0', '0', 'Rude Boy Food 1; Ep 10', '2013-09-06', '15:00:00', '00:30:00', '', '', '0', '');
INSERT INTO `default_inn_epg_show_detail` VALUES ('381', '0', '0', 'Scandinavian Cooking; Ep 7', '2013-09-06', '15:30:00', '00:30:00', '', '', '0', '');
INSERT INTO `default_inn_epg_show_detail` VALUES ('382', '0', '0', 'Food Fighters; Ep 3', '2013-09-06', '16:00:00', '01:00:00', '', '', '0', '');
INSERT INTO `default_inn_epg_show_detail` VALUES ('383', '0', '0', 'The Big Break; Ep 10', '2013-09-06', '17:00:00', '00:30:00', '', '', '0', '');
INSERT INTO `default_inn_epg_show_detail` VALUES ('384', '0', '0', 'The Big Break; Ep 11', '2013-09-06', '17:30:00', '00:30:00', '', '', '0', '');
INSERT INTO `default_inn_epg_show_detail` VALUES ('385', '0', '0', 'Makan Angin 1; Ep 4', '2013-09-06', '18:00:00', '00:30:00', '', '', '0', '');
INSERT INTO `default_inn_epg_show_detail` VALUES ('386', '0', '0', 'A La Chef; Farah Quinn; Ep 10', '2013-09-06', '18:30:00', '00:30:00', '', '', '0', '');
INSERT INTO `default_inn_epg_show_detail` VALUES ('387', '0', '0', '5 Rencah 5 Rasa 2; Ep 9', '2013-09-06', '19:00:00', '00:30:00', '', '', '0', '');
INSERT INTO `default_inn_epg_show_detail` VALUES ('388', '0', '0', 'Best In The World; Ep 5', '2013-09-06', '19:30:00', '00:30:00', '', '', '0', '');
INSERT INTO `default_inn_epg_show_detail` VALUES ('389', '0', '0', 'One Night: Malaysian Wedding', '2013-09-06', '20:00:00', '01:00:00', '', '', '0', '');
INSERT INTO `default_inn_epg_show_detail` VALUES ('390', '0', '0', 'Paul & Nick\'s Big Food; Ep 8', '2013-09-06', '21:00:00', '00:30:00', '', '', '0', '');
INSERT INTO `default_inn_epg_show_detail` VALUES ('391', '0', '0', 'Chuck\'s Week Off; Ep 5', '2013-09-06', '21:30:00', '00:30:00', '', '', '0', '');
INSERT INTO `default_inn_epg_show_detail` VALUES ('392', '0', '0', 'Hugh\'s 3 Good Things; Ep 1', '2013-09-06', '22:00:00', '00:30:00', '', '', '0', '');
INSERT INTO `default_inn_epg_show_detail` VALUES ('393', '0', '0', 'Hugh\'s 3 Good Things; Ep 2', '2013-09-06', '22:30:00', '00:30:00', '', '', '0', '');
INSERT INTO `default_inn_epg_show_detail` VALUES ('394', '0', '0', 'Drive Thru Australia 1; Ep 10', '2013-09-06', '23:00:00', '00:30:00', '', '', '0', '');
INSERT INTO `default_inn_epg_show_detail` VALUES ('395', '0', '0', 'From Spain With Love 1; Ep 10', '2013-09-06', '23:30:00', '00:30:00', '', '', '0', '');
INSERT INTO `default_inn_epg_show_detail` VALUES ('396', '0', '0', 'Bake With Anna Olson 3; Ep 3', '2013-10-06', '00:00:00', '00:30:00', '', '', '0', '');
INSERT INTO `default_inn_epg_show_detail` VALUES ('397', '0', '0', 'Secret Meat Business; Ep 3', '2013-10-06', '00:30:00', '00:30:00', '', '', '0', '');
INSERT INTO `default_inn_epg_show_detail` VALUES ('398', '0', '0', 'Food Fighters; Ep 3', '2013-10-06', '01:00:00', '01:00:00', '', '', '0', '');
INSERT INTO `default_inn_epg_show_detail` VALUES ('399', '0', '0', 'Conviction Kitchen 1; Ep 2', '2013-10-06', '02:00:00', '01:00:00', '', '', '0', '');
INSERT INTO `default_inn_epg_show_detail` VALUES ('400', '0', '0', 'Food Jammers 2; Ep 12', '2013-10-06', '03:00:00', '00:30:00', '', '', '0', '');
INSERT INTO `default_inn_epg_show_detail` VALUES ('401', '0', '0', 'Food Jammers 2; Ep 13', '2013-10-06', '03:30:00', '00:30:00', '', '', '0', '');
INSERT INTO `default_inn_epg_show_detail` VALUES ('402', '0', '0', 'Sugar 2; Ep 31', '2013-10-06', '04:00:00', '00:30:00', '', '', '0', '');
INSERT INTO `default_inn_epg_show_detail` VALUES ('403', '0', '0', 'Daily Cooks; Ep 27', '2013-10-06', '04:30:00', '00:30:00', '', '', '0', '');
INSERT INTO `default_inn_epg_show_detail` VALUES ('404', '0', '0', 'Cook Like A Chef 4; Ep 24', '2013-10-06', '05:00:00', '00:30:00', '', '', '0', '');
INSERT INTO `default_inn_epg_show_detail` VALUES ('405', '0', '0', 'Sugar 2; Ep 32', '2013-10-06', '05:30:00', '00:30:00', '', '', '0', '');
INSERT INTO `default_inn_epg_show_detail` VALUES ('406', '0', '0', 'Food Jammers 3; Ep 2', '2013-10-06', '06:00:00', '00:30:00', '', '', '0', '');
INSERT INTO `default_inn_epg_show_detail` VALUES ('407', '0', '0', 'Chef At Home 5; Ep 10', '2013-10-06', '06:30:00', '00:30:00', '', '', '0', '');
INSERT INTO `default_inn_epg_show_detail` VALUES ('408', '0', '0', 'Selera Asean 2; Ep 5', '2013-10-06', '07:00:00', '00:30:00', '', '', '0', '');
INSERT INTO `default_inn_epg_show_detail` VALUES ('409', '0', '0', 'Selera Asean 2; Ep 6', '2013-10-06', '07:30:00', '00:30:00', '', '', '0', '');
INSERT INTO `default_inn_epg_show_detail` VALUES ('410', '0', '0', 'Taste With Jason 5; Ep 5', '2013-10-06', '08:00:00', '00:30:00', '', '', '0', '');
INSERT INTO `default_inn_epg_show_detail` VALUES ('411', '0', '0', 'Dosanko Cooking; Ep 16', '2013-10-06', '08:30:00', '00:30:00', '', '', '0', '');
INSERT INTO `default_inn_epg_show_detail` VALUES ('412', '0', '0', 'Scandinavian Cooking; Ep 7', '2013-10-06', '09:00:00', '00:30:00', '', '', '0', '');
INSERT INTO `default_inn_epg_show_detail` VALUES ('413', '0', '0', 'Fresh With Anna Olson 3; Ep 11', '2013-10-06', '09:30:00', '00:30:00', '', '', '0', '');
INSERT INTO `default_inn_epg_show_detail` VALUES ('414', '0', '0', 'Restaurant Makeover 3; Ep 13', '2013-10-06', '10:00:00', '01:00:00', '', '', '0', '');
INSERT INTO `default_inn_epg_show_detail` VALUES ('415', '0', '0', 'Chef Series: Da Bing; Ep 19', '2013-10-06', '11:00:00', '00:30:00', '', '', '0', '');
INSERT INTO `default_inn_epg_show_detail` VALUES ('416', '0', '0', 'Food Glorious Food 4; Ep 4', '2013-10-06', '11:30:00', '00:30:00', '', '', '0', '');
INSERT INTO `default_inn_epg_show_detail` VALUES ('417', '0', '0', 'French Food At Home 2; Ep 25', '2013-10-06', '12:00:00', '00:30:00', '', '', '0', '');
INSERT INTO `default_inn_epg_show_detail` VALUES ('418', '0', '0', 'A Cook\'s Tour; Ep 16', '2013-10-06', '12:30:00', '00:30:00', '', '', '0', '');
INSERT INTO `default_inn_epg_show_detail` VALUES ('419', '0', '0', 'Selera Asean 2; Ep 5', '2013-10-06', '13:00:00', '00:30:00', '', '', '0', '');
INSERT INTO `default_inn_epg_show_detail` VALUES ('420', '0', '0', 'Selera Asean 2; Ep 6', '2013-10-06', '13:30:00', '00:30:00', '', '', '0', '');
INSERT INTO `default_inn_epg_show_detail` VALUES ('421', '0', '0', 'One Plate At A Time 3; Ep 3', '2013-10-06', '14:00:00', '00:30:00', '', '', '0', '');
INSERT INTO `default_inn_epg_show_detail` VALUES ('422', '0', '0', 'After Hours; Daniel 3; Ep 8', '2013-10-06', '14:30:00', '00:30:00', '', '', '0', '');
INSERT INTO `default_inn_epg_show_detail` VALUES ('423', '0', '0', 'Instant Chef 1; Ep 10', '2013-10-06', '15:00:00', '00:30:00', '', '', '0', '');
INSERT INTO `default_inn_epg_show_detail` VALUES ('424', '0', '0', 'Opening: Bestellen; Ep 2', '2013-10-06', '15:30:00', '00:30:00', '', '', '0', '');
INSERT INTO `default_inn_epg_show_detail` VALUES ('425', '0', '0', 'Taste With Jason 5; Ep 5', '2013-10-06', '16:00:00', '00:30:00', '', '', '0', '');
INSERT INTO `default_inn_epg_show_detail` VALUES ('426', '0', '0', 'Scandinavian Cooking; Ep 7', '2013-10-06', '16:30:00', '00:30:00', '', '', '0', '');
INSERT INTO `default_inn_epg_show_detail` VALUES ('427', '0', '0', 'Conviction Kitchen 1; Ep 2', '2013-10-06', '17:00:00', '01:00:00', '', '', '0', '');
INSERT INTO `default_inn_epg_show_detail` VALUES ('428', '0', '0', 'A Cook\'s Tour; Ep 16', '2013-10-06', '18:00:00', '00:30:00', '', '', '0', '');
INSERT INTO `default_inn_epg_show_detail` VALUES ('429', '0', '0', 'Fresh With Anna Olson 3; Ep 11', '2013-10-06', '18:30:00', '00:30:00', '', '', '0', '');
INSERT INTO `default_inn_epg_show_detail` VALUES ('430', '0', '0', 'Slurp! 1; Ep 7', '2013-10-06', '19:00:00', '00:30:00', '', '', '0', '');
INSERT INTO `default_inn_epg_show_detail` VALUES ('431', '0', '0', 'Makan Unlimited; Ep 7', '2013-10-06', '19:30:00', '00:30:00', '', '', '0', '');
INSERT INTO `default_inn_epg_show_detail` VALUES ('432', '0', '0', '5 Rencah 5 Rasa 2; Ep 10', '2013-10-06', '20:00:00', '00:30:00', '', '', '0', '');
INSERT INTO `default_inn_epg_show_detail` VALUES ('433', '0', '0', 'Chuck\'s Week Off; Ep 6', '2013-10-06', '20:30:00', '00:30:00', '', '', '0', '');
INSERT INTO `default_inn_epg_show_detail` VALUES ('434', '0', '0', 'Food Fighters; Ep 4', '2013-10-06', '21:00:00', '01:00:00', '', '', '0', '');
INSERT INTO `default_inn_epg_show_detail` VALUES ('435', '0', '0', 'From Spain With Love 1; Ep 11', '2013-10-06', '22:00:00', '00:30:00', '', '', '0', '');
INSERT INTO `default_inn_epg_show_detail` VALUES ('436', '0', '0', 'French Food At Home 2; Ep 25', '2013-10-06', '22:30:00', '00:30:00', '', '', '0', '');
INSERT INTO `default_inn_epg_show_detail` VALUES ('437', '0', '0', 'Taste With Jason 5; Ep 5', '2013-10-06', '23:00:00', '00:30:00', '', '', '0', '');
INSERT INTO `default_inn_epg_show_detail` VALUES ('438', '0', '0', 'Food Jammers 3; Ep 2', '2013-10-06', '23:30:00', '00:30:00', '', '', '0', '');
INSERT INTO `default_inn_epg_show_detail` VALUES ('439', '0', '0', '5 Rencah 5 Rasa 2; Ep 10', '2013-11-06', '00:00:00', '00:30:00', '', '', '0', '');
INSERT INTO `default_inn_epg_show_detail` VALUES ('440', '0', '0', 'Chuck\'s Week Off; Ep 6', '2013-11-06', '00:30:00', '00:30:00', '', '', '0', '');
INSERT INTO `default_inn_epg_show_detail` VALUES ('441', '0', '0', 'Selera Asean 2; Ep 5', '2013-11-06', '01:00:00', '00:30:00', '', '', '0', '');
INSERT INTO `default_inn_epg_show_detail` VALUES ('442', '0', '0', 'Selera Asean 2; Ep 6', '2013-11-06', '01:30:00', '00:30:00', '', '', '0', '');
INSERT INTO `default_inn_epg_show_detail` VALUES ('443', '0', '0', 'Food Glorious Food 4; Ep 4', '2013-11-06', '02:00:00', '00:30:00', '', '', '0', '');
INSERT INTO `default_inn_epg_show_detail` VALUES ('444', '0', '0', 'Chef At Home 5; Ep 10', '2013-11-06', '02:30:00', '00:30:00', '', '', '0', '');
INSERT INTO `default_inn_epg_show_detail` VALUES ('445', '0', '0', 'Dosanko Cooking; Ep 16', '2013-11-06', '03:00:00', '00:30:00', '', '', '0', '');
INSERT INTO `default_inn_epg_show_detail` VALUES ('446', '0', '0', 'Chef Series: Da Bing; Ep 19', '2013-11-06', '03:30:00', '00:30:00', '', '', '0', '');
INSERT INTO `default_inn_epg_show_detail` VALUES ('447', '0', '0', 'Sugar 2; Ep 32', '2013-11-06', '04:00:00', '00:30:00', '', '', '0', '');
INSERT INTO `default_inn_epg_show_detail` VALUES ('448', '0', '0', 'Daily Cooks; Ep 28', '2013-11-06', '04:30:00', '00:30:00', '', '', '0', '');
INSERT INTO `default_inn_epg_show_detail` VALUES ('449', '0', '0', 'Cook Like A Chef 3; Ep 1', '2013-11-06', '05:00:00', '00:30:00', '', '', '0', '');
INSERT INTO `default_inn_epg_show_detail` VALUES ('450', '0', '0', 'Sugar 2; Ep 33', '2013-11-06', '05:30:00', '00:30:00', '', '', '0', '');
INSERT INTO `default_inn_epg_show_detail` VALUES ('451', '0', '0', 'Food Jammers 3; Ep 3', '2013-11-06', '06:00:00', '00:30:00', '', '', '0', '');
INSERT INTO `default_inn_epg_show_detail` VALUES ('452', '0', '0', 'Chef At Home 5; Ep 11', '2013-11-06', '06:30:00', '00:30:00', '', '', '0', '');
INSERT INTO `default_inn_epg_show_detail` VALUES ('453', '0', '0', 'Sajian; Ep 17', '2013-11-06', '07:00:00', '00:30:00', '', '', '0', '');
INSERT INTO `default_inn_epg_show_detail` VALUES ('454', '0', '0', 'Sajian; Ep 18', '2013-11-06', '07:30:00', '00:30:00', '', '', '0', '');
INSERT INTO `default_inn_epg_show_detail` VALUES ('455', '0', '0', 'Taste With Jason 5; Ep 6', '2013-11-06', '08:00:00', '00:30:00', '', '', '0', '');
INSERT INTO `default_inn_epg_show_detail` VALUES ('456', '0', '0', 'Discover! North Taste; Ep 22', '2013-11-06', '08:30:00', '00:30:00', '', '', '0', '');
INSERT INTO `default_inn_epg_show_detail` VALUES ('457', '0', '0', 'From Spain With Love 1; Ep 11', '2013-11-06', '09:00:00', '00:30:00', '', '', '0', '');
INSERT INTO `default_inn_epg_show_detail` VALUES ('458', '0', '0', 'Fresh With Anna Olson 3; Ep 12', '2013-11-06', '09:30:00', '00:30:00', '', '', '0', '');
INSERT INTO `default_inn_epg_show_detail` VALUES ('459', '0', '0', 'Dinner Party Wars 2; Ep 8', '2013-11-06', '10:00:00', '01:00:00', '', '', '0', '');
INSERT INTO `default_inn_epg_show_detail` VALUES ('460', '0', '0', 'Chef Series: Da Bing; Ep 20', '2013-11-06', '11:00:00', '00:30:00', '', '', '0', '');
INSERT INTO `default_inn_epg_show_detail` VALUES ('461', '0', '0', 'Food Glorious Food 4; Ep 5', '2013-11-06', '11:30:00', '00:30:00', '', '', '0', '');
INSERT INTO `default_inn_epg_show_detail` VALUES ('462', '0', '0', 'French Food At Home 2; Ep 26', '2013-11-06', '12:00:00', '00:30:00', '', '', '0', '');
INSERT INTO `default_inn_epg_show_detail` VALUES ('463', '0', '0', 'A Cook\'s Tour; Ep 17', '2013-11-06', '12:30:00', '00:30:00', '', '', '0', '');
INSERT INTO `default_inn_epg_show_detail` VALUES ('464', '0', '0', 'Sajian; Ep 17', '2013-11-06', '13:00:00', '00:30:00', '', '', '0', '');
INSERT INTO `default_inn_epg_show_detail` VALUES ('465', '0', '0', 'Sajian; Ep 18', '2013-11-06', '13:30:00', '00:30:00', '', '', '0', '');
INSERT INTO `default_inn_epg_show_detail` VALUES ('466', '0', '0', '5 Rencah 5 Rasa 2; Ep 10', '2013-11-06', '14:00:00', '00:30:00', '', '', '0', '');
INSERT INTO `default_inn_epg_show_detail` VALUES ('467', '0', '0', 'Chuck\'s Week Off; Ep 6', '2013-11-06', '14:30:00', '00:30:00', '', '', '0', '');
INSERT INTO `default_inn_epg_show_detail` VALUES ('468', '0', '0', 'Slurp! 1; Ep 7', '2013-11-06', '15:00:00', '00:30:00', '', '', '0', '');
INSERT INTO `default_inn_epg_show_detail` VALUES ('469', '0', '0', 'Makan Unlimited; Ep 7', '2013-11-06', '15:30:00', '00:30:00', '', '', '0', '');
INSERT INTO `default_inn_epg_show_detail` VALUES ('470', '0', '0', 'Taste With Jason 5; Ep 6', '2013-11-06', '16:00:00', '00:30:00', '', '', '0', '');
INSERT INTO `default_inn_epg_show_detail` VALUES ('471', '0', '0', 'From Spain With Love 1; Ep 11', '2013-11-06', '16:30:00', '00:30:00', '', '', '0', '');
INSERT INTO `default_inn_epg_show_detail` VALUES ('472', '0', '0', 'Food Fighters; Ep 4', '2013-11-06', '17:00:00', '01:00:00', '', '', '0', '');
INSERT INTO `default_inn_epg_show_detail` VALUES ('473', '0', '0', 'A Cook\'s Tour; Ep 17', '2013-11-06', '18:00:00', '00:30:00', '', '', '0', '');
INSERT INTO `default_inn_epg_show_detail` VALUES ('474', '0', '0', 'Fresh With Anna Olson 3; Ep 12', '2013-11-06', '18:30:00', '00:30:00', '', '', '0', '');
INSERT INTO `default_inn_epg_show_detail` VALUES ('475', '0', '0', 'Sizzling Woks 2; Ep 7', '2013-11-06', '19:00:00', '00:30:00', '', '', '0', '');
INSERT INTO `default_inn_epg_show_detail` VALUES ('476', '0', '0', 'Food Truck 1; Ep 3', '2013-11-06', '19:30:00', '00:30:00', '', '', '0', '');
INSERT INTO `default_inn_epg_show_detail` VALUES ('477', '0', '0', 'Bake With Anna Olson 3; Ep 4', '2013-11-06', '20:00:00', '00:30:00', '', '', '0', '');
INSERT INTO `default_inn_epg_show_detail` VALUES ('478', '0', '0', 'James & Thom\'s Pizza; Ep 5', '2013-11-06', '20:30:00', '00:30:00', '', '', '0', '');
INSERT INTO `default_inn_epg_show_detail` VALUES ('479', '0', '0', 'The Big Break Finale; Ep 12', '2013-11-06', '21:00:00', '00:30:00', '', '', '0', '');
INSERT INTO `default_inn_epg_show_detail` VALUES ('480', '0', '0', 'The Big Break Finale; Ep 13', '2013-11-06', '21:30:00', '00:30:00', '', '', '0', '');
INSERT INTO `default_inn_epg_show_detail` VALUES ('481', '0', '0', 'Drive Thru Australia 1; Ep 11', '2013-11-06', '22:00:00', '00:30:00', '', '', '0', '');
INSERT INTO `default_inn_epg_show_detail` VALUES ('482', '0', '0', 'French Food At Home 2; Ep 26', '2013-11-06', '22:30:00', '00:30:00', '', '', '0', '');
INSERT INTO `default_inn_epg_show_detail` VALUES ('483', '0', '0', 'Taste With Jason 5; Ep 6', '2013-11-06', '23:00:00', '00:30:00', '', '', '0', '');
INSERT INTO `default_inn_epg_show_detail` VALUES ('484', '0', '0', 'Food Jammers 3; Ep 3', '2013-11-06', '23:30:00', '00:30:00', '', '', '0', '');
INSERT INTO `default_inn_epg_show_detail` VALUES ('485', '0', '0', 'Bake With Anna Olson 3; Ep 4', '2013-12-06', '00:00:00', '00:30:00', '', '', '0', '');
INSERT INTO `default_inn_epg_show_detail` VALUES ('486', '0', '0', 'James & Thom\'s Pizza; Ep 5', '2013-12-06', '00:30:00', '00:30:00', '', '', '0', '');
INSERT INTO `default_inn_epg_show_detail` VALUES ('487', '0', '0', 'Sajian; Ep 17', '2013-12-06', '01:00:00', '00:30:00', '', '', '0', '');
INSERT INTO `default_inn_epg_show_detail` VALUES ('488', '0', '0', 'Sajian; Ep 18', '2013-12-06', '01:30:00', '00:30:00', '', '', '0', '');
INSERT INTO `default_inn_epg_show_detail` VALUES ('489', '0', '0', 'Food Glorious Food 4; Ep 5', '2013-12-06', '02:00:00', '00:30:00', '', '', '0', '');
INSERT INTO `default_inn_epg_show_detail` VALUES ('490', '0', '0', 'Chef At Home 5; Ep 11', '2013-12-06', '02:30:00', '00:30:00', '', '', '0', '');
INSERT INTO `default_inn_epg_show_detail` VALUES ('491', '0', '0', 'Discover! North Taste; Ep 22', '2013-12-06', '03:00:00', '00:30:00', '', '', '0', '');
INSERT INTO `default_inn_epg_show_detail` VALUES ('492', '0', '0', 'Chef Series: Da Bing; Ep 20', '2013-12-06', '03:30:00', '00:30:00', '', '', '0', '');
INSERT INTO `default_inn_epg_show_detail` VALUES ('493', '0', '0', 'Sugar 2; Ep 33', '2013-12-06', '04:00:00', '00:30:00', '', '', '0', '');
INSERT INTO `default_inn_epg_show_detail` VALUES ('494', '0', '0', 'Daily Cooks; Ep 29', '2013-12-06', '04:30:00', '00:30:00', '', '', '0', '');
INSERT INTO `default_inn_epg_show_detail` VALUES ('495', '0', '0', 'Cook Like A Chef 3; Ep 2', '2013-12-06', '05:00:00', '00:30:00', '', '', '0', '');
INSERT INTO `default_inn_epg_show_detail` VALUES ('496', '0', '0', 'Sugar 2; Ep 34', '2013-12-06', '05:30:00', '00:30:00', '', '', '0', '');
INSERT INTO `default_inn_epg_show_detail` VALUES ('497', '0', '0', 'Food Jammers 3; Ep 4', '2013-12-06', '06:00:00', '00:30:00', '', '', '0', '');
INSERT INTO `default_inn_epg_show_detail` VALUES ('498', '0', '0', 'Chef At Home 5; Ep 12', '2013-12-06', '06:30:00', '00:30:00', '', '', '0', '');
INSERT INTO `default_inn_epg_show_detail` VALUES ('499', '0', '0', 'Ekspedisi Chef Wan 1; Ep 20', '2013-12-06', '07:00:00', '00:30:00', '', '', '0', '');
INSERT INTO `default_inn_epg_show_detail` VALUES ('500', '0', '0', 'Ekspedisi Chef Wan 1; Ep 21', '2013-12-06', '07:30:00', '00:30:00', '', '', '0', '');
INSERT INTO `default_inn_epg_show_detail` VALUES ('501', '0', '0', 'Taste With Jason 5; Ep 7', '2013-12-06', '08:00:00', '00:30:00', '', '', '0', '');
INSERT INTO `default_inn_epg_show_detail` VALUES ('502', '0', '0', 'Journey Hokkaido; Ep 3', '2013-12-06', '08:30:00', '00:30:00', '', '', '0', '');
INSERT INTO `default_inn_epg_show_detail` VALUES ('503', '0', '0', 'Drive Thru Australia 1; Ep 11', '2013-12-06', '09:00:00', '00:30:00', '', '', '0', '');
INSERT INTO `default_inn_epg_show_detail` VALUES ('504', '0', '0', 'Fresh With Anna Olson 3; Ep 13', '2013-12-06', '09:30:00', '00:30:00', '', '', '0', '');
INSERT INTO `default_inn_epg_show_detail` VALUES ('505', '0', '0', 'Restaurant Makeover 4; Ep 1', '2013-12-06', '10:00:00', '01:00:00', '', '', '0', '');
INSERT INTO `default_inn_epg_show_detail` VALUES ('506', '0', '0', 'Chef Series: Da Bing; Ep 21', '2013-12-06', '11:00:00', '00:30:00', '', '', '0', '');
INSERT INTO `default_inn_epg_show_detail` VALUES ('507', '0', '0', 'Food Glorious Food 4; Ep 6', '2013-12-06', '11:30:00', '00:30:00', '', '', '0', '');
INSERT INTO `default_inn_epg_show_detail` VALUES ('508', '0', '0', 'French Food At Home 3; Ep 1', '2013-12-06', '12:00:00', '00:30:00', '', '', '0', '');
INSERT INTO `default_inn_epg_show_detail` VALUES ('509', '0', '0', 'A Cook\'s Tour; Ep 18', '2013-12-06', '12:30:00', '00:30:00', '', '', '0', '');
INSERT INTO `default_inn_epg_show_detail` VALUES ('510', '0', '0', 'Ekspedisi Chef Wan 1; Ep 20', '2013-12-06', '13:00:00', '00:30:00', '', '', '0', '');
INSERT INTO `default_inn_epg_show_detail` VALUES ('511', '0', '0', 'Ekspedisi Chef Wan 1; Ep 21', '2013-12-06', '13:30:00', '00:30:00', '', '', '0', '');
INSERT INTO `default_inn_epg_show_detail` VALUES ('512', '0', '0', 'Bake With Anna Olson 3; Ep 4', '2013-12-06', '14:00:00', '00:30:00', '', '', '0', '');
INSERT INTO `default_inn_epg_show_detail` VALUES ('513', '0', '0', 'James & Thom\'s Pizza; Ep 5', '2013-12-06', '14:30:00', '00:30:00', '', '', '0', '');
INSERT INTO `default_inn_epg_show_detail` VALUES ('514', '0', '0', 'Sizzling Woks 2; Ep 7', '2013-12-06', '15:00:00', '00:30:00', '', '', '0', '');
INSERT INTO `default_inn_epg_show_detail` VALUES ('515', '0', '0', 'Food Truck 1; Ep 3', '2013-12-06', '15:30:00', '00:30:00', '', '', '0', '');
INSERT INTO `default_inn_epg_show_detail` VALUES ('516', '0', '0', 'Taste With Jason 5; Ep 7', '2013-12-06', '16:00:00', '00:30:00', '', '', '0', '');
INSERT INTO `default_inn_epg_show_detail` VALUES ('517', '0', '0', 'Drive Thru Australia 1; Ep 11', '2013-12-06', '16:30:00', '00:30:00', '', '', '0', '');
INSERT INTO `default_inn_epg_show_detail` VALUES ('518', '0', '0', 'The Big Break Finale; Ep 12', '2013-12-06', '17:00:00', '00:30:00', '', '', '0', '');
INSERT INTO `default_inn_epg_show_detail` VALUES ('519', '0', '0', 'The Big Break Finale; Ep 13', '2013-12-06', '17:30:00', '00:30:00', '', '', '0', '');
INSERT INTO `default_inn_epg_show_detail` VALUES ('520', '0', '0', 'A Cook\'s Tour; Ep 18', '2013-12-06', '18:00:00', '00:30:00', '', '', '0', '');
INSERT INTO `default_inn_epg_show_detail` VALUES ('521', '0', '0', 'Fresh With Anna Olson 3; Ep 13', '2013-12-06', '18:30:00', '00:30:00', '', '', '0', '');
INSERT INTO `default_inn_epg_show_detail` VALUES ('522', '0', '0', 'A La Chef; Farah Quinn; Ep 11', '2013-12-06', '19:00:00', '00:30:00', '', '', '0', '');
INSERT INTO `default_inn_epg_show_detail` VALUES ('523', '0', '0', 'Makan Angin 1; Ep 5', '2013-12-06', '19:30:00', '00:30:00', '', '', '0', '');
INSERT INTO `default_inn_epg_show_detail` VALUES ('524', '0', '0', 'Spice Goddess; Ep 2', '2013-12-06', '20:00:00', '00:30:00', '', '', '0', '');
INSERT INTO `default_inn_epg_show_detail` VALUES ('525', '0', '0', 'Pitchin In 1; Ep 2', '2013-12-06', '20:30:00', '00:30:00', '', '', '0', '');
INSERT INTO `default_inn_epg_show_detail` VALUES ('526', '0', '0', 'Iron Chef; Ep 7', '2013-12-06', '21:00:00', '01:00:00', '', '', '0', '');
INSERT INTO `default_inn_epg_show_detail` VALUES ('527', '0', '0', 'Chuck\'s Day Off 2; Ep 16', '2013-12-06', '22:00:00', '00:30:00', '', '', '0', '');
INSERT INTO `default_inn_epg_show_detail` VALUES ('528', '0', '0', 'French Food At Home 3; Ep 1', '2013-12-06', '22:30:00', '00:30:00', '', '', '0', '');
INSERT INTO `default_inn_epg_show_detail` VALUES ('529', '0', '0', 'Taste With Jason 5; Ep 7', '2013-12-06', '23:00:00', '00:30:00', '', '', '0', '');
INSERT INTO `default_inn_epg_show_detail` VALUES ('530', '0', '0', 'Food Jammers 3; Ep 4', '2013-12-06', '23:30:00', '00:30:00', '', '', '0', '');
INSERT INTO `default_inn_epg_show_detail` VALUES ('531', '0', '0', 'Spice Goddess; Ep 2', '0000-00-00', '00:00:00', '00:30:00', '', '', '0', '');
INSERT INTO `default_inn_epg_show_detail` VALUES ('532', '0', '0', 'Pitchin In 1; Ep 2', '0000-00-00', '00:30:00', '00:30:00', '', '', '0', '');
INSERT INTO `default_inn_epg_show_detail` VALUES ('533', '0', '0', 'Ekspedisi Chef Wan 1; Ep 20', '0000-00-00', '01:00:00', '00:30:00', '', '', '0', '');
INSERT INTO `default_inn_epg_show_detail` VALUES ('534', '0', '0', 'Ekspedisi Chef Wan 1; Ep 21', '0000-00-00', '01:30:00', '00:30:00', '', '', '0', '');
INSERT INTO `default_inn_epg_show_detail` VALUES ('535', '0', '0', 'Food Glorious Food 4; Ep 6', '0000-00-00', '02:00:00', '00:30:00', '', '', '0', '');
INSERT INTO `default_inn_epg_show_detail` VALUES ('536', '0', '0', 'Chef At Home 5; Ep 12', '0000-00-00', '02:30:00', '00:30:00', '', '', '0', '');
INSERT INTO `default_inn_epg_show_detail` VALUES ('537', '0', '0', 'Journey Hokkaido; Ep 3', '0000-00-00', '03:00:00', '00:30:00', '', '', '0', '');
INSERT INTO `default_inn_epg_show_detail` VALUES ('538', '0', '0', 'Chef Series: Da Bing; Ep 21', '0000-00-00', '03:30:00', '00:30:00', '', '', '0', '');
INSERT INTO `default_inn_epg_show_detail` VALUES ('539', '0', '0', 'Sugar 2; Ep 34', '0000-00-00', '04:00:00', '00:30:00', '', '', '0', '');
INSERT INTO `default_inn_epg_show_detail` VALUES ('540', '0', '0', 'Daily Cooks; Ep 30', '0000-00-00', '04:30:00', '00:30:00', '', '', '0', '');
INSERT INTO `default_inn_epg_show_detail` VALUES ('541', '0', '0', 'Cook Like A Chef 3; Ep 3', '0000-00-00', '05:00:00', '00:30:00', '', '', '0', '');
INSERT INTO `default_inn_epg_show_detail` VALUES ('542', '0', '0', 'Sugar 2; Ep 35', '0000-00-00', '05:30:00', '00:30:00', '', '', '0', '');
INSERT INTO `default_inn_epg_show_detail` VALUES ('543', '0', '0', 'Food Jammers 3; Ep 5', '0000-00-00', '06:00:00', '00:30:00', '', '', '0', '');
INSERT INTO `default_inn_epg_show_detail` VALUES ('544', '0', '0', 'Chef At Home 5; Ep 13', '0000-00-00', '06:30:00', '00:30:00', '', '', '0', '');
INSERT INTO `default_inn_epg_show_detail` VALUES ('545', '0', '0', 'Masak Apa 4; Ep 6', '0000-00-00', '07:00:00', '00:30:00', '', '', '0', '');
INSERT INTO `default_inn_epg_show_detail` VALUES ('546', '0', '0', 'Masak Apa 4; Ep 7', '0000-00-00', '07:30:00', '00:30:00', '', '', '0', '');
INSERT INTO `default_inn_epg_show_detail` VALUES ('547', '0', '0', 'Taste With Jason 5; Ep 8', '0000-00-00', '08:00:00', '00:30:00', '', '', '0', '');
INSERT INTO `default_inn_epg_show_detail` VALUES ('548', '0', '0', 'Discover! North Taste; Ep 23', '0000-00-00', '08:30:00', '00:30:00', '', '', '0', '');
INSERT INTO `default_inn_epg_show_detail` VALUES ('549', '0', '0', 'Chuck\'s Day Off 2; Ep 16', '0000-00-00', '09:00:00', '00:30:00', '', '', '0', '');
INSERT INTO `default_inn_epg_show_detail` VALUES ('550', '0', '0', 'Fresh With Anna Olson 3; Ep 14', '0000-00-00', '09:30:00', '00:30:00', '', '', '0', '');
INSERT INTO `default_inn_epg_show_detail` VALUES ('551', '0', '0', 'Dinner Party Wars 2; Ep 9', '0000-00-00', '10:00:00', '01:00:00', '', '', '0', '');
INSERT INTO `default_inn_epg_show_detail` VALUES ('552', '0', '0', 'Chef Series: Da Bing; Ep 22', '0000-00-00', '11:00:00', '00:30:00', '', '', '0', '');
INSERT INTO `default_inn_epg_show_detail` VALUES ('553', '0', '0', 'Food Glorious Food 4; Ep 7', '0000-00-00', '11:30:00', '00:30:00', '', '', '0', '');
INSERT INTO `default_inn_epg_show_detail` VALUES ('554', '0', '0', 'French Food At Home 3; Ep 2', '0000-00-00', '12:00:00', '00:30:00', '', '', '0', '');
INSERT INTO `default_inn_epg_show_detail` VALUES ('555', '0', '0', 'A Cook\'s Tour; Ep 19', '0000-00-00', '12:30:00', '00:30:00', '', '', '0', '');
INSERT INTO `default_inn_epg_show_detail` VALUES ('556', '0', '0', 'Masak Apa 4; Ep 6', '0000-00-00', '13:00:00', '00:30:00', '', '', '0', '');
INSERT INTO `default_inn_epg_show_detail` VALUES ('557', '0', '0', 'Masak Apa 4; Ep 7', '0000-00-00', '13:30:00', '00:30:00', '', '', '0', '');
INSERT INTO `default_inn_epg_show_detail` VALUES ('558', '0', '0', 'Spice Goddess; Ep 2', '0000-00-00', '14:00:00', '00:30:00', '', '', '0', '');
INSERT INTO `default_inn_epg_show_detail` VALUES ('559', '0', '0', 'Pitchin In 1; Ep 2', '0000-00-00', '14:30:00', '00:30:00', '', '', '0', '');
INSERT INTO `default_inn_epg_show_detail` VALUES ('560', '0', '0', 'A La Chef; Farah Quinn; Ep 11', '0000-00-00', '15:00:00', '00:30:00', '', '', '0', '');
INSERT INTO `default_inn_epg_show_detail` VALUES ('561', '0', '0', 'Makan Angin 1; Ep 5', '0000-00-00', '15:30:00', '00:30:00', '', '', '0', '');
INSERT INTO `default_inn_epg_show_detail` VALUES ('562', '0', '0', 'Taste With Jason 5; Ep 8', '0000-00-00', '16:00:00', '00:30:00', '', '', '0', '');
INSERT INTO `default_inn_epg_show_detail` VALUES ('563', '0', '0', 'Chuck\'s Day Off 2; Ep 16', '0000-00-00', '16:30:00', '00:30:00', '', '', '0', '');
INSERT INTO `default_inn_epg_show_detail` VALUES ('564', '0', '0', 'Iron Chef; Ep 7', '0000-00-00', '17:00:00', '01:00:00', '', '', '0', '');
INSERT INTO `default_inn_epg_show_detail` VALUES ('565', '0', '0', 'A Cook\'s Tour; Ep 19', '0000-00-00', '18:00:00', '00:30:00', '', '', '0', '');
INSERT INTO `default_inn_epg_show_detail` VALUES ('566', '0', '0', 'Fresh With Anna Olson 3; Ep 14', '0000-00-00', '18:30:00', '00:30:00', '', '', '0', '');
INSERT INTO `default_inn_epg_show_detail` VALUES ('567', '0', '0', 'Avec Eric 1; Ep 7', '0000-00-00', '19:00:00', '00:30:00', '', '', '0', '');
INSERT INTO `default_inn_epg_show_detail` VALUES ('568', '0', '0', 'Back To The Streets 1; Ep 1', '0000-00-00', '19:30:00', '00:30:00', '', '', '0', '');
INSERT INTO `default_inn_epg_show_detail` VALUES ('569', '0', '0', 'Best In The World; Ep 6', '0000-00-00', '20:00:00', '00:30:00', '', '', '0', '');
INSERT INTO `default_inn_epg_show_detail` VALUES ('570', '0', '0', 'Secret Meat Business 3; Ep 1', '0000-00-00', '20:30:00', '00:30:00', '', '', '0', '');
INSERT INTO `default_inn_epg_show_detail` VALUES ('571', '0', '0', 'Hugh\'s 3 Good Things; Ep 3', '0000-00-00', '21:00:00', '00:30:00', '', '', '0', '');
INSERT INTO `default_inn_epg_show_detail` VALUES ('572', '0', '0', 'Hugh\'s 3 Good Things; Ep 4', '0000-00-00', '21:30:00', '00:30:00', '', '', '0', '');
INSERT INTO `default_inn_epg_show_detail` VALUES ('573', '0', '0', 'Rude Boy Food 1; Ep 1', '0000-00-00', '22:00:00', '00:30:00', '', '', '0', '');
INSERT INTO `default_inn_epg_show_detail` VALUES ('574', '0', '0', 'French Food At Home 3; Ep 2', '0000-00-00', '22:30:00', '00:30:00', '', '', '0', '');
INSERT INTO `default_inn_epg_show_detail` VALUES ('575', '0', '0', 'Taste With Jason 5; Ep 8', '0000-00-00', '23:00:00', '00:30:00', '', '', '0', '');
INSERT INTO `default_inn_epg_show_detail` VALUES ('576', '0', '0', 'Food Jammers 3; Ep 5', '0000-00-00', '23:30:00', '00:30:00', '', '', '0', '');
INSERT INTO `default_inn_epg_show_detail` VALUES ('577', '0', '0', 'Best In The World; Ep 6', '0000-00-00', '00:00:00', '00:30:00', '', '', '0', '');
INSERT INTO `default_inn_epg_show_detail` VALUES ('578', '0', '0', 'Secret Meat Business 3; Ep 1', '0000-00-00', '00:30:00', '00:30:00', '', '', '0', '');
INSERT INTO `default_inn_epg_show_detail` VALUES ('579', '0', '0', 'Masak Apa 4; Ep 6', '0000-00-00', '01:00:00', '00:30:00', '', '', '0', '');
INSERT INTO `default_inn_epg_show_detail` VALUES ('580', '0', '0', 'Masak Apa 4; Ep 7', '0000-00-00', '01:30:00', '00:30:00', '', '', '0', '');
INSERT INTO `default_inn_epg_show_detail` VALUES ('581', '0', '0', 'Food Glorious Food 4; Ep 7', '0000-00-00', '02:00:00', '00:30:00', '', '', '0', '');
INSERT INTO `default_inn_epg_show_detail` VALUES ('582', '0', '0', 'Chef At Home 5; Ep 13', '0000-00-00', '02:30:00', '00:30:00', '', '', '0', '');
INSERT INTO `default_inn_epg_show_detail` VALUES ('583', '0', '0', 'Discover! North Taste; Ep 23', '0000-00-00', '03:00:00', '00:30:00', '', '', '0', '');
INSERT INTO `default_inn_epg_show_detail` VALUES ('584', '0', '0', 'Chef Series: Da Bing; Ep 22', '0000-00-00', '03:30:00', '00:30:00', '', '', '0', '');
INSERT INTO `default_inn_epg_show_detail` VALUES ('585', '0', '0', 'Sugar 2; Ep 35', '0000-00-00', '04:00:00', '00:30:00', '', '', '0', '');
INSERT INTO `default_inn_epg_show_detail` VALUES ('586', '0', '0', 'Daily Cooks; Ep 31', '0000-00-00', '04:30:00', '00:30:00', '', '', '0', '');
INSERT INTO `default_inn_epg_show_detail` VALUES ('587', '0', '0', 'Cook Like A Chef 3; Ep 4', '0000-00-00', '05:00:00', '00:30:00', '', '', '0', '');
INSERT INTO `default_inn_epg_show_detail` VALUES ('588', '0', '0', 'Sugar 2; Ep 36', '0000-00-00', '05:30:00', '00:30:00', '', '', '0', '');
INSERT INTO `default_inn_epg_show_detail` VALUES ('589', '0', '0', 'Food Jammers 3; Ep 6', '0000-00-00', '06:00:00', '00:30:00', '', '', '0', '');
INSERT INTO `default_inn_epg_show_detail` VALUES ('590', '0', '0', 'Chef At Home 5; Ep 14', '0000-00-00', '06:30:00', '00:30:00', '', '', '0', '');
INSERT INTO `default_inn_epg_show_detail` VALUES ('591', '0', '0', 'Yuk Buat Roti; Ep 10', '0000-00-00', '07:00:00', '00:30:00', '', '', '0', '');
INSERT INTO `default_inn_epg_show_detail` VALUES ('592', '0', '0', 'Yuk Buat Roti; Ep 1', '0000-00-00', '07:30:00', '00:30:00', '', '', '0', '');
INSERT INTO `default_inn_epg_show_detail` VALUES ('593', '0', '0', 'Taste With Jason 5; Ep 9', '0000-00-00', '08:00:00', '00:30:00', '', '', '0', '');
INSERT INTO `default_inn_epg_show_detail` VALUES ('594', '0', '0', 'Dosanko Cooking; Ep 17', '0000-00-00', '08:30:00', '00:30:00', '', '', '0', '');
INSERT INTO `default_inn_epg_show_detail` VALUES ('595', '0', '0', 'Rude Boy Food 1; Ep 1', '0000-00-00', '09:00:00', '00:30:00', '', '', '0', '');
INSERT INTO `default_inn_epg_show_detail` VALUES ('596', '0', '0', 'Fresh With Anna Olson 3; Ep 15', '0000-00-00', '09:30:00', '00:30:00', '', '', '0', '');
INSERT INTO `default_inn_epg_show_detail` VALUES ('597', '0', '0', 'Restaurant Makeover 4; Ep 2', '0000-00-00', '10:00:00', '01:00:00', '', '', '0', '');
INSERT INTO `default_inn_epg_show_detail` VALUES ('598', '0', '0', 'Chef Series: Da Bing; Ep 23', '0000-00-00', '11:00:00', '00:30:00', '', '', '0', '');
INSERT INTO `default_inn_epg_show_detail` VALUES ('599', '0', '0', 'Food Glorious Food 4; Ep 8', '0000-00-00', '11:30:00', '00:30:00', '', '', '0', '');
INSERT INTO `default_inn_epg_show_detail` VALUES ('600', '0', '0', 'French Food At Home 3; Ep 3', '0000-00-00', '12:00:00', '00:30:00', '', '', '0', '');
INSERT INTO `default_inn_epg_show_detail` VALUES ('601', '0', '0', 'A Cook\'s Tour; Ep 20', '0000-00-00', '12:30:00', '00:30:00', '', '', '0', '');
INSERT INTO `default_inn_epg_show_detail` VALUES ('602', '0', '0', 'Yuk Buat Roti; Ep 10', '0000-00-00', '13:00:00', '00:30:00', '', '', '0', '');
INSERT INTO `default_inn_epg_show_detail` VALUES ('603', '0', '0', 'Yuk Buat Roti; Ep 1', '0000-00-00', '13:30:00', '00:30:00', '', '', '0', '');
INSERT INTO `default_inn_epg_show_detail` VALUES ('604', '0', '0', 'Best In The World; Ep 6', '0000-00-00', '14:00:00', '00:30:00', '', '', '0', '');
INSERT INTO `default_inn_epg_show_detail` VALUES ('605', '0', '0', 'Secret Meat Business 3; Ep 1', '0000-00-00', '14:30:00', '00:30:00', '', '', '0', '');
INSERT INTO `default_inn_epg_show_detail` VALUES ('606', '0', '0', 'Avec Eric 1; Ep 7', '0000-00-00', '15:00:00', '00:30:00', '', '', '0', '');
INSERT INTO `default_inn_epg_show_detail` VALUES ('607', '0', '0', 'Back To The Streets 1; Ep 1', '0000-00-00', '15:30:00', '00:30:00', '', '', '0', '');
INSERT INTO `default_inn_epg_show_detail` VALUES ('608', '0', '0', 'Taste With Jason 5; Ep 9', '0000-00-00', '16:00:00', '00:30:00', '', '', '0', '');
INSERT INTO `default_inn_epg_show_detail` VALUES ('609', '0', '0', 'Rude Boy Food 1; Ep 1', '0000-00-00', '16:30:00', '00:30:00', '', '', '0', '');
INSERT INTO `default_inn_epg_show_detail` VALUES ('610', '0', '0', 'Hugh\'s 3 Good Things; Ep 3', '0000-00-00', '17:00:00', '00:30:00', '', '', '0', '');
INSERT INTO `default_inn_epg_show_detail` VALUES ('611', '0', '0', 'Hugh\'s 3 Good Things; Ep 4', '0000-00-00', '17:30:00', '00:30:00', '', '', '0', '');
INSERT INTO `default_inn_epg_show_detail` VALUES ('612', '0', '0', 'A Cook\'s Tour; Ep 20', '0000-00-00', '18:00:00', '00:30:00', '', '', '0', '');
INSERT INTO `default_inn_epg_show_detail` VALUES ('613', '0', '0', 'Fresh With Anna Olson 3; Ep 15', '0000-00-00', '18:30:00', '00:30:00', '', '', '0', '');
INSERT INTO `default_inn_epg_show_detail` VALUES ('614', '0', '0', 'Instant Chef 1; Ep 11', '0000-00-00', '19:00:00', '00:30:00', '', '', '0', '');
INSERT INTO `default_inn_epg_show_detail` VALUES ('615', '0', '0', 'Opening: Bestellen; Ep 3', '0000-00-00', '19:30:00', '00:30:00', '', '', '0', '');
INSERT INTO `default_inn_epg_show_detail` VALUES ('616', '0', '0', 'One Plate At A Time 3; Ep 4', '0000-00-00', '20:00:00', '00:30:00', '', '', '0', '');
INSERT INTO `default_inn_epg_show_detail` VALUES ('617', '0', '0', 'After Hours; Daniel 3; Ep 9', '0000-00-00', '20:30:00', '00:30:00', '', '', '0', '');
INSERT INTO `default_inn_epg_show_detail` VALUES ('618', '0', '0', 'Conviction Kitchen 1; Ep 3', '0000-00-00', '21:00:00', '01:00:00', '', '', '0', '');
INSERT INTO `default_inn_epg_show_detail` VALUES ('619', '0', '0', 'Scandinavian Cooking; Ep 8', '0000-00-00', '22:00:00', '00:30:00', '', '', '0', '');
INSERT INTO `default_inn_epg_show_detail` VALUES ('620', '0', '0', 'French Food At Home 3; Ep 3', '0000-00-00', '22:30:00', '00:30:00', '', '', '0', '');
INSERT INTO `default_inn_epg_show_detail` VALUES ('621', '0', '0', 'Taste With Jason 5; Ep 9', '0000-00-00', '23:00:00', '00:30:00', '', '', '0', '');
INSERT INTO `default_inn_epg_show_detail` VALUES ('622', '0', '0', 'Food Jammers 3; Ep 6', '0000-00-00', '23:30:00', '00:30:00', '', '', '0', '');
INSERT INTO `default_inn_epg_show_detail` VALUES ('623', '0', '0', 'One Plate At A Time 3; Ep 4', '0000-00-00', '00:00:00', '00:30:00', '', '', '0', '');
INSERT INTO `default_inn_epg_show_detail` VALUES ('624', '0', '0', 'After Hours; Daniel 3; Ep 9', '0000-00-00', '00:30:00', '00:30:00', '', '', '0', '');
INSERT INTO `default_inn_epg_show_detail` VALUES ('625', '0', '0', 'Yuk Buat Roti; Ep 10', '0000-00-00', '01:00:00', '00:30:00', '', '', '0', '');
INSERT INTO `default_inn_epg_show_detail` VALUES ('626', '0', '0', 'Yuk Buat Roti; Ep 1', '0000-00-00', '01:30:00', '00:30:00', '', '', '0', '');
INSERT INTO `default_inn_epg_show_detail` VALUES ('627', '0', '0', 'Food Glorious Food 4; Ep 8', '0000-00-00', '02:00:00', '00:30:00', '', '', '0', '');
INSERT INTO `default_inn_epg_show_detail` VALUES ('628', '0', '0', 'Chef At Home 5; Ep 14', '0000-00-00', '02:30:00', '00:30:00', '', '', '0', '');
INSERT INTO `default_inn_epg_show_detail` VALUES ('629', '0', '0', 'Dosanko Cooking; Ep 17', '0000-00-00', '03:00:00', '00:30:00', '', '', '0', '');
INSERT INTO `default_inn_epg_show_detail` VALUES ('630', '0', '0', 'Chef Series: Da Bing; Ep 23', '0000-00-00', '03:30:00', '00:30:00', '', '', '0', '');
INSERT INTO `default_inn_epg_show_detail` VALUES ('631', '0', '0', 'Sugar 2; Ep 36', '0000-00-00', '04:00:00', '00:30:00', '', '', '0', '');
INSERT INTO `default_inn_epg_show_detail` VALUES ('632', '0', '0', 'Daily Cooks; Ep 32', '0000-00-00', '04:30:00', '00:30:00', '', '', '0', '');
INSERT INTO `default_inn_epg_show_detail` VALUES ('633', '0', '0', 'Cook Like A Chef 3; Ep 5', '0000-00-00', '05:00:00', '00:30:00', '', '', '0', '');
INSERT INTO `default_inn_epg_show_detail` VALUES ('634', '0', '0', 'Sugar 2; Ep 37', '0000-00-00', '05:30:00', '00:30:00', '', '', '0', '');
INSERT INTO `default_inn_epg_show_detail` VALUES ('635', '0', '0', 'Rude Boy Food 1; Ep 1', '0000-00-00', '06:00:00', '00:30:00', '', '', '0', '');
INSERT INTO `default_inn_epg_show_detail` VALUES ('636', '0', '0', 'Scandinavian Cooking; Ep 8', '0000-00-00', '06:30:00', '00:30:00', '', '', '0', '');
INSERT INTO `default_inn_epg_show_detail` VALUES ('637', '0', '0', 'Opening: Bestellen; Ep 3', '0000-00-00', '07:00:00', '00:30:00', '', '', '0', '');
INSERT INTO `default_inn_epg_show_detail` VALUES ('638', '0', '0', 'One Plate At A Time 3; Ep 4', '0000-00-00', '07:30:00', '00:30:00', '', '', '0', '');
INSERT INTO `default_inn_epg_show_detail` VALUES ('639', '0', '0', 'Food Fighters; Ep 4', '0000-00-00', '08:00:00', '01:00:00', '', '', '0', '');
INSERT INTO `default_inn_epg_show_detail` VALUES ('640', '0', '0', 'Fat Man In White Hat; Ep 2', '0000-00-00', '09:00:00', '01:00:00', '', '', '0', '');
INSERT INTO `default_inn_epg_show_detail` VALUES ('641', '0', '0', 'Back To The Streets 1; Ep 1', '0000-00-00', '10:00:00', '00:30:00', '', '', '0', '');
INSERT INTO `default_inn_epg_show_detail` VALUES ('642', '0', '0', 'Instant Chef 1; Ep 11', '0000-00-00', '10:30:00', '00:30:00', '', '', '0', '');
INSERT INTO `default_inn_epg_show_detail` VALUES ('643', '0', '0', 'Makan Angin 1; Ep 5', '0000-00-00', '11:00:00', '00:30:00', '', '', '0', '');
INSERT INTO `default_inn_epg_show_detail` VALUES ('644', '0', '0', 'A La Chef; Farah Quinn; Ep 11', '0000-00-00', '11:30:00', '00:30:00', '', '', '0', '');
INSERT INTO `default_inn_epg_show_detail` VALUES ('645', '0', '0', '5 Rencah 5 Rasa 2; Ep 10', '0000-00-00', '12:00:00', '00:30:00', '', '', '0', '');
INSERT INTO `default_inn_epg_show_detail` VALUES ('646', '0', '0', 'Best In The World; Ep 6', '0000-00-00', '12:30:00', '00:30:00', '', '', '0', '');
INSERT INTO `default_inn_epg_show_detail` VALUES ('647', '0', '0', 'Bake With Anna Olson 3; Ep 4', '0000-00-00', '13:00:00', '00:30:00', '', '', '0', '');
INSERT INTO `default_inn_epg_show_detail` VALUES ('648', '0', '0', 'James & Thom\'s Pizza; Ep 5', '0000-00-00', '13:30:00', '00:30:00', '', '', '0', '');
INSERT INTO `default_inn_epg_show_detail` VALUES ('649', '0', '0', 'Secret Meat Business 3; Ep 1', '0000-00-00', '14:00:00', '00:30:00', '', '', '0', '');
INSERT INTO `default_inn_epg_show_detail` VALUES ('650', '0', '0', 'After Hours; Daniel 3; Ep 9', '0000-00-00', '14:30:00', '00:30:00', '', '', '0', '');
INSERT INTO `default_inn_epg_show_detail` VALUES ('651', '0', '0', 'Conviction Kitchen 1; Ep 3', '0000-00-00', '15:00:00', '01:00:00', '', '', '0', '');
INSERT INTO `default_inn_epg_show_detail` VALUES ('652', '0', '0', 'Iron Chef; Ep 19', '0000-00-00', '16:00:00', '01:00:00', '', '', '0', '');
INSERT INTO `default_inn_epg_show_detail` VALUES ('653', '0', '0', 'One Night In Singapore; Ep 1', '0000-00-00', '17:00:00', '01:00:00', '', '', '0', '');
INSERT INTO `default_inn_epg_show_detail` VALUES ('654', '0', '0', 'Drive Thru Australia 1; Ep 11', '0000-00-00', '18:00:00', '00:30:00', '', '', '0', '');
INSERT INTO `default_inn_epg_show_detail` VALUES ('655', '0', '0', 'From Spain With Love 1; Ep 11', '0000-00-00', '18:30:00', '00:30:00', '', '', '0', '');
INSERT INTO `default_inn_epg_show_detail` VALUES ('656', '0', '0', 'Bake With Anna Olson 3; Ep 4', '0000-00-00', '19:00:00', '00:30:00', '', '', '0', '');
INSERT INTO `default_inn_epg_show_detail` VALUES ('657', '0', '0', 'Pitchin In 1; Ep 2', '0000-00-00', '19:30:00', '00:30:00', '', '', '0', '');
INSERT INTO `default_inn_epg_show_detail` VALUES ('658', '0', '0', 'Secret Meat Business 3; Ep 1', '0000-00-00', '20:00:00', '00:30:00', '', '', '0', '');
INSERT INTO `default_inn_epg_show_detail` VALUES ('659', '0', '0', 'James & Thom\'s Pizza; Ep 5', '0000-00-00', '20:30:00', '00:30:00', '', '', '0', '');
INSERT INTO `default_inn_epg_show_detail` VALUES ('660', '0', '0', 'The Big Break Finale; Ep 12', '0000-00-00', '21:00:00', '00:30:00', '', '', '0', '');
INSERT INTO `default_inn_epg_show_detail` VALUES ('661', '0', '0', 'The Big Break Finale; Ep 13', '0000-00-00', '21:30:00', '00:30:00', '', '', '0', '');
INSERT INTO `default_inn_epg_show_detail` VALUES ('662', '0', '0', 'Iron Chef; Ep 19', '0000-00-00', '22:00:00', '01:00:00', '', '', '0', '');
INSERT INTO `default_inn_epg_show_detail` VALUES ('663', '0', '0', 'Rude Boy Food 1; Ep 1', '0000-00-00', '23:00:00', '00:30:00', '', '', '0', '');
INSERT INTO `default_inn_epg_show_detail` VALUES ('664', '0', '0', 'Scandinavian Cooking; Ep 8', '0000-00-00', '23:30:00', '00:30:00', '', '', '0', '');
INSERT INTO `default_inn_epg_show_detail` VALUES ('665', '0', '0', 'After Hours; Daniel 3; Ep 9', '0000-00-00', '00:00:00', '00:30:00', '', '', '0', '');
INSERT INTO `default_inn_epg_show_detail` VALUES ('666', '0', '0', 'Spice Goddess; Ep 2', '0000-00-00', '00:30:00', '00:30:00', '', '', '0', '');
INSERT INTO `default_inn_epg_show_detail` VALUES ('667', '0', '0', 'Hugh\'s 3 Good Things; Ep 3', '0000-00-00', '01:00:00', '00:30:00', '', '', '0', '');
INSERT INTO `default_inn_epg_show_detail` VALUES ('668', '0', '0', 'Hugh\'s 3 Good Things; Ep 4', '0000-00-00', '01:30:00', '00:30:00', '', '', '0', '');
INSERT INTO `default_inn_epg_show_detail` VALUES ('669', '0', '0', 'One Plate At A Time 3; Ep 4', '0000-00-00', '02:00:00', '00:30:00', '', '', '0', '');
INSERT INTO `default_inn_epg_show_detail` VALUES ('670', '0', '0', 'Opening: Bestellen; Ep 3', '0000-00-00', '02:30:00', '00:30:00', '', '', '0', '');
INSERT INTO `default_inn_epg_show_detail` VALUES ('671', '0', '0', 'Food Jammers 3; Ep 2', '0000-00-00', '03:00:00', '00:30:00', '', '', '0', '');
INSERT INTO `default_inn_epg_show_detail` VALUES ('672', '0', '0', 'Food Jammers 3; Ep 3', '0000-00-00', '03:30:00', '00:30:00', '', '', '0', '');
INSERT INTO `default_inn_epg_show_detail` VALUES ('673', '0', '0', 'Sugar 2; Ep 37', '0000-00-00', '04:00:00', '00:30:00', '', '', '0', '');
INSERT INTO `default_inn_epg_show_detail` VALUES ('674', '0', '0', 'Daily Cooks; Ep 33', '0000-00-00', '04:30:00', '00:30:00', '', '', '0', '');
INSERT INTO `default_inn_epg_show_detail` VALUES ('675', '0', '0', 'Cook Like A Chef 3; Ep 6', '0000-00-00', '05:00:00', '00:30:00', '', '', '0', '');
INSERT INTO `default_inn_epg_show_detail` VALUES ('676', '0', '0', 'Sugar 2; Ep 38', '0000-00-00', '05:30:00', '00:30:00', '', '', '0', '');
INSERT INTO `default_inn_epg_show_detail` VALUES ('677', '0', '0', 'Drive Thru Australia 1; Ep 11', '0000-00-00', '06:00:00', '00:30:00', '', '', '0', '');
INSERT INTO `default_inn_epg_show_detail` VALUES ('678', '0', '0', 'From Spain With Love 1; Ep 11', '0000-00-00', '06:30:00', '00:30:00', '', '', '0', '');
INSERT INTO `default_inn_epg_show_detail` VALUES ('679', '0', '0', 'Chuck\'s Week Off; Ep 6', '0000-00-00', '07:00:00', '00:30:00', '', '', '0', '');
INSERT INTO `default_inn_epg_show_detail` VALUES ('680', '0', '0', 'Food Truck 1; Ep 3', '0000-00-00', '07:30:00', '00:30:00', '', '', '0', '');
INSERT INTO `default_inn_epg_show_detail` VALUES ('681', '0', '0', 'The Big Break Finale; Ep 12', '0000-00-00', '08:00:00', '00:30:00', '', '', '0', '');
INSERT INTO `default_inn_epg_show_detail` VALUES ('682', '0', '0', 'The Big Break Finale; Ep 13', '0000-00-00', '08:30:00', '00:30:00', '', '', '0', '');
INSERT INTO `default_inn_epg_show_detail` VALUES ('683', '0', '0', 'Hugh\'s 3 Good Things; Ep 3', '0000-00-00', '09:00:00', '00:30:00', '', '', '0', '');
INSERT INTO `default_inn_epg_show_detail` VALUES ('684', '0', '0', 'Hugh\'s 3 Good Things; Ep 4', '0000-00-00', '09:30:00', '00:30:00', '', '', '0', '');
INSERT INTO `default_inn_epg_show_detail` VALUES ('685', '0', '0', 'Forever Summer; Nigella; Ep 7', '0000-00-00', '10:00:00', '00:30:00', '', '', '0', '');
INSERT INTO `default_inn_epg_show_detail` VALUES ('686', '0', '0', 'Bake With Anna Olson 3; Ep 4', '0000-00-00', '10:30:00', '00:30:00', '', '', '0', '');
INSERT INTO `default_inn_epg_show_detail` VALUES ('687', '0', '0', 'Iron Chef; Ep 19', '0000-00-00', '11:00:00', '01:00:00', '', '', '0', '');
INSERT INTO `default_inn_epg_show_detail` VALUES ('688', '0', '0', 'One Night In Singapore; Ep 1', '0000-00-00', '12:00:00', '01:00:00', '', '', '0', '');
INSERT INTO `default_inn_epg_show_detail` VALUES ('689', '0', '0', 'Spice Goddess; Ep 2', '0000-00-00', '13:00:00', '00:30:00', '', '', '0', '');
INSERT INTO `default_inn_epg_show_detail` VALUES ('690', '0', '0', 'Chuck\'s Week Off; Ep 6', '0000-00-00', '13:30:00', '00:30:00', '', '', '0', '');
INSERT INTO `default_inn_epg_show_detail` VALUES ('691', '0', '0', 'Hugh\'s 3 Good Things; Ep 3', '0000-00-00', '14:00:00', '00:30:00', '', '', '0', '');
INSERT INTO `default_inn_epg_show_detail` VALUES ('692', '0', '0', 'Hugh\'s 3 Good Things; Ep 4', '0000-00-00', '14:30:00', '00:30:00', '', '', '0', '');
INSERT INTO `default_inn_epg_show_detail` VALUES ('693', '0', '0', 'Rude Boy Food 1; Ep 1', '0000-00-00', '15:00:00', '00:30:00', '', '', '0', '');
INSERT INTO `default_inn_epg_show_detail` VALUES ('694', '0', '0', 'Scandinavian Cooking; Ep 8', '0000-00-00', '15:30:00', '00:30:00', '', '', '0', '');
INSERT INTO `default_inn_epg_show_detail` VALUES ('695', '0', '0', 'Food Fighters; Ep 4', '0000-00-00', '16:00:00', '01:00:00', '', '', '0', '');
INSERT INTO `default_inn_epg_show_detail` VALUES ('696', '0', '0', 'The Big Break Finale; Ep 12', '0000-00-00', '17:00:00', '00:30:00', '', '', '0', '');
INSERT INTO `default_inn_epg_show_detail` VALUES ('697', '0', '0', 'The Big Break Finale; Ep 13', '0000-00-00', '17:30:00', '00:30:00', '', '', '0', '');
INSERT INTO `default_inn_epg_show_detail` VALUES ('698', '0', '0', 'Makan Angin 1; Ep 5', '0000-00-00', '18:00:00', '00:30:00', '', '', '0', '');
INSERT INTO `default_inn_epg_show_detail` VALUES ('699', '0', '0', 'A La Chef; Farah Quinn; Ep 11', '0000-00-00', '18:30:00', '00:30:00', '', '', '0', '');
INSERT INTO `default_inn_epg_show_detail` VALUES ('700', '0', '0', '5 Rencah 5 Rasa 2; Ep 10', '0000-00-00', '19:00:00', '00:30:00', '', '', '0', '');
INSERT INTO `default_inn_epg_show_detail` VALUES ('701', '0', '0', 'Best In The World; Ep 6', '0000-00-00', '19:30:00', '00:30:00', '', '', '0', '');
INSERT INTO `default_inn_epg_show_detail` VALUES ('702', '0', '0', 'One Night In Singapore; Ep 1', '0000-00-00', '20:00:00', '01:00:00', '', '', '0', '');
INSERT INTO `default_inn_epg_show_detail` VALUES ('703', '0', '0', 'Back To The Streets 1; Ep 1', '0000-00-00', '21:00:00', '00:30:00', '', '', '0', '');
INSERT INTO `default_inn_epg_show_detail` VALUES ('704', '0', '0', 'Chuck\'s Week Off; Ep 6', '0000-00-00', '21:30:00', '00:30:00', '', '', '0', '');
INSERT INTO `default_inn_epg_show_detail` VALUES ('705', '0', '0', 'Hugh\'s 3 Good Things; Ep 3', '0000-00-00', '22:00:00', '00:30:00', '', '', '0', '');
INSERT INTO `default_inn_epg_show_detail` VALUES ('706', '0', '0', 'Hugh\'s 3 Good Things; Ep 4', '0000-00-00', '22:30:00', '00:30:00', '', '', '0', '');
INSERT INTO `default_inn_epg_show_detail` VALUES ('707', '0', '0', 'Drive Thru Australia 1; Ep 11', '0000-00-00', '23:00:00', '00:30:00', '', '', '0', '');
INSERT INTO `default_inn_epg_show_detail` VALUES ('708', '0', '0', 'From Spain With Love 1; Ep 11', '0000-00-00', '23:30:00', '00:30:00', '', '', '0', '');
INSERT INTO `default_inn_epg_show_detail` VALUES ('709', '0', '0', 'Bake With Anna Olson 3; Ep 4', '0000-00-00', '00:00:00', '00:30:00', '', '', '0', '');
INSERT INTO `default_inn_epg_show_detail` VALUES ('710', '0', '0', 'Secret Meat Business 3; Ep 1', '0000-00-00', '00:30:00', '00:30:00', '', '', '0', '');
INSERT INTO `default_inn_epg_show_detail` VALUES ('711', '0', '0', 'Food Fighters; Ep 4', '0000-00-00', '01:00:00', '01:00:00', '', '', '0', '');
INSERT INTO `default_inn_epg_show_detail` VALUES ('712', '0', '0', 'Conviction Kitchen 1; Ep 3', '0000-00-00', '02:00:00', '01:00:00', '', '', '0', '');
INSERT INTO `default_inn_epg_show_detail` VALUES ('713', '0', '0', 'Food Jammers 3; Ep 4', '0000-00-00', '03:00:00', '00:30:00', '', '', '0', '');
INSERT INTO `default_inn_epg_show_detail` VALUES ('714', '0', '0', 'Food Jammers 3; Ep 5', '0000-00-00', '03:30:00', '00:30:00', '', '', '0', '');
INSERT INTO `default_inn_epg_show_detail` VALUES ('715', '0', '0', 'Sugar 2; Ep 38', '0000-00-00', '04:00:00', '00:30:00', '', '', '0', '');
INSERT INTO `default_inn_epg_show_detail` VALUES ('716', '0', '0', 'Daily Cooks; Ep 34', '0000-00-00', '04:30:00', '00:30:00', '', '', '0', '');
INSERT INTO `default_inn_epg_show_detail` VALUES ('717', '0', '0', 'Cook Like A Chef 3; Ep 7', '0000-00-00', '05:00:00', '00:30:00', '', '', '0', '');
INSERT INTO `default_inn_epg_show_detail` VALUES ('718', '0', '0', 'Sugar 2; Ep 39', '0000-00-00', '05:30:00', '00:30:00', '', '', '0', '');
INSERT INTO `default_inn_epg_show_detail` VALUES ('719', '0', '0', 'Food Jammers 3; Ep 7', '0000-00-00', '06:00:00', '00:30:00', '', '', '0', '');
INSERT INTO `default_inn_epg_show_detail` VALUES ('720', '0', '0', 'Chef At Home 5; Ep 15', '0000-00-00', '06:30:00', '00:30:00', '', '', '0', '');
INSERT INTO `default_inn_epg_show_detail` VALUES ('721', '0', '0', 'Selera Asean 2; Ep 7', '0000-00-00', '07:00:00', '00:30:00', '', '', '0', '');
INSERT INTO `default_inn_epg_show_detail` VALUES ('722', '0', '0', 'Selera Asean 2; Ep 8', '0000-00-00', '07:30:00', '00:30:00', '', '', '0', '');
INSERT INTO `default_inn_epg_show_detail` VALUES ('723', '0', '0', 'Taste With Jason 5; Ep 10', '0000-00-00', '08:00:00', '00:30:00', '', '', '0', '');
INSERT INTO `default_inn_epg_show_detail` VALUES ('724', '0', '0', 'Dosanko Cooking; Ep 18', '0000-00-00', '08:30:00', '00:30:00', '', '', '0', '');
INSERT INTO `default_inn_epg_show_detail` VALUES ('725', '0', '0', 'Scandinavian Cooking; Ep 8', '0000-00-00', '09:00:00', '00:30:00', '', '', '0', '');
INSERT INTO `default_inn_epg_show_detail` VALUES ('726', '0', '0', 'Fresh With Anna Olson 3; Ep 16', '0000-00-00', '09:30:00', '00:30:00', '', '', '0', '');
INSERT INTO `default_inn_epg_show_detail` VALUES ('727', '0', '0', 'Restaurant Makeover 4; Ep 3', '0000-00-00', '10:00:00', '01:00:00', '', '', '0', '');
INSERT INTO `default_inn_epg_show_detail` VALUES ('728', '0', '0', 'Chef Series: Da Bing; Ep 24', '0000-00-00', '11:00:00', '00:30:00', '', '', '0', '');
INSERT INTO `default_inn_epg_show_detail` VALUES ('729', '0', '0', 'Food Glorious Food; Ep 1', '0000-00-00', '11:30:00', '00:30:00', '', '', '0', '');
INSERT INTO `default_inn_epg_show_detail` VALUES ('730', '0', '0', 'French Food At Home 3; Ep 4', '0000-00-00', '12:00:00', '00:30:00', '', '', '0', '');
INSERT INTO `default_inn_epg_show_detail` VALUES ('731', '0', '0', 'A Cook\'s Tour; Ep 21', '0000-00-00', '12:30:00', '00:30:00', '', '', '0', '');
INSERT INTO `default_inn_epg_show_detail` VALUES ('732', '0', '0', 'Selera Asean 2; Ep 7', '0000-00-00', '13:00:00', '00:30:00', '', '', '0', '');
INSERT INTO `default_inn_epg_show_detail` VALUES ('733', '0', '0', 'Selera Asean 2; Ep 8', '0000-00-00', '13:30:00', '00:30:00', '', '', '0', '');
INSERT INTO `default_inn_epg_show_detail` VALUES ('734', '0', '0', 'One Plate At A Time 3; Ep 4', '0000-00-00', '14:00:00', '00:30:00', '', '', '0', '');
INSERT INTO `default_inn_epg_show_detail` VALUES ('735', '0', '0', 'After Hours; Daniel 3; Ep 9', '0000-00-00', '14:30:00', '00:30:00', '', '', '0', '');
INSERT INTO `default_inn_epg_show_detail` VALUES ('736', '0', '0', 'Instant Chef 1; Ep 11', '0000-00-00', '15:00:00', '00:30:00', '', '', '0', '');
INSERT INTO `default_inn_epg_show_detail` VALUES ('737', '0', '0', 'Opening: Bestellen; Ep 3', '0000-00-00', '15:30:00', '00:30:00', '', '', '0', '');
INSERT INTO `default_inn_epg_show_detail` VALUES ('738', '0', '0', 'Taste With Jason 5; Ep 10', '0000-00-00', '16:00:00', '00:30:00', '', '', '0', '');
INSERT INTO `default_inn_epg_show_detail` VALUES ('739', '0', '0', 'Scandinavian Cooking; Ep 8', '0000-00-00', '16:30:00', '00:30:00', '', '', '0', '');
INSERT INTO `default_inn_epg_show_detail` VALUES ('740', '0', '0', 'Conviction Kitchen 1; Ep 3', '0000-00-00', '17:00:00', '01:00:00', '', '', '0', '');
INSERT INTO `default_inn_epg_show_detail` VALUES ('741', '0', '0', 'A Cook\'s Tour; Ep 21', '0000-00-00', '18:00:00', '00:30:00', '', '', '0', '');
INSERT INTO `default_inn_epg_show_detail` VALUES ('742', '0', '0', 'Fresh With Anna Olson 3; Ep 16', '0000-00-00', '18:30:00', '00:30:00', '', '', '0', '');
INSERT INTO `default_inn_epg_show_detail` VALUES ('743', '0', '0', 'Slurp! 1; Ep 8', '0000-00-00', '19:00:00', '00:30:00', '', '', '0', '');
INSERT INTO `default_inn_epg_show_detail` VALUES ('744', '0', '0', 'Makan Unlimited; Ep 8', '0000-00-00', '19:30:00', '00:30:00', '', '', '0', '');
INSERT INTO `default_inn_epg_show_detail` VALUES ('745', '0', '0', '5 Rencah 5 Rasa 2; Ep 11', '0000-00-00', '20:00:00', '00:30:00', '', '', '0', '');
INSERT INTO `default_inn_epg_show_detail` VALUES ('746', '0', '0', 'Chuck\'s Week Off; Ep 7', '0000-00-00', '20:30:00', '00:30:00', '', '', '0', '');
INSERT INTO `default_inn_epg_show_detail` VALUES ('747', '0', '0', 'One Night In Langkawi 1; Ep 1', '0000-00-00', '21:00:00', '01:00:00', '', '', '0', '');
INSERT INTO `default_inn_epg_show_detail` VALUES ('748', '0', '0', 'From Spain With Love 1; Ep 12', '0000-00-00', '22:00:00', '00:30:00', '', '', '0', '');
INSERT INTO `default_inn_epg_show_detail` VALUES ('749', '0', '0', 'French Food At Home 3; Ep 4', '0000-00-00', '22:30:00', '00:30:00', '', '', '0', '');
INSERT INTO `default_inn_epg_show_detail` VALUES ('750', '0', '0', 'Taste With Jason 5; Ep 10', '0000-00-00', '23:00:00', '00:30:00', '', '', '0', '');
INSERT INTO `default_inn_epg_show_detail` VALUES ('751', '0', '0', 'Food Jammers 3; Ep 7', '0000-00-00', '23:30:00', '00:30:00', '', '', '0', '');
INSERT INTO `default_inn_epg_show_detail` VALUES ('752', '0', '0', '5 Rencah 5 Rasa 2; Ep 11', '0000-00-00', '00:00:00', '00:30:00', '', '', '0', '');
INSERT INTO `default_inn_epg_show_detail` VALUES ('753', '0', '0', 'Chuck\'s Week Off; Ep 7', '0000-00-00', '00:30:00', '00:30:00', '', '', '0', '');
INSERT INTO `default_inn_epg_show_detail` VALUES ('754', '0', '0', 'Selera Asean 2; Ep 7', '0000-00-00', '01:00:00', '00:30:00', '', '', '0', '');
INSERT INTO `default_inn_epg_show_detail` VALUES ('755', '0', '0', 'Selera Asean 2; Ep 8', '0000-00-00', '01:30:00', '00:30:00', '', '', '0', '');
INSERT INTO `default_inn_epg_show_detail` VALUES ('756', '0', '0', 'Food Glorious Food; Ep 1', '0000-00-00', '02:00:00', '00:30:00', '', '', '0', '');
INSERT INTO `default_inn_epg_show_detail` VALUES ('757', '0', '0', 'Chef At Home 5; Ep 15', '0000-00-00', '02:30:00', '00:30:00', '', '', '0', '');
INSERT INTO `default_inn_epg_show_detail` VALUES ('758', '0', '0', 'Dosanko Cooking; Ep 18', '0000-00-00', '03:00:00', '00:30:00', '', '', '0', '');
INSERT INTO `default_inn_epg_show_detail` VALUES ('759', '0', '0', 'Chef Series: Da Bing; Ep 24', '0000-00-00', '03:30:00', '00:30:00', '', '', '0', '');
INSERT INTO `default_inn_epg_show_detail` VALUES ('760', '0', '0', 'Sugar 2; Ep 39', '0000-00-00', '04:00:00', '00:30:00', '', '', '0', '');
INSERT INTO `default_inn_epg_show_detail` VALUES ('761', '0', '0', 'Daily Cooks; Ep 35', '0000-00-00', '04:30:00', '00:30:00', '', '', '0', '');
INSERT INTO `default_inn_epg_show_detail` VALUES ('762', '0', '0', 'Cook Like A Chef 3; Ep 8', '0000-00-00', '05:00:00', '00:30:00', '', '', '0', '');
INSERT INTO `default_inn_epg_show_detail` VALUES ('763', '0', '0', 'Sugar; Ep 1', '0000-00-00', '05:30:00', '00:30:00', '', '', '0', '');
INSERT INTO `default_inn_epg_show_detail` VALUES ('764', '0', '0', 'Food Jammers 3; Ep 8', '0000-00-00', '06:00:00', '00:30:00', '', '', '0', '');
INSERT INTO `default_inn_epg_show_detail` VALUES ('765', '0', '0', 'Chef At Home 5; Ep 16', '0000-00-00', '06:30:00', '00:30:00', '', '', '0', '');
INSERT INTO `default_inn_epg_show_detail` VALUES ('766', '0', '0', 'Sajian; Ep 19', '0000-00-00', '07:00:00', '00:30:00', '', '', '0', '');
INSERT INTO `default_inn_epg_show_detail` VALUES ('767', '0', '0', 'Sajian; Ep 20', '0000-00-00', '07:30:00', '00:30:00', '', '', '0', '');
INSERT INTO `default_inn_epg_show_detail` VALUES ('768', '0', '0', 'Taste With Jason 5; Ep 11', '0000-00-00', '08:00:00', '00:30:00', '', '', '0', '');
INSERT INTO `default_inn_epg_show_detail` VALUES ('769', '0', '0', 'Discover! North Taste; Ep 24', '0000-00-00', '08:30:00', '00:30:00', '', '', '0', '');
INSERT INTO `default_inn_epg_show_detail` VALUES ('770', '0', '0', 'From Spain With Love 1; Ep 12', '0000-00-00', '09:00:00', '00:30:00', '', '', '0', '');
INSERT INTO `default_inn_epg_show_detail` VALUES ('771', '0', '0', 'Fresh With Anna Olson 3; Ep 17', '0000-00-00', '09:30:00', '00:30:00', '', '', '0', '');
INSERT INTO `default_inn_epg_show_detail` VALUES ('772', '0', '0', 'Dinner Party Wars 2; Ep 10', '0000-00-00', '10:00:00', '01:00:00', '', '', '0', '');
INSERT INTO `default_inn_epg_show_detail` VALUES ('773', '0', '0', 'Chef Series: Da Bing; Ep 25', '0000-00-00', '11:00:00', '00:30:00', '', '', '0', '');
INSERT INTO `default_inn_epg_show_detail` VALUES ('774', '0', '0', 'Food Glorious Food; Ep 2', '0000-00-00', '11:30:00', '00:30:00', '', '', '0', '');
INSERT INTO `default_inn_epg_show_detail` VALUES ('775', '0', '0', 'French Food At Home 3; Ep 5', '0000-00-00', '12:00:00', '00:30:00', '', '', '0', '');
INSERT INTO `default_inn_epg_show_detail` VALUES ('776', '0', '0', 'A Cook\'s Tour; Ep 22', '0000-00-00', '12:30:00', '00:30:00', '', '', '0', '');
INSERT INTO `default_inn_epg_show_detail` VALUES ('777', '0', '0', 'Sajian; Ep 19', '0000-00-00', '13:00:00', '00:30:00', '', '', '0', '');
INSERT INTO `default_inn_epg_show_detail` VALUES ('778', '0', '0', 'Sajian; Ep 20', '0000-00-00', '13:30:00', '00:30:00', '', '', '0', '');
INSERT INTO `default_inn_epg_show_detail` VALUES ('779', '0', '0', '5 Rencah 5 Rasa 2; Ep 11', '0000-00-00', '14:00:00', '00:30:00', '', '', '0', '');
INSERT INTO `default_inn_epg_show_detail` VALUES ('780', '0', '0', 'Chuck\'s Week Off; Ep 7', '0000-00-00', '14:30:00', '00:30:00', '', '', '0', '');
INSERT INTO `default_inn_epg_show_detail` VALUES ('781', '0', '0', 'Slurp! 1; Ep 8', '0000-00-00', '15:00:00', '00:30:00', '', '', '0', '');
INSERT INTO `default_inn_epg_show_detail` VALUES ('782', '0', '0', 'Makan Unlimited; Ep 8', '0000-00-00', '15:30:00', '00:30:00', '', '', '0', '');
INSERT INTO `default_inn_epg_show_detail` VALUES ('783', '0', '0', 'Taste With Jason 5; Ep 11', '0000-00-00', '16:00:00', '00:30:00', '', '', '0', '');
INSERT INTO `default_inn_epg_show_detail` VALUES ('784', '0', '0', 'From Spain With Love 1; Ep 12', '0000-00-00', '16:30:00', '00:30:00', '', '', '0', '');
INSERT INTO `default_inn_epg_show_detail` VALUES ('785', '0', '0', 'One Night In Langkawi 1; Ep 1', '0000-00-00', '17:00:00', '01:00:00', '', '', '0', '');
INSERT INTO `default_inn_epg_show_detail` VALUES ('786', '0', '0', 'A Cook\'s Tour; Ep 22', '0000-00-00', '18:00:00', '00:30:00', '', '', '0', '');
INSERT INTO `default_inn_epg_show_detail` VALUES ('787', '0', '0', 'Fresh With Anna Olson 3; Ep 17', '0000-00-00', '18:30:00', '00:30:00', '', '', '0', '');
INSERT INTO `default_inn_epg_show_detail` VALUES ('788', '0', '0', 'Sizzling Woks 2; Ep 8', '0000-00-00', '19:00:00', '00:30:00', '', '', '0', '');
INSERT INTO `default_inn_epg_show_detail` VALUES ('789', '0', '0', 'Food Truck 1; Ep 4', '0000-00-00', '19:30:00', '00:30:00', '', '', '0', '');
INSERT INTO `default_inn_epg_show_detail` VALUES ('790', '0', '0', 'Bake With Anna Olson 3; Ep 5', '0000-00-00', '20:00:00', '00:30:00', '', '', '0', '');
INSERT INTO `default_inn_epg_show_detail` VALUES ('791', '0', '0', 'James & Thom\'s Pizza; Ep 6', '0000-00-00', '20:30:00', '00:30:00', '', '', '0', '');
INSERT INTO `default_inn_epg_show_detail` VALUES ('792', '0', '0', 'Heston\'s Mission 1; Ep 1', '0000-00-00', '21:00:00', '01:00:00', '', '', '0', '');
INSERT INTO `default_inn_epg_show_detail` VALUES ('793', '0', '0', 'Drive Thru Australia 1; Ep 12', '0000-00-00', '22:00:00', '00:30:00', '', '', '0', '');
INSERT INTO `default_inn_epg_show_detail` VALUES ('794', '0', '0', 'French Food At Home 3; Ep 5', '0000-00-00', '22:30:00', '00:30:00', '', '', '0', '');
INSERT INTO `default_inn_epg_show_detail` VALUES ('795', '0', '0', 'Taste With Jason 5; Ep 11', '0000-00-00', '23:00:00', '00:30:00', '', '', '0', '');
INSERT INTO `default_inn_epg_show_detail` VALUES ('796', '0', '0', 'Food Jammers 3; Ep 8', '0000-00-00', '23:30:00', '00:30:00', '', '', '0', '');
INSERT INTO `default_inn_epg_show_detail` VALUES ('797', '0', '0', 'Bake With Anna Olson 3; Ep 5', '0000-00-00', '00:00:00', '00:30:00', '', '', '0', '');
INSERT INTO `default_inn_epg_show_detail` VALUES ('798', '0', '0', 'James & Thom\'s Pizza; Ep 6', '0000-00-00', '00:30:00', '00:30:00', '', '', '0', '');
INSERT INTO `default_inn_epg_show_detail` VALUES ('799', '0', '0', 'Sajian; Ep 19', '0000-00-00', '01:00:00', '00:30:00', '', '', '0', '');
INSERT INTO `default_inn_epg_show_detail` VALUES ('800', '0', '0', 'Sajian; Ep 20', '0000-00-00', '01:30:00', '00:30:00', '', '', '0', '');
INSERT INTO `default_inn_epg_show_detail` VALUES ('801', '0', '0', 'Food Glorious Food; Ep 2', '0000-00-00', '02:00:00', '00:30:00', '', '', '0', '');
INSERT INTO `default_inn_epg_show_detail` VALUES ('802', '0', '0', 'Chef At Home 5; Ep 16', '0000-00-00', '02:30:00', '00:30:00', '', '', '0', '');
INSERT INTO `default_inn_epg_show_detail` VALUES ('803', '0', '0', 'Discover! North Taste; Ep 24', '0000-00-00', '03:00:00', '00:30:00', '', '', '0', '');
INSERT INTO `default_inn_epg_show_detail` VALUES ('804', '0', '0', 'Chef Series: Da Bing; Ep 25', '0000-00-00', '03:30:00', '00:30:00', '', '', '0', '');
INSERT INTO `default_inn_epg_show_detail` VALUES ('805', '0', '0', 'Sugar; Ep 1', '0000-00-00', '04:00:00', '00:30:00', '', '', '0', '');
INSERT INTO `default_inn_epg_show_detail` VALUES ('806', '0', '0', 'Daily Cooks; Ep 36', '0000-00-00', '04:30:00', '00:30:00', '', '', '0', '');
INSERT INTO `default_inn_epg_show_detail` VALUES ('807', '0', '0', 'Cook Like A Chef 3; Ep 9', '0000-00-00', '05:00:00', '00:30:00', '', '', '0', '');
INSERT INTO `default_inn_epg_show_detail` VALUES ('808', '0', '0', 'Sugar; Ep 2', '0000-00-00', '05:30:00', '00:30:00', '', '', '0', '');
INSERT INTO `default_inn_epg_show_detail` VALUES ('809', '0', '0', 'Food Jammers 3; Ep 9', '0000-00-00', '06:00:00', '00:30:00', '', '', '0', '');
INSERT INTO `default_inn_epg_show_detail` VALUES ('810', '0', '0', 'Chef At Home 5; Ep 17', '0000-00-00', '06:30:00', '00:30:00', '', '', '0', '');
INSERT INTO `default_inn_epg_show_detail` VALUES ('811', '0', '0', 'Ekspedisi Chef Wan 1; Ep 22', '0000-00-00', '07:00:00', '00:30:00', '', '', '0', '');
INSERT INTO `default_inn_epg_show_detail` VALUES ('812', '0', '0', 'Ekspedisi Chef Wan 1; Ep 25', '0000-00-00', '07:30:00', '00:30:00', '', '', '0', '');
INSERT INTO `default_inn_epg_show_detail` VALUES ('813', '0', '0', 'Taste With Jason 5; Ep 12', '0000-00-00', '08:00:00', '00:30:00', '', '', '0', '');
INSERT INTO `default_inn_epg_show_detail` VALUES ('814', '0', '0', 'Journey Hokkaido; Ep 4', '0000-00-00', '08:30:00', '00:30:00', '', '', '0', '');
INSERT INTO `default_inn_epg_show_detail` VALUES ('815', '0', '0', 'Drive Thru Australia 1; Ep 12', '0000-00-00', '09:00:00', '00:30:00', '', '', '0', '');
INSERT INTO `default_inn_epg_show_detail` VALUES ('816', '0', '0', 'Fresh With Anna Olson 3; Ep 18', '0000-00-00', '09:30:00', '00:30:00', '', '', '0', '');
INSERT INTO `default_inn_epg_show_detail` VALUES ('817', '0', '0', 'Restaurant Makeover 4; Ep 4', '0000-00-00', '10:00:00', '01:00:00', '', '', '0', '');
INSERT INTO `default_inn_epg_show_detail` VALUES ('818', '0', '0', 'Chef Series: Da Bing; Ep 26', '0000-00-00', '11:00:00', '00:30:00', '', '', '0', '');
INSERT INTO `default_inn_epg_show_detail` VALUES ('819', '0', '0', 'Food Glorious Food; Ep 3', '0000-00-00', '11:30:00', '00:30:00', '', '', '0', '');
INSERT INTO `default_inn_epg_show_detail` VALUES ('820', '0', '0', 'French Food At Home 3; Ep 6', '0000-00-00', '12:00:00', '00:30:00', '', '', '0', '');
INSERT INTO `default_inn_epg_show_detail` VALUES ('821', '0', '0', 'A Cook\'s Tour 2; Ep 1', '0000-00-00', '12:30:00', '00:30:00', '', '', '0', '');
INSERT INTO `default_inn_epg_show_detail` VALUES ('822', '0', '0', 'Ekspedisi Chef Wan 1; Ep 22', '0000-00-00', '13:00:00', '00:30:00', '', '', '0', '');
INSERT INTO `default_inn_epg_show_detail` VALUES ('823', '0', '0', 'Ekspedisi Chef Wan 1; Ep 25', '0000-00-00', '13:30:00', '00:30:00', '', '', '0', '');
INSERT INTO `default_inn_epg_show_detail` VALUES ('824', '0', '0', 'Bake With Anna Olson 3; Ep 5', '0000-00-00', '14:00:00', '00:30:00', '', '', '0', '');
INSERT INTO `default_inn_epg_show_detail` VALUES ('825', '0', '0', 'James & Thom\'s Pizza; Ep 6', '0000-00-00', '14:30:00', '00:30:00', '', '', '0', '');
INSERT INTO `default_inn_epg_show_detail` VALUES ('826', '0', '0', 'Sizzling Woks 2; Ep 8', '0000-00-00', '15:00:00', '00:30:00', '', '', '0', '');
INSERT INTO `default_inn_epg_show_detail` VALUES ('827', '0', '0', 'Food Truck 1; Ep 4', '0000-00-00', '15:30:00', '00:30:00', '', '', '0', '');
INSERT INTO `default_inn_epg_show_detail` VALUES ('828', '0', '0', 'Taste With Jason 5; Ep 12', '0000-00-00', '16:00:00', '00:30:00', '', '', '0', '');
INSERT INTO `default_inn_epg_show_detail` VALUES ('829', '0', '0', 'Drive Thru Australia 1; Ep 12', '0000-00-00', '16:30:00', '00:30:00', '', '', '0', '');
INSERT INTO `default_inn_epg_show_detail` VALUES ('830', '0', '0', 'Heston\'s Mission 1; Ep 1', '0000-00-00', '17:00:00', '01:00:00', '', '', '0', '');
INSERT INTO `default_inn_epg_show_detail` VALUES ('831', '0', '0', 'A Cook\'s Tour 2; Ep 1', '0000-00-00', '18:00:00', '00:30:00', '', '', '0', '');
INSERT INTO `default_inn_epg_show_detail` VALUES ('832', '0', '0', 'Fresh With Anna Olson 3; Ep 18', '0000-00-00', '18:30:00', '00:30:00', '', '', '0', '');
INSERT INTO `default_inn_epg_show_detail` VALUES ('833', '0', '0', 'A La Chef; Farah Quinn; Ep 12', '0000-00-00', '19:00:00', '00:30:00', '', '', '0', '');
INSERT INTO `default_inn_epg_show_detail` VALUES ('834', '0', '0', 'Makan Angin 1; Ep 6', '0000-00-00', '19:30:00', '00:30:00', '', '', '0', '');
INSERT INTO `default_inn_epg_show_detail` VALUES ('835', '0', '0', 'Spice Goddess; Ep 3', '0000-00-00', '20:00:00', '00:30:00', '', '', '0', '');
INSERT INTO `default_inn_epg_show_detail` VALUES ('836', '0', '0', 'Pitchin In 1; Ep 3', '0000-00-00', '20:30:00', '00:30:00', '', '', '0', '');
INSERT INTO `default_inn_epg_show_detail` VALUES ('837', '0', '0', 'Iron Chef; Ep 8', '0000-00-00', '21:00:00', '01:00:00', '', '', '0', '');
INSERT INTO `default_inn_epg_show_detail` VALUES ('838', '0', '0', 'Chuck\'s Day Off 2; Ep 17', '0000-00-00', '22:00:00', '00:30:00', '', '', '0', '');
INSERT INTO `default_inn_epg_show_detail` VALUES ('839', '0', '0', 'French Food At Home 3; Ep 6', '0000-00-00', '22:30:00', '00:30:00', '', '', '0', '');
INSERT INTO `default_inn_epg_show_detail` VALUES ('840', '0', '0', 'Taste With Jason 5; Ep 12', '0000-00-00', '23:00:00', '00:30:00', '', '', '0', '');
INSERT INTO `default_inn_epg_show_detail` VALUES ('841', '0', '0', 'Food Jammers 3; Ep 9', '0000-00-00', '23:30:00', '00:30:00', '', '', '0', '');
INSERT INTO `default_inn_epg_show_detail` VALUES ('842', '0', '0', 'Spice Goddess; Ep 3', '0000-00-00', '00:00:00', '00:30:00', '', '', '0', '');
INSERT INTO `default_inn_epg_show_detail` VALUES ('843', '0', '0', 'Pitchin In 1; Ep 3', '0000-00-00', '00:30:00', '00:30:00', '', '', '0', '');
INSERT INTO `default_inn_epg_show_detail` VALUES ('844', '0', '0', 'Ekspedisi Chef Wan 1; Ep 22', '0000-00-00', '01:00:00', '00:30:00', '', '', '0', '');
INSERT INTO `default_inn_epg_show_detail` VALUES ('845', '0', '0', 'Ekspedisi Chef Wan 1; Ep 25', '0000-00-00', '01:30:00', '00:30:00', '', '', '0', '');
INSERT INTO `default_inn_epg_show_detail` VALUES ('846', '0', '0', 'Food Glorious Food; Ep 3', '0000-00-00', '02:00:00', '00:30:00', '', '', '0', '');
INSERT INTO `default_inn_epg_show_detail` VALUES ('847', '0', '0', 'Chef At Home 5; Ep 17', '0000-00-00', '02:30:00', '00:30:00', '', '', '0', '');
INSERT INTO `default_inn_epg_show_detail` VALUES ('848', '0', '0', 'Journey Hokkaido; Ep 4', '0000-00-00', '03:00:00', '00:30:00', '', '', '0', '');
INSERT INTO `default_inn_epg_show_detail` VALUES ('849', '0', '0', 'Chef Series: Da Bing; Ep 26', '0000-00-00', '03:30:00', '00:30:00', '', '', '0', '');
INSERT INTO `default_inn_epg_show_detail` VALUES ('850', '0', '0', 'Sugar; Ep 2', '0000-00-00', '04:00:00', '00:30:00', '', '', '0', '');
INSERT INTO `default_inn_epg_show_detail` VALUES ('851', '0', '0', 'Daily Cooks; Ep 37', '0000-00-00', '04:30:00', '00:30:00', '', '', '0', '');
INSERT INTO `default_inn_epg_show_detail` VALUES ('852', '0', '0', 'Cook Like A Chef 3; Ep 10', '0000-00-00', '05:00:00', '00:30:00', '', '', '0', '');
INSERT INTO `default_inn_epg_show_detail` VALUES ('853', '0', '0', 'Sugar; Ep 3', '0000-00-00', '05:30:00', '00:30:00', '', '', '0', '');
INSERT INTO `default_inn_epg_show_detail` VALUES ('854', '0', '0', 'Food Jammers 3; Ep 10', '0000-00-00', '06:00:00', '00:30:00', '', '', '0', '');
INSERT INTO `default_inn_epg_show_detail` VALUES ('855', '0', '0', 'Chef At Home 5; Ep 18', '0000-00-00', '06:30:00', '00:30:00', '', '', '0', '');
INSERT INTO `default_inn_epg_show_detail` VALUES ('856', '0', '0', 'Masak Apa 4; Ep 8', '0000-00-00', '07:00:00', '00:30:00', '', '', '0', '');
INSERT INTO `default_inn_epg_show_detail` VALUES ('857', '0', '0', 'Masak Apa 4; Ep 9', '0000-00-00', '07:30:00', '00:30:00', '', '', '0', '');
INSERT INTO `default_inn_epg_show_detail` VALUES ('858', '0', '0', 'Taste With Jason 5; Ep 13', '0000-00-00', '08:00:00', '00:30:00', '', '', '0', '');
INSERT INTO `default_inn_epg_show_detail` VALUES ('859', '0', '0', 'Discover! North Taste; Ep 25', '0000-00-00', '08:30:00', '00:30:00', '', '', '0', '');
INSERT INTO `default_inn_epg_show_detail` VALUES ('860', '0', '0', 'Chuck\'s Day Off 2; Ep 17', '0000-00-00', '09:00:00', '00:30:00', '', '', '0', '');
INSERT INTO `default_inn_epg_show_detail` VALUES ('861', '0', '0', 'Fresh With Anna Olson 3; Ep 19', '0000-00-00', '09:30:00', '00:30:00', '', '', '0', '');
INSERT INTO `default_inn_epg_show_detail` VALUES ('862', '0', '0', 'Dinner Party Wars 2; Ep 11', '0000-00-00', '10:00:00', '01:00:00', '', '', '0', '');
INSERT INTO `default_inn_epg_show_detail` VALUES ('863', '0', '0', 'Chef Series: Da Bing; Ep 27', '0000-00-00', '11:00:00', '00:30:00', '', '', '0', '');
INSERT INTO `default_inn_epg_show_detail` VALUES ('864', '0', '0', 'Food Glorious Food; Ep 4', '0000-00-00', '11:30:00', '00:30:00', '', '', '0', '');
INSERT INTO `default_inn_epg_show_detail` VALUES ('865', '0', '0', 'French Food At Home 3; Ep 7', '0000-00-00', '12:00:00', '00:30:00', '', '', '0', '');
INSERT INTO `default_inn_epg_show_detail` VALUES ('866', '0', '0', 'A Cook\'s Tour 2; Ep 2', '0000-00-00', '12:30:00', '00:30:00', '', '', '0', '');
INSERT INTO `default_inn_epg_show_detail` VALUES ('867', '0', '0', 'Masak Apa 4; Ep 8', '0000-00-00', '13:00:00', '00:30:00', '', '', '0', '');
INSERT INTO `default_inn_epg_show_detail` VALUES ('868', '0', '0', 'Masak Apa 4; Ep 9', '0000-00-00', '13:30:00', '00:30:00', '', '', '0', '');
INSERT INTO `default_inn_epg_show_detail` VALUES ('869', '0', '0', 'Spice Goddess; Ep 3', '0000-00-00', '14:00:00', '00:30:00', '', '', '0', '');
INSERT INTO `default_inn_epg_show_detail` VALUES ('870', '0', '0', 'Pitchin In 1; Ep 3', '0000-00-00', '14:30:00', '00:30:00', '', '', '0', '');
INSERT INTO `default_inn_epg_show_detail` VALUES ('871', '0', '0', 'A La Chef; Farah Quinn; Ep 12', '0000-00-00', '15:00:00', '00:30:00', '', '', '0', '');
INSERT INTO `default_inn_epg_show_detail` VALUES ('872', '0', '0', 'Makan Angin 1; Ep 6', '0000-00-00', '15:30:00', '00:30:00', '', '', '0', '');
INSERT INTO `default_inn_epg_show_detail` VALUES ('873', '0', '0', 'Taste With Jason 5; Ep 13', '0000-00-00', '16:00:00', '00:30:00', '', '', '0', '');
INSERT INTO `default_inn_epg_show_detail` VALUES ('874', '0', '0', 'Chuck\'s Day Off 2; Ep 17', '0000-00-00', '16:30:00', '00:30:00', '', '', '0', '');
INSERT INTO `default_inn_epg_show_detail` VALUES ('875', '0', '0', 'Iron Chef; Ep 8', '0000-00-00', '17:00:00', '01:00:00', '', '', '0', '');
INSERT INTO `default_inn_epg_show_detail` VALUES ('876', '0', '0', 'A Cook\'s Tour 2; Ep 2', '0000-00-00', '18:00:00', '00:30:00', '', '', '0', '');
INSERT INTO `default_inn_epg_show_detail` VALUES ('877', '0', '0', 'Fresh With Anna Olson 3; Ep 19', '0000-00-00', '18:30:00', '00:30:00', '', '', '0', '');
INSERT INTO `default_inn_epg_show_detail` VALUES ('878', '0', '0', 'Avec Eric 1; Ep 8', '0000-00-00', '19:00:00', '00:30:00', '', '', '0', '');
INSERT INTO `default_inn_epg_show_detail` VALUES ('879', '0', '0', 'Back To The Streets 1; Ep 2', '0000-00-00', '19:30:00', '00:30:00', '', '', '0', '');
INSERT INTO `default_inn_epg_show_detail` VALUES ('880', '0', '0', 'Best In The World; Ep 7', '0000-00-00', '20:00:00', '00:30:00', '', '', '0', '');
INSERT INTO `default_inn_epg_show_detail` VALUES ('881', '0', '0', 'Secret Meat Business 3; Ep 2', '0000-00-00', '20:30:00', '00:30:00', '', '', '0', '');
INSERT INTO `default_inn_epg_show_detail` VALUES ('882', '0', '0', 'Hugh\'s 3 Good Things; Ep 5', '0000-00-00', '21:00:00', '00:30:00', '', '', '0', '');
INSERT INTO `default_inn_epg_show_detail` VALUES ('883', '0', '0', 'Hugh\'s 3 Good Things; Ep 6', '0000-00-00', '21:30:00', '00:30:00', '', '', '0', '');
INSERT INTO `default_inn_epg_show_detail` VALUES ('884', '0', '0', 'Rude Boy Food 1; Ep 2', '0000-00-00', '22:00:00', '00:30:00', '', '', '0', '');
INSERT INTO `default_inn_epg_show_detail` VALUES ('885', '0', '0', 'French Food At Home 3; Ep 7', '0000-00-00', '22:30:00', '00:30:00', '', '', '0', '');
INSERT INTO `default_inn_epg_show_detail` VALUES ('886', '0', '0', 'Taste With Jason 5; Ep 13', '0000-00-00', '23:00:00', '00:30:00', '', '', '0', '');
INSERT INTO `default_inn_epg_show_detail` VALUES ('887', '0', '0', 'Food Jammers 3; Ep 10', '0000-00-00', '23:30:00', '00:30:00', '', '', '0', '');
INSERT INTO `default_inn_epg_show_detail` VALUES ('888', '0', '0', 'Best In The World; Ep 7', '0000-00-00', '00:00:00', '00:30:00', '', '', '0', '');
INSERT INTO `default_inn_epg_show_detail` VALUES ('889', '0', '0', 'Secret Meat Business 3; Ep 2', '0000-00-00', '00:30:00', '00:30:00', '', '', '0', '');
INSERT INTO `default_inn_epg_show_detail` VALUES ('890', '0', '0', 'Masak Apa 4; Ep 8', '0000-00-00', '01:00:00', '00:30:00', '', '', '0', '');
INSERT INTO `default_inn_epg_show_detail` VALUES ('891', '0', '0', 'Masak Apa 4; Ep 9', '0000-00-00', '01:30:00', '00:30:00', '', '', '0', '');
INSERT INTO `default_inn_epg_show_detail` VALUES ('892', '0', '0', 'Food Glorious Food; Ep 4', '0000-00-00', '02:00:00', '00:30:00', '', '', '0', '');
INSERT INTO `default_inn_epg_show_detail` VALUES ('893', '0', '0', 'Chef At Home 5; Ep 18', '0000-00-00', '02:30:00', '00:30:00', '', '', '0', '');
INSERT INTO `default_inn_epg_show_detail` VALUES ('894', '0', '0', 'Discover! North Taste; Ep 25', '0000-00-00', '03:00:00', '00:30:00', '', '', '0', '');
INSERT INTO `default_inn_epg_show_detail` VALUES ('895', '0', '0', 'Chef Series: Da Bing; Ep 27', '0000-00-00', '03:30:00', '00:30:00', '', '', '0', '');
INSERT INTO `default_inn_epg_show_detail` VALUES ('896', '0', '0', 'Sugar; Ep 3', '0000-00-00', '04:00:00', '00:30:00', '', '', '0', '');
INSERT INTO `default_inn_epg_show_detail` VALUES ('897', '0', '0', 'Daily Cooks; Ep 38', '0000-00-00', '04:30:00', '00:30:00', '', '', '0', '');
INSERT INTO `default_inn_epg_show_detail` VALUES ('898', '0', '0', 'Cook Like A Chef 3; Ep 11', '0000-00-00', '05:00:00', '00:30:00', '', '', '0', '');
INSERT INTO `default_inn_epg_show_detail` VALUES ('899', '0', '0', 'Sugar; Ep 4', '0000-00-00', '05:30:00', '00:30:00', '', '', '0', '');
INSERT INTO `default_inn_epg_show_detail` VALUES ('900', '0', '0', 'Food Jammers 3; Ep 11', '0000-00-00', '06:00:00', '00:30:00', '', '', '0', '');
INSERT INTO `default_inn_epg_show_detail` VALUES ('901', '0', '0', 'Chef At Home 5; Ep 19', '0000-00-00', '06:30:00', '00:30:00', '', '', '0', '');
INSERT INTO `default_inn_epg_show_detail` VALUES ('902', '0', '0', 'Yuk Buat Roti; Ep 2', '0000-00-00', '07:00:00', '00:30:00', '', '', '0', '');
INSERT INTO `default_inn_epg_show_detail` VALUES ('903', '0', '0', 'Yuk Buat Roti; Ep 3', '0000-00-00', '07:30:00', '00:30:00', '', '', '0', '');
INSERT INTO `default_inn_epg_show_detail` VALUES ('904', '0', '0', 'Taste With Jason 6; Ep 1', '0000-00-00', '08:00:00', '00:30:00', '', '', '0', '');
INSERT INTO `default_inn_epg_show_detail` VALUES ('905', '0', '0', 'Dosanko Cooking; Ep 19', '0000-00-00', '08:30:00', '00:30:00', '', '', '0', '');
INSERT INTO `default_inn_epg_show_detail` VALUES ('906', '0', '0', 'Rude Boy Food 1; Ep 2', '0000-00-00', '09:00:00', '00:30:00', '', '', '0', '');
INSERT INTO `default_inn_epg_show_detail` VALUES ('907', '0', '0', 'Fresh With Anna Olson 3; Ep 20', '0000-00-00', '09:30:00', '00:30:00', '', '', '0', '');
INSERT INTO `default_inn_epg_show_detail` VALUES ('908', '0', '0', 'Restaurant Makeover 4; Ep 5', '0000-00-00', '10:00:00', '01:00:00', '', '', '0', '');
INSERT INTO `default_inn_epg_show_detail` VALUES ('909', '0', '0', 'Chef Series: Da Bing; Ep 28', '0000-00-00', '11:00:00', '00:30:00', '', '', '0', '');
INSERT INTO `default_inn_epg_show_detail` VALUES ('910', '0', '0', 'Food Glorious Food; Ep 5', '0000-00-00', '11:30:00', '00:30:00', '', '', '0', '');
INSERT INTO `default_inn_epg_show_detail` VALUES ('911', '0', '0', 'French Food At Home 3; Ep 8', '0000-00-00', '12:00:00', '00:30:00', '', '', '0', '');
INSERT INTO `default_inn_epg_show_detail` VALUES ('912', '0', '0', 'A Cook\'s Tour 2; Ep 3', '0000-00-00', '12:30:00', '00:30:00', '', '', '0', '');
INSERT INTO `default_inn_epg_show_detail` VALUES ('913', '0', '0', 'Yuk Buat Roti; Ep 2', '0000-00-00', '13:00:00', '00:30:00', '', '', '0', '');
INSERT INTO `default_inn_epg_show_detail` VALUES ('914', '0', '0', 'Yuk Buat Roti; Ep 3', '0000-00-00', '13:30:00', '00:30:00', '', '', '0', '');
INSERT INTO `default_inn_epg_show_detail` VALUES ('915', '0', '0', 'Best In The World; Ep 7', '0000-00-00', '14:00:00', '00:30:00', '', '', '0', '');
INSERT INTO `default_inn_epg_show_detail` VALUES ('916', '0', '0', 'Secret Meat Business 3; Ep 2', '0000-00-00', '14:30:00', '00:30:00', '', '', '0', '');
INSERT INTO `default_inn_epg_show_detail` VALUES ('917', '0', '0', 'Avec Eric 1; Ep 8', '0000-00-00', '15:00:00', '00:30:00', '', '', '0', '');
INSERT INTO `default_inn_epg_show_detail` VALUES ('918', '0', '0', 'Back To The Streets 1; Ep 2', '0000-00-00', '15:30:00', '00:30:00', '', '', '0', '');
INSERT INTO `default_inn_epg_show_detail` VALUES ('919', '0', '0', 'Taste With Jason 6; Ep 1', '0000-00-00', '16:00:00', '00:30:00', '', '', '0', '');
INSERT INTO `default_inn_epg_show_detail` VALUES ('920', '0', '0', 'Rude Boy Food 1; Ep 2', '0000-00-00', '16:30:00', '00:30:00', '', '', '0', '');
INSERT INTO `default_inn_epg_show_detail` VALUES ('921', '0', '0', 'Hugh\'s 3 Good Things; Ep 5', '0000-00-00', '17:00:00', '00:30:00', '', '', '0', '');
INSERT INTO `default_inn_epg_show_detail` VALUES ('922', '0', '0', 'Hugh\'s 3 Good Things; Ep 6', '0000-00-00', '17:30:00', '00:30:00', '', '', '0', '');
INSERT INTO `default_inn_epg_show_detail` VALUES ('923', '0', '0', 'A Cook\'s Tour 2; Ep 3', '0000-00-00', '18:00:00', '00:30:00', '', '', '0', '');
INSERT INTO `default_inn_epg_show_detail` VALUES ('924', '0', '0', 'Fresh With Anna Olson 3; Ep 20', '0000-00-00', '18:30:00', '00:30:00', '', '', '0', '');
INSERT INTO `default_inn_epg_show_detail` VALUES ('925', '0', '0', 'Instant Chef 1; Ep 12', '0000-00-00', '19:00:00', '00:30:00', '', '', '0', '');
INSERT INTO `default_inn_epg_show_detail` VALUES ('926', '0', '0', 'Opening: Bestellen; Ep 4', '0000-00-00', '19:30:00', '00:30:00', '', '', '0', '');
INSERT INTO `default_inn_epg_show_detail` VALUES ('927', '0', '0', 'One Plate At A Time 3; Ep 5', '0000-00-00', '20:00:00', '00:30:00', '', '', '0', '');
INSERT INTO `default_inn_epg_show_detail` VALUES ('928', '0', '0', 'After Hours; Daniel 3; Ep 10', '0000-00-00', '20:30:00', '00:30:00', '', '', '0', '');
INSERT INTO `default_inn_epg_show_detail` VALUES ('929', '0', '0', 'Conviction Kitchen 1; Ep 4', '0000-00-00', '21:00:00', '01:00:00', '', '', '0', '');
INSERT INTO `default_inn_epg_show_detail` VALUES ('930', '0', '0', 'Scandinavian Cooking; Ep 9', '0000-00-00', '22:00:00', '00:30:00', '', '', '0', '');
INSERT INTO `default_inn_epg_show_detail` VALUES ('931', '0', '0', 'French Food At Home 3; Ep 8', '0000-00-00', '22:30:00', '00:30:00', '', '', '0', '');
INSERT INTO `default_inn_epg_show_detail` VALUES ('932', '0', '0', 'Taste With Jason 6; Ep 1', '0000-00-00', '23:00:00', '00:30:00', '', '', '0', '');
INSERT INTO `default_inn_epg_show_detail` VALUES ('933', '0', '0', 'Food Jammers 3; Ep 11', '0000-00-00', '23:30:00', '00:30:00', '', '', '0', '');
INSERT INTO `default_inn_epg_show_detail` VALUES ('934', '0', '0', 'One Plate At A Time 3; Ep 5', '0000-00-00', '00:00:00', '00:30:00', '', '', '0', '');
INSERT INTO `default_inn_epg_show_detail` VALUES ('935', '0', '0', 'After Hours; Daniel 3; Ep 10', '0000-00-00', '00:30:00', '00:30:00', '', '', '0', '');
INSERT INTO `default_inn_epg_show_detail` VALUES ('936', '0', '0', 'Yuk Buat Roti; Ep 2', '0000-00-00', '01:00:00', '00:30:00', '', '', '0', '');
INSERT INTO `default_inn_epg_show_detail` VALUES ('937', '0', '0', 'Yuk Buat Roti; Ep 3', '0000-00-00', '01:30:00', '00:30:00', '', '', '0', '');
INSERT INTO `default_inn_epg_show_detail` VALUES ('938', '0', '0', 'Food Glorious Food; Ep 5', '0000-00-00', '02:00:00', '00:30:00', '', '', '0', '');
INSERT INTO `default_inn_epg_show_detail` VALUES ('939', '0', '0', 'Chef At Home 5; Ep 19', '0000-00-00', '02:30:00', '00:30:00', '', '', '0', '');
INSERT INTO `default_inn_epg_show_detail` VALUES ('940', '0', '0', 'Dosanko Cooking; Ep 19', '0000-00-00', '03:00:00', '00:30:00', '', '', '0', '');
INSERT INTO `default_inn_epg_show_detail` VALUES ('941', '0', '0', 'Chef Series: Da Bing; Ep 28', '0000-00-00', '03:30:00', '00:30:00', '', '', '0', '');
INSERT INTO `default_inn_epg_show_detail` VALUES ('942', '0', '0', 'Sugar; Ep 4', '0000-00-00', '04:00:00', '00:30:00', '', '', '0', '');
INSERT INTO `default_inn_epg_show_detail` VALUES ('943', '0', '0', 'Daily Cooks; Ep 39', '0000-00-00', '04:30:00', '00:30:00', '', '', '0', '');
INSERT INTO `default_inn_epg_show_detail` VALUES ('944', '0', '0', 'Cook Like A Chef 3; Ep 12', '0000-00-00', '05:00:00', '00:30:00', '', '', '0', '');
INSERT INTO `default_inn_epg_show_detail` VALUES ('945', '0', '0', 'Sugar; Ep 5', '0000-00-00', '05:30:00', '00:30:00', '', '', '0', '');
INSERT INTO `default_inn_epg_show_detail` VALUES ('946', '0', '0', 'Rude Boy Food 1; Ep 2', '0000-00-00', '06:00:00', '00:30:00', '', '', '0', '');
INSERT INTO `default_inn_epg_show_detail` VALUES ('947', '0', '0', 'Scandinavian Cooking; Ep 9', '0000-00-00', '06:30:00', '00:30:00', '', '', '0', '');
INSERT INTO `default_inn_epg_show_detail` VALUES ('948', '0', '0', 'Opening: Bestellen; Ep 4', '0000-00-00', '07:00:00', '00:30:00', '', '', '0', '');
INSERT INTO `default_inn_epg_show_detail` VALUES ('949', '0', '0', 'One Plate At A Time 3; Ep 5', '0000-00-00', '07:30:00', '00:30:00', '', '', '0', '');
INSERT INTO `default_inn_epg_show_detail` VALUES ('950', '0', '0', 'Food Fighters; Ep 1', '0000-00-00', '08:00:00', '01:00:00', '', '', '0', '');
INSERT INTO `default_inn_epg_show_detail` VALUES ('951', '0', '0', 'Heston\'s Mission 1; Ep 1', '0000-00-00', '09:00:00', '01:00:00', '', '', '0', '');
INSERT INTO `default_inn_epg_show_detail` VALUES ('952', '0', '0', 'Back To The Streets 1; Ep 2', '0000-00-00', '10:00:00', '00:30:00', '', '', '0', '');
INSERT INTO `default_inn_epg_show_detail` VALUES ('953', '0', '0', 'Instant Chef 1; Ep 12', '0000-00-00', '10:30:00', '00:30:00', '', '', '0', '');
INSERT INTO `default_inn_epg_show_detail` VALUES ('954', '0', '0', 'Makan Angin 1; Ep 6', '0000-00-00', '11:00:00', '00:30:00', '', '', '0', '');
INSERT INTO `default_inn_epg_show_detail` VALUES ('955', '0', '0', 'A La Chef; Farah Quinn; Ep 12', '0000-00-00', '11:30:00', '00:30:00', '', '', '0', '');
INSERT INTO `default_inn_epg_show_detail` VALUES ('956', '0', '0', '5 Rencah 5 Rasa 2; Ep 11', '0000-00-00', '12:00:00', '00:30:00', '', '', '0', '');
INSERT INTO `default_inn_epg_show_detail` VALUES ('957', '0', '0', 'Best In The World; Ep 7', '0000-00-00', '12:30:00', '00:30:00', '', '', '0', '');
INSERT INTO `default_inn_epg_show_detail` VALUES ('958', '0', '0', 'Bake With Anna Olson 3; Ep 5', '0000-00-00', '13:00:00', '00:30:00', '', '', '0', '');
INSERT INTO `default_inn_epg_show_detail` VALUES ('959', '0', '0', 'James & Thom\'s Pizza; Ep 6', '0000-00-00', '13:30:00', '00:30:00', '', '', '0', '');
INSERT INTO `default_inn_epg_show_detail` VALUES ('960', '0', '0', 'Secret Meat Business 3; Ep 2', '0000-00-00', '14:00:00', '00:30:00', '', '', '0', '');
INSERT INTO `default_inn_epg_show_detail` VALUES ('961', '0', '0', 'After Hours; Daniel 3; Ep 10', '0000-00-00', '14:30:00', '00:30:00', '', '', '0', '');
INSERT INTO `default_inn_epg_show_detail` VALUES ('962', '0', '0', 'Conviction Kitchen 1; Ep 4', '0000-00-00', '15:00:00', '01:00:00', '', '', '0', '');
INSERT INTO `default_inn_epg_show_detail` VALUES ('963', '0', '0', 'Iron Chef; Ep 20', '0000-00-00', '16:00:00', '01:00:00', '', '', '0', '');
INSERT INTO `default_inn_epg_show_detail` VALUES ('964', '0', '0', 'One Night In Langkawi 1; Ep 1', '0000-00-00', '17:00:00', '01:00:00', '', '', '0', '');
INSERT INTO `default_inn_epg_show_detail` VALUES ('965', '0', '0', 'Drive Thru Australia 1; Ep 12', '0000-00-00', '18:00:00', '00:30:00', '', '', '0', '');
INSERT INTO `default_inn_epg_show_detail` VALUES ('966', '0', '0', 'From Spain With Love 1; Ep 12', '0000-00-00', '18:30:00', '00:30:00', '', '', '0', '');
INSERT INTO `default_inn_epg_show_detail` VALUES ('967', '0', '0', 'Bake With Anna Olson 3; Ep 5', '0000-00-00', '19:00:00', '00:30:00', '', '', '0', '');
INSERT INTO `default_inn_epg_show_detail` VALUES ('968', '0', '0', 'Pitchin In 1; Ep 3', '0000-00-00', '19:30:00', '00:30:00', '', '', '0', '');
INSERT INTO `default_inn_epg_show_detail` VALUES ('969', '0', '0', 'Secret Meat Business 3; Ep 2', '0000-00-00', '20:00:00', '00:30:00', '', '', '0', '');
INSERT INTO `default_inn_epg_show_detail` VALUES ('970', '0', '0', 'James & Thom\'s Pizza; Ep 6', '0000-00-00', '20:30:00', '00:30:00', '', '', '0', '');
INSERT INTO `default_inn_epg_show_detail` VALUES ('971', '0', '0', 'Fat Man In White Hat; Ep 1', '0000-00-00', '21:00:00', '01:00:00', '', '', '0', '');
INSERT INTO `default_inn_epg_show_detail` VALUES ('972', '0', '0', 'Iron Chef; Ep 20', '0000-00-00', '22:00:00', '01:00:00', '', '', '0', '');
INSERT INTO `default_inn_epg_show_detail` VALUES ('973', '0', '0', 'Rude Boy Food 1; Ep 2', '0000-00-00', '23:00:00', '00:30:00', '', '', '0', '');
INSERT INTO `default_inn_epg_show_detail` VALUES ('974', '0', '0', 'Scandinavian Cooking; Ep 9', '0000-00-00', '23:30:00', '00:30:00', '', '', '0', '');
INSERT INTO `default_inn_epg_show_detail` VALUES ('975', '0', '0', 'After Hours; Daniel 3; Ep 10', '0000-00-00', '00:00:00', '00:30:00', '', '', '0', '');
INSERT INTO `default_inn_epg_show_detail` VALUES ('976', '0', '0', 'Spice Goddess; Ep 3', '0000-00-00', '00:30:00', '00:30:00', '', '', '0', '');
INSERT INTO `default_inn_epg_show_detail` VALUES ('977', '0', '0', 'Hugh\'s 3 Good Things; Ep 5', '0000-00-00', '01:00:00', '00:30:00', '', '', '0', '');
INSERT INTO `default_inn_epg_show_detail` VALUES ('978', '0', '0', 'Hugh\'s 3 Good Things; Ep 6', '0000-00-00', '01:30:00', '00:30:00', '', '', '0', '');
INSERT INTO `default_inn_epg_show_detail` VALUES ('979', '0', '0', 'One Plate At A Time 3; Ep 5', '0000-00-00', '02:00:00', '00:30:00', '', '', '0', '');
INSERT INTO `default_inn_epg_show_detail` VALUES ('980', '0', '0', 'Opening: Bestellen; Ep 4', '0000-00-00', '02:30:00', '00:30:00', '', '', '0', '');
INSERT INTO `default_inn_epg_show_detail` VALUES ('981', '0', '0', 'Food Jammers 3; Ep 7', '0000-00-00', '03:00:00', '00:30:00', '', '', '0', '');
INSERT INTO `default_inn_epg_show_detail` VALUES ('982', '0', '0', 'Food Jammers 3; Ep 8', '0000-00-00', '03:30:00', '00:30:00', '', '', '0', '');
INSERT INTO `default_inn_epg_show_detail` VALUES ('983', '0', '0', 'Sugar; Ep 5', '0000-00-00', '04:00:00', '00:30:00', '', '', '0', '');
INSERT INTO `default_inn_epg_show_detail` VALUES ('984', '0', '0', 'Daily Cooks; Ep 40', '0000-00-00', '04:30:00', '00:30:00', '', '', '0', '');
INSERT INTO `default_inn_epg_show_detail` VALUES ('985', '0', '0', 'Cook Like A Chef 3; Ep 13', '0000-00-00', '05:00:00', '00:30:00', '', '', '0', '');
INSERT INTO `default_inn_epg_show_detail` VALUES ('986', '0', '0', 'Sugar; Ep 6', '0000-00-00', '05:30:00', '00:30:00', '', '', '0', '');
INSERT INTO `default_inn_epg_show_detail` VALUES ('987', '0', '0', 'Drive Thru Australia 1; Ep 12', '0000-00-00', '06:00:00', '00:30:00', '', '', '0', '');
INSERT INTO `default_inn_epg_show_detail` VALUES ('988', '0', '0', 'From Spain With Love 1; Ep 12', '0000-00-00', '06:30:00', '00:30:00', '', '', '0', '');
INSERT INTO `default_inn_epg_show_detail` VALUES ('989', '0', '0', 'Chuck\'s Week Off; Ep 7', '0000-00-00', '07:00:00', '00:30:00', '', '', '0', '');
INSERT INTO `default_inn_epg_show_detail` VALUES ('990', '0', '0', 'Food Truck 1; Ep 4', '0000-00-00', '07:30:00', '00:30:00', '', '', '0', '');
INSERT INTO `default_inn_epg_show_detail` VALUES ('991', '0', '0', 'Fat Man In White Hat; Ep 1', '0000-00-00', '08:00:00', '01:00:00', '', '', '0', '');
INSERT INTO `default_inn_epg_show_detail` VALUES ('992', '0', '0', 'Hugh\'s 3 Good Things; Ep 5', '0000-00-00', '09:00:00', '00:30:00', '', '', '0', '');
INSERT INTO `default_inn_epg_show_detail` VALUES ('993', '0', '0', 'Hugh\'s 3 Good Things; Ep 6', '0000-00-00', '09:30:00', '00:30:00', '', '', '0', '');
INSERT INTO `default_inn_epg_show_detail` VALUES ('994', '0', '0', 'Forever Summer; Nigella; Ep 8', '0000-00-00', '10:00:00', '00:30:00', '', '', '0', '');
INSERT INTO `default_inn_epg_show_detail` VALUES ('995', '0', '0', 'Bake With Anna Olson 3; Ep 5', '0000-00-00', '10:30:00', '00:30:00', '', '', '0', '');
INSERT INTO `default_inn_epg_show_detail` VALUES ('996', '0', '0', 'Iron Chef; Ep 20', '0000-00-00', '11:00:00', '01:00:00', '', '', '0', '');
INSERT INTO `default_inn_epg_show_detail` VALUES ('997', '0', '0', 'One Night In Langkawi 1; Ep 1', '0000-00-00', '12:00:00', '01:00:00', '', '', '0', '');
INSERT INTO `default_inn_epg_show_detail` VALUES ('998', '0', '0', 'Spice Goddess; Ep 3', '0000-00-00', '13:00:00', '00:30:00', '', '', '0', '');
INSERT INTO `default_inn_epg_show_detail` VALUES ('999', '0', '0', 'Chuck\'s Week Off; Ep 7', '0000-00-00', '13:30:00', '00:30:00', '', '', '0', '');
INSERT INTO `default_inn_epg_show_detail` VALUES ('1000', '0', '0', 'Hugh\'s 3 Good Things; Ep 5', '0000-00-00', '14:00:00', '00:30:00', '', '', '0', '');
INSERT INTO `default_inn_epg_show_detail` VALUES ('1001', '0', '0', 'Hugh\'s 3 Good Things; Ep 6', '0000-00-00', '14:30:00', '00:30:00', '', '', '0', '');
INSERT INTO `default_inn_epg_show_detail` VALUES ('1002', '0', '0', 'Rude Boy Food 1; Ep 2', '0000-00-00', '15:00:00', '00:30:00', '', '', '0', '');
INSERT INTO `default_inn_epg_show_detail` VALUES ('1003', '0', '0', 'Scandinavian Cooking; Ep 9', '0000-00-00', '15:30:00', '00:30:00', '', '', '0', '');
INSERT INTO `default_inn_epg_show_detail` VALUES ('1004', '0', '0', 'Food Fighters; Ep 1', '0000-00-00', '16:00:00', '01:00:00', '', '', '0', '');
INSERT INTO `default_inn_epg_show_detail` VALUES ('1005', '0', '0', 'Fat Man In White Hat; Ep 1', '0000-00-00', '17:00:00', '01:00:00', '', '', '0', '');
INSERT INTO `default_inn_epg_show_detail` VALUES ('1006', '0', '0', 'Makan Angin 1; Ep 6', '0000-00-00', '18:00:00', '00:30:00', '', '', '0', '');
INSERT INTO `default_inn_epg_show_detail` VALUES ('1007', '0', '0', 'A La Chef; Farah Quinn; Ep 12', '0000-00-00', '18:30:00', '00:30:00', '', '', '0', '');
INSERT INTO `default_inn_epg_show_detail` VALUES ('1008', '0', '0', '5 Rencah 5 Rasa 2; Ep 11', '0000-00-00', '19:00:00', '00:30:00', '', '', '0', '');
INSERT INTO `default_inn_epg_show_detail` VALUES ('1009', '0', '0', 'Best In The World; Ep 7', '0000-00-00', '19:30:00', '00:30:00', '', '', '0', '');
INSERT INTO `default_inn_epg_show_detail` VALUES ('1010', '0', '0', 'One Night In Langkawi 1; Ep 1', '0000-00-00', '20:00:00', '01:00:00', '', '', '0', '');
INSERT INTO `default_inn_epg_show_detail` VALUES ('1011', '0', '0', 'Back To The Streets 1; Ep 2', '0000-00-00', '21:00:00', '00:30:00', '', '', '0', '');
INSERT INTO `default_inn_epg_show_detail` VALUES ('1012', '0', '0', 'Chuck\'s Week Off; Ep 7', '0000-00-00', '21:30:00', '00:30:00', '', '', '0', '');
INSERT INTO `default_inn_epg_show_detail` VALUES ('1013', '0', '0', 'Hugh\'s 3 Good Things; Ep 5', '0000-00-00', '22:00:00', '00:30:00', '', '', '0', '');
INSERT INTO `default_inn_epg_show_detail` VALUES ('1014', '0', '0', 'Hugh\'s 3 Good Things; Ep 6', '0000-00-00', '22:30:00', '00:30:00', '', '', '0', '');
INSERT INTO `default_inn_epg_show_detail` VALUES ('1015', '0', '0', 'Drive Thru Australia 1; Ep 12', '0000-00-00', '23:00:00', '00:30:00', '', '', '0', '');
INSERT INTO `default_inn_epg_show_detail` VALUES ('1016', '0', '0', 'From Spain With Love 1; Ep 12', '0000-00-00', '23:30:00', '00:30:00', '', '', '0', '');
INSERT INTO `default_inn_epg_show_detail` VALUES ('1017', '0', '0', 'Bake With Anna Olson 3; Ep 5', '0000-00-00', '00:00:00', '00:30:00', '', '', '0', '');
INSERT INTO `default_inn_epg_show_detail` VALUES ('1018', '0', '0', 'Secret Meat Business 3; Ep 2', '0000-00-00', '00:30:00', '00:30:00', '', '', '0', '');
INSERT INTO `default_inn_epg_show_detail` VALUES ('1019', '0', '0', 'Food Fighters; Ep 1', '0000-00-00', '01:00:00', '01:00:00', '', '', '0', '');
INSERT INTO `default_inn_epg_show_detail` VALUES ('1020', '0', '0', 'Conviction Kitchen 1; Ep 4', '0000-00-00', '02:00:00', '01:00:00', '', '', '0', '');
INSERT INTO `default_inn_epg_show_detail` VALUES ('1021', '0', '0', 'Food Jammers 3; Ep 9', '0000-00-00', '03:00:00', '00:30:00', '', '', '0', '');
INSERT INTO `default_inn_epg_show_detail` VALUES ('1022', '0', '0', 'Food Jammers 3; Ep 10', '0000-00-00', '03:30:00', '00:30:00', '', '', '0', '');
INSERT INTO `default_inn_epg_show_detail` VALUES ('1023', '0', '0', 'Sugar; Ep 6', '0000-00-00', '04:00:00', '00:30:00', '', '', '0', '');
INSERT INTO `default_inn_epg_show_detail` VALUES ('1024', '0', '0', 'Daily Cooks; Ep 41', '0000-00-00', '04:30:00', '00:30:00', '', '', '0', '');
INSERT INTO `default_inn_epg_show_detail` VALUES ('1025', '0', '0', 'Cook Like A Chef 3; Ep 14', '0000-00-00', '05:00:00', '00:30:00', '', '', '0', '');
INSERT INTO `default_inn_epg_show_detail` VALUES ('1026', '0', '0', 'Sugar; Ep 7', '0000-00-00', '05:30:00', '00:30:00', '', '', '0', '');
INSERT INTO `default_inn_epg_show_detail` VALUES ('1027', '0', '0', 'Food Jammers 3; Ep 12', '0000-00-00', '06:00:00', '00:30:00', '', '', '0', '');
INSERT INTO `default_inn_epg_show_detail` VALUES ('1028', '0', '0', 'Chef At Home 5; Ep 20', '0000-00-00', '06:30:00', '00:30:00', '', '', '0', '');
INSERT INTO `default_inn_epg_show_detail` VALUES ('1029', '0', '0', 'Selera Asean 2; Ep 9', '0000-00-00', '07:00:00', '00:30:00', '', '', '0', '');
INSERT INTO `default_inn_epg_show_detail` VALUES ('1030', '0', '0', 'Selera Asean 2; Ep 10', '0000-00-00', '07:30:00', '00:30:00', '', '', '0', '');
INSERT INTO `default_inn_epg_show_detail` VALUES ('1031', '0', '0', 'Taste With Jason 6; Ep 2', '0000-00-00', '08:00:00', '00:30:00', '', '', '0', '');
INSERT INTO `default_inn_epg_show_detail` VALUES ('1032', '0', '0', 'Dosanko Cooking; Ep 20', '0000-00-00', '08:30:00', '00:30:00', '', '', '0', '');
INSERT INTO `default_inn_epg_show_detail` VALUES ('1033', '0', '0', 'Scandinavian Cooking; Ep 9', '0000-00-00', '09:00:00', '00:30:00', '', '', '0', '');
INSERT INTO `default_inn_epg_show_detail` VALUES ('1034', '0', '0', 'Fresh With Anna Olson 3; Ep 21', '0000-00-00', '09:30:00', '00:30:00', '', '', '0', '');
INSERT INTO `default_inn_epg_show_detail` VALUES ('1035', '0', '0', 'Restaurant Makeover 4; Ep 6', '0000-00-00', '10:00:00', '01:00:00', '', '', '0', '');
INSERT INTO `default_inn_epg_show_detail` VALUES ('1036', '0', '0', 'Chef Series: Da Bing; Ep 29', '0000-00-00', '11:00:00', '00:30:00', '', '', '0', '');
INSERT INTO `default_inn_epg_show_detail` VALUES ('1037', '0', '0', 'Food Glorious Food; Ep 6', '0000-00-00', '11:30:00', '00:30:00', '', '', '0', '');
INSERT INTO `default_inn_epg_show_detail` VALUES ('1038', '0', '0', 'French Food At Home 3; Ep 9', '0000-00-00', '12:00:00', '00:30:00', '', '', '0', '');
INSERT INTO `default_inn_epg_show_detail` VALUES ('1039', '0', '0', 'A Cook\'s Tour 2; Ep 4', '0000-00-00', '12:30:00', '00:30:00', '', '', '0', '');
INSERT INTO `default_inn_epg_show_detail` VALUES ('1040', '0', '0', 'Selera Asean 2; Ep 9', '0000-00-00', '13:00:00', '00:30:00', '', '', '0', '');
INSERT INTO `default_inn_epg_show_detail` VALUES ('1041', '0', '0', 'Selera Asean 2; Ep 10', '0000-00-00', '13:30:00', '00:30:00', '', '', '0', '');
INSERT INTO `default_inn_epg_show_detail` VALUES ('1042', '0', '0', 'One Plate At A Time 3; Ep 5', '0000-00-00', '14:00:00', '00:30:00', '', '', '0', '');
INSERT INTO `default_inn_epg_show_detail` VALUES ('1043', '0', '0', 'After Hours; Daniel 3; Ep 10', '0000-00-00', '14:30:00', '00:30:00', '', '', '0', '');
INSERT INTO `default_inn_epg_show_detail` VALUES ('1044', '0', '0', 'Instant Chef 1; Ep 12', '0000-00-00', '15:00:00', '00:30:00', '', '', '0', '');
INSERT INTO `default_inn_epg_show_detail` VALUES ('1045', '0', '0', 'Opening: Bestellen; Ep 4', '0000-00-00', '15:30:00', '00:30:00', '', '', '0', '');
INSERT INTO `default_inn_epg_show_detail` VALUES ('1046', '0', '0', 'Taste With Jason 6; Ep 2', '0000-00-00', '16:00:00', '00:30:00', '', '', '0', '');
INSERT INTO `default_inn_epg_show_detail` VALUES ('1047', '0', '0', 'Scandinavian Cooking; Ep 9', '0000-00-00', '16:30:00', '00:30:00', '', '', '0', '');
INSERT INTO `default_inn_epg_show_detail` VALUES ('1048', '0', '0', 'Conviction Kitchen 1; Ep 4', '0000-00-00', '17:00:00', '01:00:00', '', '', '0', '');
INSERT INTO `default_inn_epg_show_detail` VALUES ('1049', '0', '0', 'A Cook\'s Tour 2; Ep 4', '0000-00-00', '18:00:00', '00:30:00', '', '', '0', '');
INSERT INTO `default_inn_epg_show_detail` VALUES ('1050', '0', '0', 'Fresh With Anna Olson 3; Ep 21', '0000-00-00', '18:30:00', '00:30:00', '', '', '0', '');
INSERT INTO `default_inn_epg_show_detail` VALUES ('1051', '0', '0', 'Meat And Greed; Ep 1', '0000-00-00', '19:00:00', '00:30:00', '', '', '0', '');
INSERT INTO `default_inn_epg_show_detail` VALUES ('1052', '0', '0', 'Makan Unlimited; Ep 9', '0000-00-00', '19:30:00', '00:30:00', '', '', '0', '');
INSERT INTO `default_inn_epg_show_detail` VALUES ('1053', '0', '0', '5 Rencah 5 Rasa 2; Ep 12', '0000-00-00', '20:00:00', '00:30:00', '', '', '0', '');
INSERT INTO `default_inn_epg_show_detail` VALUES ('1054', '0', '0', 'Chuck\'s Week Off; Ep 8', '0000-00-00', '20:30:00', '00:30:00', '', '', '0', '');
INSERT INTO `default_inn_epg_show_detail` VALUES ('1055', '0', '0', 'Food Fighters; Ep 5', '0000-00-00', '21:00:00', '01:00:00', '', '', '0', '');
INSERT INTO `default_inn_epg_show_detail` VALUES ('1056', '0', '0', 'From Spain With Love 1; Ep 13', '0000-00-00', '22:00:00', '00:30:00', '', '', '0', '');
INSERT INTO `default_inn_epg_show_detail` VALUES ('1057', '0', '0', 'French Food At Home 3; Ep 9', '0000-00-00', '22:30:00', '00:30:00', '', '', '0', '');
INSERT INTO `default_inn_epg_show_detail` VALUES ('1058', '0', '0', 'Taste With Jason 6; Ep 2', '0000-00-00', '23:00:00', '00:30:00', '', '', '0', '');
INSERT INTO `default_inn_epg_show_detail` VALUES ('1059', '0', '0', 'Food Jammers 3; Ep 12', '0000-00-00', '23:30:00', '00:30:00', '', '', '0', '');
INSERT INTO `default_inn_epg_show_detail` VALUES ('1060', '0', '0', '5 Rencah 5 Rasa 2; Ep 12', '0000-00-00', '00:00:00', '00:30:00', '', '', '0', '');
INSERT INTO `default_inn_epg_show_detail` VALUES ('1061', '0', '0', 'Chuck\'s Week Off; Ep 8', '0000-00-00', '00:30:00', '00:30:00', '', '', '0', '');
INSERT INTO `default_inn_epg_show_detail` VALUES ('1062', '0', '0', 'Selera Asean 2; Ep 9', '0000-00-00', '01:00:00', '00:30:00', '', '', '0', '');
INSERT INTO `default_inn_epg_show_detail` VALUES ('1063', '0', '0', 'Selera Asean 2; Ep 10', '0000-00-00', '01:30:00', '00:30:00', '', '', '0', '');
INSERT INTO `default_inn_epg_show_detail` VALUES ('1064', '0', '0', 'Food Glorious Food; Ep 6', '0000-00-00', '02:00:00', '00:30:00', '', '', '0', '');
INSERT INTO `default_inn_epg_show_detail` VALUES ('1065', '0', '0', 'Chef At Home 5; Ep 20', '0000-00-00', '02:30:00', '00:30:00', '', '', '0', '');
INSERT INTO `default_inn_epg_show_detail` VALUES ('1066', '0', '0', 'Dosanko Cooking; Ep 20', '0000-00-00', '03:00:00', '00:30:00', '', '', '0', '');
INSERT INTO `default_inn_epg_show_detail` VALUES ('1067', '0', '0', 'Chef Series: Da Bing; Ep 29', '0000-00-00', '03:30:00', '00:30:00', '', '', '0', '');
INSERT INTO `default_inn_epg_show_detail` VALUES ('1068', '0', '0', 'Sugar; Ep 7', '0000-00-00', '04:00:00', '00:30:00', '', '', '0', '');
INSERT INTO `default_inn_epg_show_detail` VALUES ('1069', '0', '0', 'Daily Cooks; Ep 42', '0000-00-00', '04:30:00', '00:30:00', '', '', '0', '');
INSERT INTO `default_inn_epg_show_detail` VALUES ('1070', '0', '0', 'Cook Like A Chef 3; Ep 15', '0000-00-00', '05:00:00', '00:30:00', '', '', '0', '');
INSERT INTO `default_inn_epg_show_detail` VALUES ('1071', '0', '0', 'Sugar; Ep 8', '0000-00-00', '05:30:00', '00:30:00', '', '', '0', '');
INSERT INTO `default_inn_epg_show_detail` VALUES ('1072', '0', '0', 'Food Jammers 3; Ep 13', '0000-00-00', '06:00:00', '00:30:00', '', '', '0', '');
INSERT INTO `default_inn_epg_show_detail` VALUES ('1073', '0', '0', 'Chef At Home 5; Ep 21', '0000-00-00', '06:30:00', '00:30:00', '', '', '0', '');
INSERT INTO `default_inn_epg_show_detail` VALUES ('1074', '0', '0', 'Sajian; Ep 1', '0000-00-00', '07:00:00', '00:30:00', '', '', '0', '');
INSERT INTO `default_inn_epg_show_detail` VALUES ('1075', '0', '0', 'Sajian; Ep 2', '0000-00-00', '07:30:00', '00:30:00', '', '', '0', '');
INSERT INTO `default_inn_epg_show_detail` VALUES ('1076', '0', '0', 'Taste With Jason 6; Ep 3', '0000-00-00', '08:00:00', '00:30:00', '', '', '0', '');
INSERT INTO `default_inn_epg_show_detail` VALUES ('1077', '0', '0', 'Discover! North Taste; Ep 26', '0000-00-00', '08:30:00', '00:30:00', '', '', '0', '');
INSERT INTO `default_inn_epg_show_detail` VALUES ('1078', '0', '0', 'From Spain With Love 1; Ep 13', '0000-00-00', '09:00:00', '00:30:00', '', '', '0', '');
INSERT INTO `default_inn_epg_show_detail` VALUES ('1079', '0', '0', 'Fresh With Anna Olson 3; Ep 22', '0000-00-00', '09:30:00', '00:30:00', '', '', '0', '');
INSERT INTO `default_inn_epg_show_detail` VALUES ('1080', '0', '0', 'Dinner Party Wars 2; Ep 12', '0000-00-00', '10:00:00', '01:00:00', '', '', '0', '');
INSERT INTO `default_inn_epg_show_detail` VALUES ('1081', '0', '0', 'Chef Series: Da Bing; Ep 30', '0000-00-00', '11:00:00', '00:30:00', '', '', '0', '');
INSERT INTO `default_inn_epg_show_detail` VALUES ('1082', '0', '0', 'Food Glorious Food; Ep 7', '0000-00-00', '11:30:00', '00:30:00', '', '', '0', '');
INSERT INTO `default_inn_epg_show_detail` VALUES ('1083', '0', '0', 'French Food At Home 3; Ep 10', '0000-00-00', '12:00:00', '00:30:00', '', '', '0', '');
INSERT INTO `default_inn_epg_show_detail` VALUES ('1084', '0', '0', 'A Cook\'s Tour 2; Ep 5', '0000-00-00', '12:30:00', '00:30:00', '', '', '0', '');
INSERT INTO `default_inn_epg_show_detail` VALUES ('1085', '0', '0', 'Sajian; Ep 1', '0000-00-00', '13:00:00', '00:30:00', '', '', '0', '');
INSERT INTO `default_inn_epg_show_detail` VALUES ('1086', '0', '0', 'Sajian; Ep 2', '0000-00-00', '13:30:00', '00:30:00', '', '', '0', '');
INSERT INTO `default_inn_epg_show_detail` VALUES ('1087', '0', '0', '5 Rencah 5 Rasa 2; Ep 12', '0000-00-00', '14:00:00', '00:30:00', '', '', '0', '');
INSERT INTO `default_inn_epg_show_detail` VALUES ('1088', '0', '0', 'Chuck\'s Week Off; Ep 8', '0000-00-00', '14:30:00', '00:30:00', '', '', '0', '');
INSERT INTO `default_inn_epg_show_detail` VALUES ('1089', '0', '0', 'Meat And Greed; Ep 1', '0000-00-00', '15:00:00', '00:30:00', '', '', '0', '');
INSERT INTO `default_inn_epg_show_detail` VALUES ('1090', '0', '0', 'Makan Unlimited; Ep 9', '0000-00-00', '15:30:00', '00:30:00', '', '', '0', '');
INSERT INTO `default_inn_epg_show_detail` VALUES ('1091', '0', '0', 'Taste With Jason 6; Ep 3', '0000-00-00', '16:00:00', '00:30:00', '', '', '0', '');
INSERT INTO `default_inn_epg_show_detail` VALUES ('1092', '0', '0', 'From Spain With Love 1; Ep 13', '0000-00-00', '16:30:00', '00:30:00', '', '', '0', '');
INSERT INTO `default_inn_epg_show_detail` VALUES ('1093', '0', '0', 'Food Fighters; Ep 5', '0000-00-00', '17:00:00', '01:00:00', '', '', '0', '');
INSERT INTO `default_inn_epg_show_detail` VALUES ('1094', '0', '0', 'A Cook\'s Tour 2; Ep 5', '0000-00-00', '18:00:00', '00:30:00', '', '', '0', '');
INSERT INTO `default_inn_epg_show_detail` VALUES ('1095', '0', '0', 'Fresh With Anna Olson 3; Ep 22', '0000-00-00', '18:30:00', '00:30:00', '', '', '0', '');
INSERT INTO `default_inn_epg_show_detail` VALUES ('1096', '0', '0', 'Kylie Kwong; Ep 1', '0000-00-00', '19:00:00', '00:30:00', '', '', '0', '');
INSERT INTO `default_inn_epg_show_detail` VALUES ('1097', '0', '0', 'Food Truck 1; Ep 5', '0000-00-00', '19:30:00', '00:30:00', '', '', '0', '');
INSERT INTO `default_inn_epg_show_detail` VALUES ('1098', '0', '0', 'Bake With Anna Olson 3; Ep 6', '0000-00-00', '20:00:00', '00:30:00', '', '', '0', '');
INSERT INTO `default_inn_epg_show_detail` VALUES ('1099', '0', '0', 'Paul & Nick\'s Big Food; Ep 1', '0000-00-00', '20:30:00', '00:30:00', '', '', '0', '');
INSERT INTO `default_inn_epg_show_detail` VALUES ('1100', '0', '0', 'Heston\'s Mission 1; Ep 2', '0000-00-00', '21:00:00', '01:00:00', '', '', '0', '');
INSERT INTO `default_inn_epg_show_detail` VALUES ('1101', '0', '0', 'Drive Thru Australia 1; Ep 13', '0000-00-00', '22:00:00', '00:30:00', '', '', '0', '');
INSERT INTO `default_inn_epg_show_detail` VALUES ('1102', '0', '0', 'French Food At Home 3; Ep 10', '0000-00-00', '22:30:00', '00:30:00', '', '', '0', '');
INSERT INTO `default_inn_epg_show_detail` VALUES ('1103', '0', '0', 'Taste With Jason 6; Ep 3', '0000-00-00', '23:00:00', '00:30:00', '', '', '0', '');
INSERT INTO `default_inn_epg_show_detail` VALUES ('1104', '0', '0', 'Food Jammers 3; Ep 13', '0000-00-00', '23:30:00', '00:30:00', '', '', '0', '');
INSERT INTO `default_inn_epg_show_detail` VALUES ('1105', '0', '0', 'Bake With Anna Olson 3; Ep 6', '0000-00-00', '00:00:00', '00:30:00', '', '', '0', '');
INSERT INTO `default_inn_epg_show_detail` VALUES ('1106', '0', '0', 'Paul & Nick\'s Big Food; Ep 1', '0000-00-00', '00:30:00', '00:30:00', '', '', '0', '');
INSERT INTO `default_inn_epg_show_detail` VALUES ('1107', '0', '0', 'Sajian; Ep 1', '0000-00-00', '01:00:00', '00:30:00', '', '', '0', '');
INSERT INTO `default_inn_epg_show_detail` VALUES ('1108', '0', '0', 'Sajian; Ep 2', '0000-00-00', '01:30:00', '00:30:00', '', '', '0', '');
INSERT INTO `default_inn_epg_show_detail` VALUES ('1109', '0', '0', 'Food Glorious Food; Ep 7', '0000-00-00', '02:00:00', '00:30:00', '', '', '0', '');
INSERT INTO `default_inn_epg_show_detail` VALUES ('1110', '0', '0', 'Chef At Home 5; Ep 21', '0000-00-00', '02:30:00', '00:30:00', '', '', '0', '');
INSERT INTO `default_inn_epg_show_detail` VALUES ('1111', '0', '0', 'Discover! North Taste; Ep 26', '0000-00-00', '03:00:00', '00:30:00', '', '', '0', '');
INSERT INTO `default_inn_epg_show_detail` VALUES ('1112', '0', '0', 'Chef Series: Da Bing; Ep 30', '0000-00-00', '03:30:00', '00:30:00', '', '', '0', '');
INSERT INTO `default_inn_epg_show_detail` VALUES ('1113', '0', '0', 'Sugar; Ep 8', '0000-00-00', '04:00:00', '00:30:00', '', '', '0', '');
INSERT INTO `default_inn_epg_show_detail` VALUES ('1114', '0', '0', 'Daily Cooks; Ep 43', '0000-00-00', '04:30:00', '00:30:00', '', '', '0', '');
INSERT INTO `default_inn_epg_show_detail` VALUES ('1115', '0', '0', 'Cook Like A Chef 3; Ep 16', '0000-00-00', '05:00:00', '00:30:00', '', '', '0', '');
INSERT INTO `default_inn_epg_show_detail` VALUES ('1116', '0', '0', 'Sugar; Ep 9', '0000-00-00', '05:30:00', '00:30:00', '', '', '0', '');
INSERT INTO `default_inn_epg_show_detail` VALUES ('1117', '0', '0', 'Food Jammers; Ep 1', '0000-00-00', '06:00:00', '00:30:00', '', '', '0', '');
INSERT INTO `default_inn_epg_show_detail` VALUES ('1118', '0', '0', 'Chef At Home 5; Ep 22', '0000-00-00', '06:30:00', '00:30:00', '', '', '0', '');
INSERT INTO `default_inn_epg_show_detail` VALUES ('1119', '0', '0', 'Ekspedisi Chef Wan 1; Ep 26', '0000-00-00', '07:00:00', '00:30:00', '', '', '0', '');
INSERT INTO `default_inn_epg_show_detail` VALUES ('1120', '0', '0', 'Ekspedisi Chef Wan 1; Ep 1', '0000-00-00', '07:30:00', '00:30:00', '', '', '0', '');
INSERT INTO `default_inn_epg_show_detail` VALUES ('1121', '0', '0', 'Taste With Jason 6; Ep 4', '0000-00-00', '08:00:00', '00:30:00', '', '', '0', '');
INSERT INTO `default_inn_epg_show_detail` VALUES ('1122', '0', '0', 'Journey Hokkaido; Ep 5', '0000-00-00', '08:30:00', '00:30:00', '', '', '0', '');
INSERT INTO `default_inn_epg_show_detail` VALUES ('1123', '0', '0', 'Drive Thru Australia 1; Ep 13', '0000-00-00', '09:00:00', '00:30:00', '', '', '0', '');
INSERT INTO `default_inn_epg_show_detail` VALUES ('1124', '0', '0', 'Fresh With Anna Olson 3; Ep 23', '0000-00-00', '09:30:00', '00:30:00', '', '', '0', '');
INSERT INTO `default_inn_epg_show_detail` VALUES ('1125', '0', '0', 'Restaurant Makeover 4; Ep 7', '0000-00-00', '10:00:00', '01:00:00', '', '', '0', '');
INSERT INTO `default_inn_epg_show_detail` VALUES ('1126', '0', '0', 'Chef Series: Da Bing; Ep 31', '0000-00-00', '11:00:00', '00:30:00', '', '', '0', '');
INSERT INTO `default_inn_epg_show_detail` VALUES ('1127', '0', '0', 'Food Glorious Food; Ep 8', '0000-00-00', '11:30:00', '00:30:00', '', '', '0', '');
INSERT INTO `default_inn_epg_show_detail` VALUES ('1128', '0', '0', 'French Food At Home 3; Ep 11', '0000-00-00', '12:00:00', '00:30:00', '', '', '0', '');
INSERT INTO `default_inn_epg_show_detail` VALUES ('1129', '0', '0', 'A Cook\'s Tour 2; Ep 6', '0000-00-00', '12:30:00', '00:30:00', '', '', '0', '');
INSERT INTO `default_inn_epg_show_detail` VALUES ('1130', '0', '0', 'Ekspedisi Chef Wan 1; Ep 26', '0000-00-00', '13:00:00', '00:30:00', '', '', '0', '');
INSERT INTO `default_inn_epg_show_detail` VALUES ('1131', '0', '0', 'Ekspedisi Chef Wan 1; Ep 1', '0000-00-00', '13:30:00', '00:30:00', '', '', '0', '');
INSERT INTO `default_inn_epg_show_detail` VALUES ('1132', '0', '0', 'Bake With Anna Olson 3; Ep 6', '0000-00-00', '14:00:00', '00:30:00', '', '', '0', '');
INSERT INTO `default_inn_epg_show_detail` VALUES ('1133', '0', '0', 'Paul & Nick\'s Big Food; Ep 1', '0000-00-00', '14:30:00', '00:30:00', '', '', '0', '');
INSERT INTO `default_inn_epg_show_detail` VALUES ('1134', '0', '0', 'Kylie Kwong; Ep 1', '0000-00-00', '15:00:00', '00:30:00', '', '', '0', '');
INSERT INTO `default_inn_epg_show_detail` VALUES ('1135', '0', '0', 'Food Truck 1; Ep 5', '0000-00-00', '15:30:00', '00:30:00', '', '', '0', '');
INSERT INTO `default_inn_epg_show_detail` VALUES ('1136', '0', '0', 'Taste With Jason 6; Ep 4', '0000-00-00', '16:00:00', '00:30:00', '', '', '0', '');
INSERT INTO `default_inn_epg_show_detail` VALUES ('1137', '0', '0', 'Drive Thru Australia 1; Ep 13', '0000-00-00', '16:30:00', '00:30:00', '', '', '0', '');
INSERT INTO `default_inn_epg_show_detail` VALUES ('1138', '0', '0', 'Heston\'s Mission 1; Ep 2', '0000-00-00', '17:00:00', '01:00:00', '', '', '0', '');
INSERT INTO `default_inn_epg_show_detail` VALUES ('1139', '0', '0', 'A Cook\'s Tour 2; Ep 6', '0000-00-00', '18:00:00', '00:30:00', '', '', '0', '');
INSERT INTO `default_inn_epg_show_detail` VALUES ('1140', '0', '0', 'Fresh With Anna Olson 3; Ep 23', '0000-00-00', '18:30:00', '00:30:00', '', '', '0', '');
INSERT INTO `default_inn_epg_show_detail` VALUES ('1141', '0', '0', 'A La Chef; Farah Quinn; Ep 13', '0000-00-00', '19:00:00', '00:30:00', '', '', '0', '');
INSERT INTO `default_inn_epg_show_detail` VALUES ('1142', '0', '0', 'Makan Angin 1; Ep 7', '0000-00-00', '19:30:00', '00:30:00', '', '', '0', '');
INSERT INTO `default_inn_epg_show_detail` VALUES ('1143', '0', '0', 'Spice Goddess; Ep 4', '0000-00-00', '20:00:00', '00:30:00', '', '', '0', '');
INSERT INTO `default_inn_epg_show_detail` VALUES ('1144', '0', '0', 'Pitchin In 1; Ep 4', '0000-00-00', '20:30:00', '00:30:00', '', '', '0', '');
INSERT INTO `default_inn_epg_show_detail` VALUES ('1145', '0', '0', 'Iron Chef; Ep 9', '0000-00-00', '21:00:00', '01:00:00', '', '', '0', '');
INSERT INTO `default_inn_epg_show_detail` VALUES ('1146', '0', '0', 'Chuck\'s Day Off 2; Ep 18', '0000-00-00', '22:00:00', '00:30:00', '', '', '0', '');
INSERT INTO `default_inn_epg_show_detail` VALUES ('1147', '0', '0', 'French Food At Home 3; Ep 11', '0000-00-00', '22:30:00', '00:30:00', '', '', '0', '');
INSERT INTO `default_inn_epg_show_detail` VALUES ('1148', '0', '0', 'Taste With Jason 6; Ep 4', '0000-00-00', '23:00:00', '00:30:00', '', '', '0', '');
INSERT INTO `default_inn_epg_show_detail` VALUES ('1149', '0', '0', 'Food Jammers; Ep 1', '0000-00-00', '23:30:00', '00:30:00', '', '', '0', '');
INSERT INTO `default_inn_epg_show_detail` VALUES ('1150', '0', '0', 'Spice Goddess; Ep 4', '0000-00-00', '00:00:00', '00:30:00', '', '', '0', '');
INSERT INTO `default_inn_epg_show_detail` VALUES ('1151', '0', '0', 'Pitchin In 1; Ep 4', '0000-00-00', '00:30:00', '00:30:00', '', '', '0', '');
INSERT INTO `default_inn_epg_show_detail` VALUES ('1152', '0', '0', 'Ekspedisi Chef Wan 1; Ep 26', '0000-00-00', '01:00:00', '00:30:00', '', '', '0', '');
INSERT INTO `default_inn_epg_show_detail` VALUES ('1153', '0', '0', 'Ekspedisi Chef Wan 1; Ep 1', '0000-00-00', '01:30:00', '00:30:00', '', '', '0', '');
INSERT INTO `default_inn_epg_show_detail` VALUES ('1154', '0', '0', 'Food Glorious Food; Ep 8', '0000-00-00', '02:00:00', '00:30:00', '', '', '0', '');
INSERT INTO `default_inn_epg_show_detail` VALUES ('1155', '0', '0', 'Chef At Home 5; Ep 22', '0000-00-00', '02:30:00', '00:30:00', '', '', '0', '');
INSERT INTO `default_inn_epg_show_detail` VALUES ('1156', '0', '0', 'Journey Hokkaido; Ep 5', '0000-00-00', '03:00:00', '00:30:00', '', '', '0', '');
INSERT INTO `default_inn_epg_show_detail` VALUES ('1157', '0', '0', 'Chef Series: Da Bing; Ep 31', '0000-00-00', '03:30:00', '00:30:00', '', '', '0', '');
INSERT INTO `default_inn_epg_show_detail` VALUES ('1158', '0', '0', 'Sugar; Ep 9', '0000-00-00', '04:00:00', '00:30:00', '', '', '0', '');
INSERT INTO `default_inn_epg_show_detail` VALUES ('1159', '0', '0', 'Daily Cooks; Ep 44', '0000-00-00', '04:30:00', '00:30:00', '', '', '0', '');
INSERT INTO `default_inn_epg_show_detail` VALUES ('1160', '0', '0', 'Cook Like A Chef 3; Ep 17', '0000-00-00', '05:00:00', '00:30:00', '', '', '0', '');
INSERT INTO `default_inn_epg_show_detail` VALUES ('1161', '0', '0', 'Sugar; Ep 10', '0000-00-00', '05:30:00', '00:30:00', '', '', '0', '');
INSERT INTO `default_inn_epg_show_detail` VALUES ('1162', '0', '0', 'Food Jammers; Ep 2', '0000-00-00', '06:00:00', '00:30:00', '', '', '0', '');
INSERT INTO `default_inn_epg_show_detail` VALUES ('1163', '0', '0', 'Chef At Home 5; Ep 23', '0000-00-00', '06:30:00', '00:30:00', '', '', '0', '');
INSERT INTO `default_inn_epg_show_detail` VALUES ('1164', '0', '0', 'Masak Apa 4; Ep 10', '0000-00-00', '07:00:00', '00:30:00', '', '', '0', '');
INSERT INTO `default_inn_epg_show_detail` VALUES ('1165', '0', '0', 'Masak Apa 4; Ep 11', '0000-00-00', '07:30:00', '00:30:00', '', '', '0', '');
INSERT INTO `default_inn_epg_show_detail` VALUES ('1166', '0', '0', 'Taste With Jason 6; Ep 5', '0000-00-00', '08:00:00', '00:30:00', '', '', '0', '');
INSERT INTO `default_inn_epg_show_detail` VALUES ('1167', '0', '0', 'Discover! North Taste; Ep 27', '0000-00-00', '08:30:00', '00:30:00', '', '', '0', '');
INSERT INTO `default_inn_epg_show_detail` VALUES ('1168', '0', '0', 'Chuck\'s Day Off 2; Ep 18', '0000-00-00', '09:00:00', '00:30:00', '', '', '0', '');
INSERT INTO `default_inn_epg_show_detail` VALUES ('1169', '0', '0', 'Fresh With Anna Olson 3; Ep 24', '0000-00-00', '09:30:00', '00:30:00', '', '', '0', '');
INSERT INTO `default_inn_epg_show_detail` VALUES ('1170', '0', '0', 'Dinner Party Wars 2; Ep 13', '0000-00-00', '10:00:00', '01:00:00', '', '', '0', '');
INSERT INTO `default_inn_epg_show_detail` VALUES ('1171', '0', '0', 'Chef Series: Da Bing; Ep 32', '0000-00-00', '11:00:00', '00:30:00', '', '', '0', '');
INSERT INTO `default_inn_epg_show_detail` VALUES ('1172', '0', '0', 'Food Glorious Food; Ep 9', '0000-00-00', '11:30:00', '00:30:00', '', '', '0', '');
INSERT INTO `default_inn_epg_show_detail` VALUES ('1173', '0', '0', 'French Food At Home 3; Ep 12', '0000-00-00', '12:00:00', '00:30:00', '', '', '0', '');
INSERT INTO `default_inn_epg_show_detail` VALUES ('1174', '0', '0', 'A Cook\'s Tour 2; Ep 7', '0000-00-00', '12:30:00', '00:30:00', '', '', '0', '');
INSERT INTO `default_inn_epg_show_detail` VALUES ('1175', '0', '0', 'Masak Apa 4; Ep 10', '0000-00-00', '13:00:00', '00:30:00', '', '', '0', '');
INSERT INTO `default_inn_epg_show_detail` VALUES ('1176', '0', '0', 'Masak Apa 4; Ep 11', '0000-00-00', '13:30:00', '00:30:00', '', '', '0', '');
INSERT INTO `default_inn_epg_show_detail` VALUES ('1177', '0', '0', 'Spice Goddess; Ep 4', '0000-00-00', '14:00:00', '00:30:00', '', '', '0', '');
INSERT INTO `default_inn_epg_show_detail` VALUES ('1178', '0', '0', 'Pitchin In 1; Ep 4', '0000-00-00', '14:30:00', '00:30:00', '', '', '0', '');
INSERT INTO `default_inn_epg_show_detail` VALUES ('1179', '0', '0', 'A La Chef; Farah Quinn; Ep 13', '0000-00-00', '15:00:00', '00:30:00', '', '', '0', '');
INSERT INTO `default_inn_epg_show_detail` VALUES ('1180', '0', '0', 'Makan Angin 1; Ep 7', '0000-00-00', '15:30:00', '00:30:00', '', '', '0', '');
INSERT INTO `default_inn_epg_show_detail` VALUES ('1181', '0', '0', 'Taste With Jason 6; Ep 5', '0000-00-00', '16:00:00', '00:30:00', '', '', '0', '');
INSERT INTO `default_inn_epg_show_detail` VALUES ('1182', '0', '0', 'Chuck\'s Day Off 2; Ep 18', '0000-00-00', '16:30:00', '00:30:00', '', '', '0', '');
INSERT INTO `default_inn_epg_show_detail` VALUES ('1183', '0', '0', 'Iron Chef; Ep 9', '0000-00-00', '17:00:00', '01:00:00', '', '', '0', '');
INSERT INTO `default_inn_epg_show_detail` VALUES ('1184', '0', '0', 'A Cook\'s Tour 2; Ep 7', '0000-00-00', '18:00:00', '00:30:00', '', '', '0', '');
INSERT INTO `default_inn_epg_show_detail` VALUES ('1185', '0', '0', 'Fresh With Anna Olson 3; Ep 24', '0000-00-00', '18:30:00', '00:30:00', '', '', '0', '');
INSERT INTO `default_inn_epg_show_detail` VALUES ('1186', '0', '0', 'Avec Eric 1; Ep 9', '0000-00-00', '19:00:00', '00:30:00', '', '', '0', '');
INSERT INTO `default_inn_epg_show_detail` VALUES ('1187', '0', '0', 'Back To The Streets 1; Ep 3', '0000-00-00', '19:30:00', '00:30:00', '', '', '0', '');
INSERT INTO `default_inn_epg_show_detail` VALUES ('1188', '0', '0', 'Best In The World; Ep 8', '0000-00-00', '20:00:00', '00:30:00', '', '', '0', '');
INSERT INTO `default_inn_epg_show_detail` VALUES ('1189', '0', '0', 'Secret Meat Business 3; Ep 3', '0000-00-00', '20:30:00', '00:30:00', '', '', '0', '');
INSERT INTO `default_inn_epg_show_detail` VALUES ('1190', '0', '0', 'Hugh\'s 3 Good Things; Ep 7', '0000-00-00', '21:00:00', '00:30:00', '', '', '0', '');
INSERT INTO `default_inn_epg_show_detail` VALUES ('1191', '0', '0', 'Hugh\'s 3 Good Things; Ep 8', '0000-00-00', '21:30:00', '00:30:00', '', '', '0', '');
INSERT INTO `default_inn_epg_show_detail` VALUES ('1192', '0', '0', 'Rude Boy Food 1; Ep 3', '0000-00-00', '22:00:00', '00:30:00', '', '', '0', '');
INSERT INTO `default_inn_epg_show_detail` VALUES ('1193', '0', '0', 'French Food At Home 3; Ep 12', '0000-00-00', '22:30:00', '00:30:00', '', '', '0', '');
INSERT INTO `default_inn_epg_show_detail` VALUES ('1194', '0', '0', 'Taste With Jason 6; Ep 5', '0000-00-00', '23:00:00', '00:30:00', '', '', '0', '');
INSERT INTO `default_inn_epg_show_detail` VALUES ('1195', '0', '0', 'Food Jammers; Ep 2', '0000-00-00', '23:30:00', '00:30:00', '', '', '0', '');
INSERT INTO `default_inn_epg_show_detail` VALUES ('1196', '0', '0', 'Best In The World; Ep 8', '0000-00-00', '00:00:00', '00:30:00', '', '', '0', '');
INSERT INTO `default_inn_epg_show_detail` VALUES ('1197', '0', '0', 'Secret Meat Business 3; Ep 3', '0000-00-00', '00:30:00', '00:30:00', '', '', '0', '');
INSERT INTO `default_inn_epg_show_detail` VALUES ('1198', '0', '0', 'Masak Apa 4; Ep 10', '0000-00-00', '01:00:00', '00:30:00', '', '', '0', '');
INSERT INTO `default_inn_epg_show_detail` VALUES ('1199', '0', '0', 'Masak Apa 4; Ep 11', '0000-00-00', '01:30:00', '00:30:00', '', '', '0', '');
INSERT INTO `default_inn_epg_show_detail` VALUES ('1200', '0', '0', 'Food Glorious Food; Ep 9', '0000-00-00', '02:00:00', '00:30:00', '', '', '0', '');
INSERT INTO `default_inn_epg_show_detail` VALUES ('1201', '0', '0', 'Chef At Home 5; Ep 23', '0000-00-00', '02:30:00', '00:30:00', '', '', '0', '');
INSERT INTO `default_inn_epg_show_detail` VALUES ('1202', '0', '0', 'Discover! North Taste; Ep 27', '0000-00-00', '03:00:00', '00:30:00', '', '', '0', '');
INSERT INTO `default_inn_epg_show_detail` VALUES ('1203', '0', '0', 'Chef Series: Da Bing; Ep 32', '0000-00-00', '03:30:00', '00:30:00', '', '', '0', '');
INSERT INTO `default_inn_epg_show_detail` VALUES ('1204', '0', '0', 'Sugar; Ep 10', '0000-00-00', '04:00:00', '00:30:00', '', '', '0', '');
INSERT INTO `default_inn_epg_show_detail` VALUES ('1205', '0', '0', 'Daily Cooks; Ep 45', '0000-00-00', '04:30:00', '00:30:00', '', '', '0', '');
INSERT INTO `default_inn_epg_show_detail` VALUES ('1206', '0', '0', 'Cook Like A Chef 3; Ep 18', '0000-00-00', '05:00:00', '00:30:00', '', '', '0', '');
INSERT INTO `default_inn_epg_show_detail` VALUES ('1207', '0', '0', 'Sugar; Ep 11', '0000-00-00', '05:30:00', '00:30:00', '', '', '0', '');
INSERT INTO `default_inn_epg_show_detail` VALUES ('1208', '0', '0', 'Food Jammers; Ep 3', '0000-00-00', '06:00:00', '00:30:00', '', '', '0', '');
INSERT INTO `default_inn_epg_show_detail` VALUES ('1209', '0', '0', 'Chef At Home 5; Ep 24', '0000-00-00', '06:30:00', '00:30:00', '', '', '0', '');
INSERT INTO `default_inn_epg_show_detail` VALUES ('1210', '0', '0', 'Yuk Buat Roti; Ep 4', '0000-00-00', '07:00:00', '00:30:00', '', '', '0', '');
INSERT INTO `default_inn_epg_show_detail` VALUES ('1211', '0', '0', 'Yuk Buat Roti; Ep 5', '0000-00-00', '07:30:00', '00:30:00', '', '', '0', '');
INSERT INTO `default_inn_epg_show_detail` VALUES ('1212', '0', '0', 'Taste With Jason 6; Ep 6', '0000-00-00', '08:00:00', '00:30:00', '', '', '0', '');
INSERT INTO `default_inn_epg_show_detail` VALUES ('1213', '0', '0', 'Dosanko Cooking; Ep 21', '0000-00-00', '08:30:00', '00:30:00', '', '', '0', '');
INSERT INTO `default_inn_epg_show_detail` VALUES ('1214', '0', '0', 'Rude Boy Food 1; Ep 3', '0000-00-00', '09:00:00', '00:30:00', '', '', '0', '');
INSERT INTO `default_inn_epg_show_detail` VALUES ('1215', '0', '0', 'Fresh With Anna Olson 3; Ep 25', '0000-00-00', '09:30:00', '00:30:00', '', '', '0', '');
INSERT INTO `default_inn_epg_show_detail` VALUES ('1216', '0', '0', 'Restaurant Makeover 4; Ep 8', '0000-00-00', '10:00:00', '01:00:00', '', '', '0', '');
INSERT INTO `default_inn_epg_show_detail` VALUES ('1217', '0', '0', 'Chef Series: Da Bing; Ep 33', '0000-00-00', '11:00:00', '00:30:00', '', '', '0', '');
INSERT INTO `default_inn_epg_show_detail` VALUES ('1218', '0', '0', 'Food Glorious Food; Ep 10', '0000-00-00', '11:30:00', '00:30:00', '', '', '0', '');
INSERT INTO `default_inn_epg_show_detail` VALUES ('1219', '0', '0', 'French Food At Home 3; Ep 13', '0000-00-00', '12:00:00', '00:30:00', '', '', '0', '');
INSERT INTO `default_inn_epg_show_detail` VALUES ('1220', '0', '0', 'A Cook\'s Tour 2; Ep 8', '0000-00-00', '12:30:00', '00:30:00', '', '', '0', '');
INSERT INTO `default_inn_epg_show_detail` VALUES ('1221', '0', '0', 'Yuk Buat Roti; Ep 4', '0000-00-00', '13:00:00', '00:30:00', '', '', '0', '');
INSERT INTO `default_inn_epg_show_detail` VALUES ('1222', '0', '0', 'Yuk Buat Roti; Ep 5', '0000-00-00', '13:30:00', '00:30:00', '', '', '0', '');
INSERT INTO `default_inn_epg_show_detail` VALUES ('1223', '0', '0', 'Best In The World; Ep 8', '0000-00-00', '14:00:00', '00:30:00', '', '', '0', '');
INSERT INTO `default_inn_epg_show_detail` VALUES ('1224', '0', '0', 'Secret Meat Business 3; Ep 3', '0000-00-00', '14:30:00', '00:30:00', '', '', '0', '');
INSERT INTO `default_inn_epg_show_detail` VALUES ('1225', '0', '0', 'Avec Eric 1; Ep 9', '0000-00-00', '15:00:00', '00:30:00', '', '', '0', '');
INSERT INTO `default_inn_epg_show_detail` VALUES ('1226', '0', '0', 'Back To The Streets 1; Ep 3', '0000-00-00', '15:30:00', '00:30:00', '', '', '0', '');
INSERT INTO `default_inn_epg_show_detail` VALUES ('1227', '0', '0', 'Taste With Jason 6; Ep 6', '0000-00-00', '16:00:00', '00:30:00', '', '', '0', '');
INSERT INTO `default_inn_epg_show_detail` VALUES ('1228', '0', '0', 'Rude Boy Food 1; Ep 3', '0000-00-00', '16:30:00', '00:30:00', '', '', '0', '');
INSERT INTO `default_inn_epg_show_detail` VALUES ('1229', '0', '0', 'Hugh\'s 3 Good Things; Ep 7', '0000-00-00', '17:00:00', '00:30:00', '', '', '0', '');
INSERT INTO `default_inn_epg_show_detail` VALUES ('1230', '0', '0', 'Hugh\'s 3 Good Things; Ep 8', '0000-00-00', '17:30:00', '00:30:00', '', '', '0', '');
INSERT INTO `default_inn_epg_show_detail` VALUES ('1231', '0', '0', 'A Cook\'s Tour 2; Ep 8', '0000-00-00', '18:00:00', '00:30:00', '', '', '0', '');
INSERT INTO `default_inn_epg_show_detail` VALUES ('1232', '0', '0', 'Fresh With Anna Olson 3; Ep 25', '0000-00-00', '18:30:00', '00:30:00', '', '', '0', '');
INSERT INTO `default_inn_epg_show_detail` VALUES ('1233', '0', '0', 'Instant Chef 1; Ep 13', '0000-00-00', '19:00:00', '00:30:00', '', '', '0', '');
INSERT INTO `default_inn_epg_show_detail` VALUES ('1234', '0', '0', 'Opening: Bestellen; Ep 5', '0000-00-00', '19:30:00', '00:30:00', '', '', '0', '');
INSERT INTO `default_inn_epg_show_detail` VALUES ('1235', '0', '0', 'One Plate At A Time 3; Ep 6', '0000-00-00', '20:00:00', '00:30:00', '', '', '0', '');
INSERT INTO `default_inn_epg_show_detail` VALUES ('1236', '0', '0', 'After Hours; Daniel 2; Ep 7', '0000-00-00', '20:30:00', '00:30:00', '', '', '0', '');
INSERT INTO `default_inn_epg_show_detail` VALUES ('1237', '0', '0', 'Conviction Kitchen 1; Ep 5', '0000-00-00', '21:00:00', '01:00:00', '', '', '0', '');
INSERT INTO `default_inn_epg_show_detail` VALUES ('1238', '0', '0', 'Scandinavian Cooking; Ep 10', '0000-00-00', '22:00:00', '00:30:00', '', '', '0', '');
INSERT INTO `default_inn_epg_show_detail` VALUES ('1239', '0', '0', 'French Food At Home 3; Ep 13', '0000-00-00', '22:30:00', '00:30:00', '', '', '0', '');
INSERT INTO `default_inn_epg_show_detail` VALUES ('1240', '0', '0', 'Taste With Jason 6; Ep 6', '0000-00-00', '23:00:00', '00:30:00', '', '', '0', '');
INSERT INTO `default_inn_epg_show_detail` VALUES ('1241', '0', '0', 'Food Jammers; Ep 3', '0000-00-00', '23:30:00', '00:30:00', '', '', '0', '');
INSERT INTO `default_inn_epg_show_detail` VALUES ('1242', '0', '0', 'One Plate At A Time 3; Ep 6', '0000-00-00', '00:00:00', '00:30:00', '', '', '0', '');
INSERT INTO `default_inn_epg_show_detail` VALUES ('1243', '0', '0', 'After Hours; Daniel 2; Ep 7', '0000-00-00', '00:30:00', '00:30:00', '', '', '0', '');
INSERT INTO `default_inn_epg_show_detail` VALUES ('1244', '0', '0', 'Yuk Buat Roti; Ep 4', '0000-00-00', '01:00:00', '00:30:00', '', '', '0', '');
INSERT INTO `default_inn_epg_show_detail` VALUES ('1245', '0', '0', 'Yuk Buat Roti; Ep 5', '0000-00-00', '01:30:00', '00:30:00', '', '', '0', '');
INSERT INTO `default_inn_epg_show_detail` VALUES ('1246', '0', '0', 'Food Glorious Food; Ep 10', '0000-00-00', '02:00:00', '00:30:00', '', '', '0', '');
INSERT INTO `default_inn_epg_show_detail` VALUES ('1247', '0', '0', 'Chef At Home 5; Ep 24', '0000-00-00', '02:30:00', '00:30:00', '', '', '0', '');
INSERT INTO `default_inn_epg_show_detail` VALUES ('1248', '0', '0', 'Dosanko Cooking; Ep 21', '0000-00-00', '03:00:00', '00:30:00', '', '', '0', '');
INSERT INTO `default_inn_epg_show_detail` VALUES ('1249', '0', '0', 'Chef Series: Da Bing; Ep 33', '0000-00-00', '03:30:00', '00:30:00', '', '', '0', '');
INSERT INTO `default_inn_epg_show_detail` VALUES ('1250', '0', '0', 'Sugar; Ep 11', '0000-00-00', '04:00:00', '00:30:00', '', '', '0', '');
INSERT INTO `default_inn_epg_show_detail` VALUES ('1251', '0', '0', 'Daily Cooks; Ep 46', '0000-00-00', '04:30:00', '00:30:00', '', '', '0', '');
INSERT INTO `default_inn_epg_show_detail` VALUES ('1252', '0', '0', 'Cook Like A Chef 3; Ep 19', '0000-00-00', '05:00:00', '00:30:00', '', '', '0', '');
INSERT INTO `default_inn_epg_show_detail` VALUES ('1253', '0', '0', 'Sugar; Ep 12', '0000-00-00', '05:30:00', '00:30:00', '', '', '0', '');
INSERT INTO `default_inn_epg_show_detail` VALUES ('1254', '0', '0', 'Rude Boy Food 1; Ep 3', '0000-00-00', '06:00:00', '00:30:00', '', '', '0', '');
INSERT INTO `default_inn_epg_show_detail` VALUES ('1255', '0', '0', 'Scandinavian Cooking; Ep 10', '0000-00-00', '06:30:00', '00:30:00', '', '', '0', '');
INSERT INTO `default_inn_epg_show_detail` VALUES ('1256', '0', '0', 'Opening: Bestellen; Ep 5', '0000-00-00', '07:00:00', '00:30:00', '', '', '0', '');
INSERT INTO `default_inn_epg_show_detail` VALUES ('1257', '0', '0', 'One Plate At A Time 3; Ep 6', '0000-00-00', '07:30:00', '00:30:00', '', '', '0', '');
INSERT INTO `default_inn_epg_show_detail` VALUES ('1258', '0', '0', 'Food Fighters; Ep 5', '0000-00-00', '08:00:00', '01:00:00', '', '', '0', '');
INSERT INTO `default_inn_epg_show_detail` VALUES ('1259', '0', '0', 'Heston\'s Mission 1; Ep 2', '0000-00-00', '09:00:00', '01:00:00', '', '', '0', '');
INSERT INTO `default_inn_epg_show_detail` VALUES ('1260', '0', '0', 'Back To The Streets 1; Ep 3', '0000-00-00', '10:00:00', '00:30:00', '', '', '0', '');
INSERT INTO `default_inn_epg_show_detail` VALUES ('1261', '0', '0', 'Instant Chef 1; Ep 13', '0000-00-00', '10:30:00', '00:30:00', '', '', '0', '');
INSERT INTO `default_inn_epg_show_detail` VALUES ('1262', '0', '0', 'Makan Angin 1; Ep 7', '0000-00-00', '11:00:00', '00:30:00', '', '', '0', '');
INSERT INTO `default_inn_epg_show_detail` VALUES ('1263', '0', '0', 'A La Chef; Farah Quinn; Ep 13', '0000-00-00', '11:30:00', '00:30:00', '', '', '0', '');
INSERT INTO `default_inn_epg_show_detail` VALUES ('1264', '0', '0', '5 Rencah 5 Rasa 2; Ep 12', '0000-00-00', '12:00:00', '00:30:00', '', '', '0', '');
INSERT INTO `default_inn_epg_show_detail` VALUES ('1265', '0', '0', 'Best In The World; Ep 8', '0000-00-00', '12:30:00', '00:30:00', '', '', '0', '');
INSERT INTO `default_inn_epg_show_detail` VALUES ('1266', '0', '0', 'Bake With Anna Olson 3; Ep 6', '0000-00-00', '13:00:00', '00:30:00', '', '', '0', '');
INSERT INTO `default_inn_epg_show_detail` VALUES ('1267', '0', '0', 'True Passion: M. Yan; Ep 1', '0000-00-00', '13:30:00', '00:30:00', '', '', '0', '');
INSERT INTO `default_inn_epg_show_detail` VALUES ('1268', '0', '0', 'Secret Meat Business 3; Ep 3', '0000-00-00', '14:00:00', '00:30:00', '', '', '0', '');
INSERT INTO `default_inn_epg_show_detail` VALUES ('1269', '0', '0', 'After Hours; Daniel 2; Ep 7', '0000-00-00', '14:30:00', '00:30:00', '', '', '0', '');
INSERT INTO `default_inn_epg_show_detail` VALUES ('1270', '0', '0', 'Conviction Kitchen 1; Ep 5', '0000-00-00', '15:00:00', '01:00:00', '', '', '0', '');
INSERT INTO `default_inn_epg_show_detail` VALUES ('1271', '0', '0', 'Iron Chef; Ep 21', '0000-00-00', '16:00:00', '01:00:00', '', '', '0', '');
INSERT INTO `default_inn_epg_show_detail` VALUES ('1272', '0', '0', 'Heston\'s Mission 1; Ep 2', '0000-00-00', '17:00:00', '01:00:00', '', '', '0', '');
INSERT INTO `default_inn_epg_show_detail` VALUES ('1273', '0', '0', 'Drive Thru Australia 1; Ep 13', '0000-00-00', '18:00:00', '00:30:00', '', '', '0', '');
INSERT INTO `default_inn_epg_show_detail` VALUES ('1274', '0', '0', 'From Spain With Love 1; Ep 13', '0000-00-00', '18:30:00', '00:30:00', '', '', '0', '');
INSERT INTO `default_inn_epg_show_detail` VALUES ('1275', '0', '0', 'Bake With Anna Olson 3; Ep 6', '0000-00-00', '19:00:00', '00:30:00', '', '', '0', '');
INSERT INTO `default_inn_epg_show_detail` VALUES ('1276', '0', '0', 'Pitchin In 1; Ep 4', '0000-00-00', '19:30:00', '00:30:00', '', '', '0', '');
INSERT INTO `default_inn_epg_show_detail` VALUES ('1277', '0', '0', 'Secret Meat Business 3; Ep 3', '0000-00-00', '20:00:00', '00:30:00', '', '', '0', '');
INSERT INTO `default_inn_epg_show_detail` VALUES ('1278', '0', '0', 'Paul & Nick\'s Big Food; Ep 1', '0000-00-00', '20:30:00', '00:30:00', '', '', '0', '');
INSERT INTO `default_inn_epg_show_detail` VALUES ('1279', '0', '0', 'Fat Man In White Hat; Ep 2', '0000-00-00', '21:00:00', '01:00:00', '', '', '0', '');
INSERT INTO `default_inn_epg_show_detail` VALUES ('1280', '0', '0', 'Iron Chef; Ep 21', '0000-00-00', '22:00:00', '01:00:00', '', '', '0', '');
INSERT INTO `default_inn_epg_show_detail` VALUES ('1281', '0', '0', 'Rude Boy Food 1; Ep 3', '0000-00-00', '23:00:00', '00:30:00', '', '', '0', '');
INSERT INTO `default_inn_epg_show_detail` VALUES ('1282', '0', '0', 'Scandinavian Cooking; Ep 10', '0000-00-00', '23:30:00', '00:30:00', '', '', '0', '');
INSERT INTO `default_inn_epg_show_detail` VALUES ('1283', '0', '0', 'After Hours; Daniel 2; Ep 7', '0000-00-00', '00:00:00', '00:30:00', '', '', '0', '');
INSERT INTO `default_inn_epg_show_detail` VALUES ('1284', '0', '0', 'Spice Goddess; Ep 4', '0000-00-00', '00:30:00', '00:30:00', '', '', '0', '');
INSERT INTO `default_inn_epg_show_detail` VALUES ('1285', '0', '0', 'Hugh\'s 3 Good Things; Ep 7', '0000-00-00', '01:00:00', '00:30:00', '', '', '0', '');
INSERT INTO `default_inn_epg_show_detail` VALUES ('1286', '0', '0', 'Hugh\'s 3 Good Things; Ep 8', '0000-00-00', '01:30:00', '00:30:00', '', '', '0', '');
INSERT INTO `default_inn_epg_show_detail` VALUES ('1287', '0', '0', 'One Plate At A Time 3; Ep 6', '0000-00-00', '02:00:00', '00:30:00', '', '', '0', '');
INSERT INTO `default_inn_epg_show_detail` VALUES ('1288', '0', '0', 'Opening: Bestellen; Ep 5', '0000-00-00', '02:30:00', '00:30:00', '', '', '0', '');
INSERT INTO `default_inn_epg_show_detail` VALUES ('1289', '0', '0', 'Food Jammers 3; Ep 12', '0000-00-00', '03:00:00', '00:30:00', '', '', '0', '');
INSERT INTO `default_inn_epg_show_detail` VALUES ('1290', '0', '0', 'Food Jammers 3; Ep 13', '0000-00-00', '03:30:00', '00:30:00', '', '', '0', '');
INSERT INTO `default_inn_epg_show_detail` VALUES ('1291', '0', '0', 'Sugar; Ep 12', '0000-00-00', '04:00:00', '00:30:00', '', '', '0', '');
INSERT INTO `default_inn_epg_show_detail` VALUES ('1292', '0', '0', 'Daily Cooks; Ep 47', '0000-00-00', '04:30:00', '00:30:00', '', '', '0', '');
INSERT INTO `default_inn_epg_show_detail` VALUES ('1293', '0', '0', 'Cook Like A Chef 3; Ep 20', '0000-00-00', '05:00:00', '00:30:00', '', '', '0', '');
INSERT INTO `default_inn_epg_show_detail` VALUES ('1294', '0', '0', 'Sugar; Ep 13', '0000-00-00', '05:30:00', '00:30:00', '', '', '0', '');
INSERT INTO `default_inn_epg_show_detail` VALUES ('1295', '0', '0', 'Drive Thru Australia 1; Ep 13', '0000-00-00', '06:00:00', '00:30:00', '', '', '0', '');
INSERT INTO `default_inn_epg_show_detail` VALUES ('1296', '0', '0', 'From Spain With Love 1; Ep 13', '0000-00-00', '06:30:00', '00:30:00', '', '', '0', '');
INSERT INTO `default_inn_epg_show_detail` VALUES ('1297', '0', '0', 'Chuck\'s Week Off; Ep 8', '0000-00-00', '07:00:00', '00:30:00', '', '', '0', '');
INSERT INTO `default_inn_epg_show_detail` VALUES ('1298', '0', '0', 'Food Truck 1; Ep 5', '0000-00-00', '07:30:00', '00:30:00', '', '', '0', '');
INSERT INTO `default_inn_epg_show_detail` VALUES ('1299', '0', '0', 'Fat Man In White Hat; Ep 2', '0000-00-00', '08:00:00', '01:00:00', '', '', '0', '');
INSERT INTO `default_inn_epg_show_detail` VALUES ('1300', '0', '0', 'Hugh\'s 3 Good Things; Ep 7', '0000-00-00', '09:00:00', '00:30:00', '', '', '0', '');
INSERT INTO `default_inn_epg_show_detail` VALUES ('1301', '0', '0', 'Hugh\'s 3 Good Things; Ep 8', '0000-00-00', '09:30:00', '00:30:00', '', '', '0', '');
INSERT INTO `default_inn_epg_show_detail` VALUES ('1302', '0', '0', 'Forever Summer; Nigella; Ep 1', '0000-00-00', '10:00:00', '00:30:00', '', '', '0', '');
INSERT INTO `default_inn_epg_show_detail` VALUES ('1303', '0', '0', 'Bake With Anna Olson 3; Ep 6', '0000-00-00', '10:30:00', '00:30:00', '', '', '0', '');
INSERT INTO `default_inn_epg_show_detail` VALUES ('1304', '0', '0', 'Iron Chef; Ep 21', '0000-00-00', '11:00:00', '01:00:00', '', '', '0', '');
INSERT INTO `default_inn_epg_show_detail` VALUES ('1305', '0', '0', 'Heston\'s Mission 1; Ep 2', '0000-00-00', '12:00:00', '01:00:00', '', '', '0', '');
INSERT INTO `default_inn_epg_show_detail` VALUES ('1306', '0', '0', 'Spice Goddess; Ep 4', '0000-00-00', '13:00:00', '00:30:00', '', '', '0', '');
INSERT INTO `default_inn_epg_show_detail` VALUES ('1307', '0', '0', 'Chuck\'s Week Off; Ep 8', '0000-00-00', '13:30:00', '00:30:00', '', '', '0', '');
INSERT INTO `default_inn_epg_show_detail` VALUES ('1308', '0', '0', 'Hugh\'s 3 Good Things; Ep 7', '0000-00-00', '14:00:00', '00:30:00', '', '', '0', '');
INSERT INTO `default_inn_epg_show_detail` VALUES ('1309', '0', '0', 'Hugh\'s 3 Good Things; Ep 8', '0000-00-00', '14:30:00', '00:30:00', '', '', '0', '');
INSERT INTO `default_inn_epg_show_detail` VALUES ('1310', '0', '0', 'Rude Boy Food 1; Ep 3', '0000-00-00', '15:00:00', '00:30:00', '', '', '0', '');
INSERT INTO `default_inn_epg_show_detail` VALUES ('1311', '0', '0', 'Scandinavian Cooking; Ep 10', '0000-00-00', '15:30:00', '00:30:00', '', '', '0', '');
INSERT INTO `default_inn_epg_show_detail` VALUES ('1312', '0', '0', 'Food Fighters; Ep 5', '0000-00-00', '16:00:00', '01:00:00', '', '', '0', '');
INSERT INTO `default_inn_epg_show_detail` VALUES ('1313', '0', '0', 'Fat Man In White Hat; Ep 2', '0000-00-00', '17:00:00', '01:00:00', '', '', '0', '');
INSERT INTO `default_inn_epg_show_detail` VALUES ('1314', '0', '0', 'Makan Angin 1; Ep 7', '0000-00-00', '18:00:00', '00:30:00', '', '', '0', '');
INSERT INTO `default_inn_epg_show_detail` VALUES ('1315', '0', '0', 'A La Chef; Farah Quinn; Ep 13', '0000-00-00', '18:30:00', '00:30:00', '', '', '0', '');
INSERT INTO `default_inn_epg_show_detail` VALUES ('1316', '0', '0', '5 Rencah 5 Rasa 2; Ep 12', '0000-00-00', '19:00:00', '00:30:00', '', '', '0', '');
INSERT INTO `default_inn_epg_show_detail` VALUES ('1317', '0', '0', 'Best In The World; Ep 8', '0000-00-00', '19:30:00', '00:30:00', '', '', '0', '');
INSERT INTO `default_inn_epg_show_detail` VALUES ('1318', '0', '0', 'Heston\'s Mission 1; Ep 2', '0000-00-00', '20:00:00', '01:00:00', '', '', '0', '');
INSERT INTO `default_inn_epg_show_detail` VALUES ('1319', '0', '0', 'Back To The Streets 1; Ep 3', '0000-00-00', '21:00:00', '00:30:00', '', '', '0', '');
INSERT INTO `default_inn_epg_show_detail` VALUES ('1320', '0', '0', 'Chuck\'s Week Off; Ep 8', '0000-00-00', '21:30:00', '00:30:00', '', '', '0', '');
INSERT INTO `default_inn_epg_show_detail` VALUES ('1321', '0', '0', 'Hugh\'s 3 Good Things; Ep 7', '0000-00-00', '22:00:00', '00:30:00', '', '', '0', '');
INSERT INTO `default_inn_epg_show_detail` VALUES ('1322', '0', '0', 'Hugh\'s 3 Good Things; Ep 8', '0000-00-00', '22:30:00', '00:30:00', '', '', '0', '');
INSERT INTO `default_inn_epg_show_detail` VALUES ('1323', '0', '0', 'Drive Thru Australia 1; Ep 13', '0000-00-00', '23:00:00', '00:30:00', '', '', '0', '');
INSERT INTO `default_inn_epg_show_detail` VALUES ('1324', '0', '0', 'From Spain With Love 1; Ep 13', '0000-00-00', '23:30:00', '00:30:00', '', '', '0', '');
INSERT INTO `default_inn_products_data` VALUES ('1', '0', 'Internet SuperSpeed', 'internet-superspeed', 'Internet SuperSpeed Description', 'retail', '/* Internet css', '/* Internet JS', '0', '', 'broadband,internet,superspeed', null, null, null);
INSERT INTO `default_inn_products_data` VALUES ('2', '0', 'Interactive TV', 'interactive-tv', 'Interactive TV Description', 'retail', '/* TV css', '/* TV js', '0', '', 'interactive,tv', null, null, null);
INSERT INTO `default_inn_products_packages` VALUES ('1', '1', 'SuperSpeed 10 Mbps', 'superspeed-10-mbps', '', 'Package Superspeed 10 Mbps', '');
INSERT INTO `default_inn_products_packages` VALUES ('2', '1', 'SuperSpeed 20 Mbps', 'superspeed-20-mbps', '', 'Package Superspeed 20 Mbps', '');
INSERT INTO `default_migrations` VALUES ('125');
INSERT INTO `default_modules` VALUES ('1', 'a:25:{s:2:\"en\";s:8:\"Settings\";s:2:\"ar\";s:18:\"\";s:2:\"br\";s:15:\"Configuraes\";s:2:\"pt\";s:15:\"Configuraes\";s:2:\"cs\";s:10:\"Nastaven\";s:2:\"da\";s:13:\"Indstillinger\";s:2:\"de\";s:13:\"Einstellungen\";s:2:\"el\";s:18:\"\";s:2:\"es\";s:15:\"Configuraciones\";s:2:\"fa\";s:14:\"\";s:2:\"fi\";s:9:\"Asetukset\";s:2:\"fr\";s:11:\"Paramtres\";s:2:\"he\";s:12:\"\";s:2:\"id\";s:10:\"Pengaturan\";s:2:\"it\";s:12:\"Impostazioni\";s:2:\"lt\";s:10:\"Nustatymai\";s:2:\"nl\";s:12:\"Instellingen\";s:2:\"pl\";s:10:\"Ustawienia\";s:2:\"ru\";s:18:\"\";s:2:\"sl\";s:10:\"Nastavitve\";s:2:\"tw\";s:12:\"\";s:2:\"cn\";s:12:\"\";s:2:\"hu\";s:14:\"Belltsok\";s:2:\"th\";s:21:\"\";s:2:\"se\";s:14:\"Instllningar\";}', 'settings', '1.0.0', null, 'a:25:{s:2:\"en\";s:89:\"Allows administrators to update settings like Site Name, messages and email address, etc.\";s:2:\"ar\";s:161:\"           .. .\";s:2:\"br\";s:120:\"Permite com que administradores e a equipe consigam trocar as configuraes do website incluindo o nome e descrio.\";s:2:\"pt\";s:113:\"Permite com que os administradores consigam alterar as configuraes do website incluindo o nome e descrio.\";s:2:\"cs\";s:102:\"Umouje administrtorm mnit nastaven webu jako jeho jmno, zprvy a emailovou adresu apod.\";s:2:\"da\";s:90:\"Lader administratorer opdatere indstillinger som sidenavn, beskeder og email adresse, etc.\";s:2:\"de\";s:92:\"Erlaubt es Administratoren die Einstellungen der Seite wie Name und Beschreibung zu ndern.\";s:2:\"el\";s:230:\"          ,      email, ..\";s:2:\"es\";s:131:\"Permite a los administradores y al personal configurar los detalles del sitio como el nombre del sitio y la descripcin del mismo.\";s:2:\"fa\";s:105:\"           \";s:2:\"fi\";s:105:\"Mahdollistaa sivuston asetusten muokkaamisen, kuten sivuston nimen, viestit ja shkpostiosoitteet yms.\";s:2:\"fr\";s:118:\"Permet aux admistrateurs de modifier les paramtres du site : nom du site, description, messages, adresse email, etc.\";s:2:\"he\";s:116:\"     :  , ,   \";s:2:\"id\";s:112:\"Memungkinkan administrator untuk dapat memperbaharui pengaturan seperti nama situs, pesan dan alamat email, dsb.\";s:2:\"it\";s:109:\"Permette agli amministratori di aggiornare impostazioni quali Nome del Sito, messaggi e indirizzo email, etc.\";s:2:\"lt\";s:104:\"Leidia administratoriams keisti puslapio vavadinim, inutes, administratoriaus el. pata ir kit.\";s:2:\"nl\";s:114:\"Maakt het administratoren en medewerkers mogelijk om websiteinstellingen zoals naam en beschrijving te veranderen.\";s:2:\"pl\";s:103:\"Umoliwia administratorom zmian ustawie strony jak nazwa strony, opis, e-mail administratora, itd.\";s:2:\"ru\";s:135:\"   -  , ,    ..\";s:2:\"sl\";s:98:\"Dovoljuje administratorjem posodobitev nastavitev kot je Ime strani, sporoil, email naslova itd.\";s:2:\"tw\";s:99:\"\";s:2:\"cn\";s:99:\"\";s:2:\"hu\";s:125:\"Lehetv teszi az adminok szmra a belltsok frisstst, mint a weboldal neve, zenetek, e-mail cmek, stb...\";s:2:\"th\";s:232:\" \";s:2:\"se\";s:84:\"Administratren kan uppdatera webbplatsens titel, meddelanden och E-postadress etc.\";}', '1', '0', '1', 'settings', '1', '1', '1', '1371734499');
INSERT INTO `default_modules` VALUES ('2', 'a:11:{s:2:\"en\";s:12:\"Streams Core\";s:2:\"pt\";s:14:\"Ncleo Fluxos\";s:2:\"fr\";s:10:\"Noyau Flux\";s:2:\"el\";s:23:\" \";s:2:\"se\";s:18:\"Streams grundmodul\";s:2:\"tw\";s:14:\"Streams \";s:2:\"cn\";s:14:\"Streams \";s:2:\"ar\";s:31:\" \";s:2:\"it\";s:12:\"Streams Core\";s:2:\"fa\";s:26:\"  \";s:2:\"fi\";s:13:\"Striimit ydin\";}', 'streams_core', '1.0.0', null, 'a:11:{s:2:\"en\";s:29:\"Core data module for streams.\";s:2:\"pt\";s:37:\"Mdulo central de dados para fluxos.\";s:2:\"fr\";s:32:\"Noyau de donnes pour les Flux.\";s:2:\"el\";s:113:\"      .\";s:2:\"se\";s:50:\"Streams grundmodul fr enklare hantering av data.\";s:2:\"tw\";s:29:\"Streams \";s:2:\"cn\";s:29:\"Streams \";s:2:\"ar\";s:57:\"   \";s:2:\"it\";s:17:\"Core dello Stream\";s:2:\"fa\";s:48:\"    \";s:2:\"fi\";s:48:\"Ydin datan hallinoiva moduuli striimej varten.\";}', '1', '0', '0', '0', '1', '1', '1', '1371734499');
INSERT INTO `default_modules` VALUES ('3', 'a:21:{s:2:\"en\";s:15:\"Email Templates\";s:2:\"ar\";s:48:\"  \";s:2:\"br\";s:17:\"Modelos de e-mail\";s:2:\"pt\";s:17:\"Modelos de e-mail\";s:2:\"da\";s:16:\"Email skabeloner\";s:2:\"el\";s:22:\" email\";s:2:\"es\";s:19:\"Plantillas de email\";s:2:\"fa\";s:26:\"  \";s:2:\"fr\";s:17:\"Modles d\'emails\";s:2:\"he\";s:12:\"\";s:2:\"id\";s:14:\"Template Email\";s:2:\"lt\";s:22:\"El. laik ablonai\";s:2:\"nl\";s:15:\"Email sjablonen\";s:2:\"ru\";s:25:\" \";s:2:\"sl\";s:14:\"Email predloge\";s:2:\"tw\";s:12:\"\";s:2:\"cn\";s:12:\"\";s:2:\"hu\";s:15:\"E-mail sablonok\";s:2:\"fi\";s:25:\"Shkposti viestipohjat\";s:2:\"th\";s:33:\"\";s:2:\"se\";s:12:\"E-postmallar\";}', 'templates', '1.1.0', null, 'a:21:{s:2:\"en\";s:46:\"Create, edit, and save dynamic email templates\";s:2:\"ar\";s:97:\"      .\";s:2:\"br\";s:51:\"Criar, editar e salvar modelos de e-mail dinmicos\";s:2:\"pt\";s:51:\"Criar, editar e salvar modelos de e-mail dinmicos\";s:2:\"da\";s:49:\"Opret, redigr og gem dynamiske emailskabeloner.\";s:2:\"el\";s:108:\",     email.\";s:2:\"es\";s:54:\"Crear, editar y guardar plantillas de email dinmicas\";s:2:\"fa\";s:92:\"          \";s:2:\"fr\";s:61:\"Crer, diter et sauver dynamiquement des modles d\'emails\";s:2:\"he\";s:54:\"    \";s:2:\"id\";s:55:\"Membuat, mengedit, dan menyimpan template email dinamis\";s:2:\"lt\";s:58:\"Kurk, tvarkyk ir saugok dinaminius el. laik ablonus.\";s:2:\"nl\";s:49:\"Maak, bewerk, en beheer dynamische emailsjablonen\";s:2:\"ru\";s:127:\",      \";s:2:\"sl\";s:52:\"Ustvari, uredi in shrani spremenljive email predloge\";s:2:\"tw\";s:61:\" email \";s:2:\"cn\";s:61:\" email \";s:2:\"hu\";s:63:\"Csinld, szerkeszd s mentsd el a dinamikus e-mail sablonokat\";s:2:\"fi\";s:66:\"Lis, muokkaa ja tallenna dynaamisia shkposti viestipohjia.\";s:2:\"th\";s:129:\"\";s:2:\"se\";s:49:\"Skapa, redigera och spara dynamiska E-postmallar.\";}', '1', '0', '1', 'structure', '1', '1', '1', '1371734499');
INSERT INTO `default_modules` VALUES ('4', 'a:25:{s:2:\"en\";s:7:\"Add-ons\";s:2:\"ar\";s:16:\"\";s:2:\"br\";s:12:\"Complementos\";s:2:\"pt\";s:12:\"Complementos\";s:2:\"cs\";s:8:\"Doplky\";s:2:\"da\";s:7:\"Add-ons\";s:2:\"de\";s:13:\"Erweiterungen\";s:2:\"el\";s:16:\"\";s:2:\"es\";s:9:\"Agregados\";s:2:\"fa\";s:17:\" \";s:2:\"fi\";s:9:\"Lisosat\";s:2:\"fr\";s:10:\"Extensions\";s:2:\"he\";s:12:\"\";s:2:\"id\";s:7:\"Pengaya\";s:2:\"it\";s:7:\"Add-ons\";s:2:\"lt\";s:7:\"Priedai\";s:2:\"nl\";s:7:\"Add-ons\";s:2:\"pl\";s:12:\"Rozszerzenia\";s:2:\"ru\";s:20:\"\";s:2:\"sl\";s:11:\"Raziritve\";s:2:\"tw\";s:12:\"\";s:2:\"cn\";s:12:\"\";s:2:\"hu\";s:14:\"Bvtmnyek\";s:2:\"th\";s:27:\"\";s:2:\"se\";s:8:\"Tillgg\";}', 'addons', '2.0.0', null, 'a:25:{s:2:\"en\";s:59:\"Allows admins to see a list of currently installed modules.\";s:2:\"ar\";s:91:\"      .\";s:2:\"br\";s:75:\"Permite aos administradores ver a lista dos mdulos instalados atualmente.\";s:2:\"pt\";s:75:\"Permite aos administradores ver a lista dos mdulos instalados atualmente.\";s:2:\"cs\";s:68:\"Umouje administrtorm vidt seznam nainstalovanch modul.\";s:2:\"da\";s:63:\"Lader administratorer se en liste over de installerede moduler.\";s:2:\"de\";s:56:\"Zeigt Administratoren alle aktuell installierten Module.\";s:2:\"el\";s:152:\"         .\";s:2:\"es\";s:71:\"Permite a los administradores ver una lista de los mdulos instalados.\";s:2:\"fa\";s:93:\"         \";s:2:\"fi\";s:60:\"Listaa jrjestelmnvalvojalle kytss olevat moduulit.\";s:2:\"fr\";s:66:\"Permet aux administrateurs de voir la liste des modules installs\";s:2:\"he\";s:160:\"              \";s:2:\"id\";s:57:\"Memperlihatkan kepada admin daftar modul yang terinstall.\";s:2:\"it\";s:83:\"Permette agli amministratori di vedere una lista dei moduli attualmente installati.\";s:2:\"lt\";s:75:\"Vartotojai ir sveiai gali komentuoti js naujienas, puslapius ar foto.\";s:2:\"nl\";s:79:\"Stelt admins in staat om een overzicht van geinstalleerde modules te genereren.\";s:2:\"pl\";s:81:\"Umoliwiaj administratorowi wgld do listy obecnie zainstalowanych moduw.\";s:2:\"ru\";s:83:\" ,    .\";s:2:\"sl\";s:65:\"Dovoljuje administratorjem pregled trenutno nameenih modulov.\";s:2:\"tw\";s:54:\"\";s:2:\"cn\";s:54:\"\";s:2:\"hu\";s:79:\"Lehetv teszi az adminoknak, hogy lssk a teleptett modulok listjt.\";s:2:\"th\";s:162:\"\";s:2:\"se\";s:67:\"Gr det mjligt fr administratren att se installerade mouler.\";}', '0', '0', '1', '0', '1', '1', '1', '1371734498');
INSERT INTO `default_modules` VALUES ('5', 'a:17:{s:2:\"en\";s:4:\"Blog\";s:2:\"ar\";s:16:\"\";s:2:\"br\";s:4:\"Blog\";s:2:\"pt\";s:4:\"Blog\";s:2:\"el\";s:18:\"\";s:2:\"fa\";s:8:\"\";s:2:\"he\";s:8:\"\";s:2:\"id\";s:4:\"Blog\";s:2:\"lt\";s:6:\"Blogas\";s:2:\"pl\";s:4:\"Blog\";s:2:\"ru\";s:8:\"\";s:2:\"tw\";s:6:\"\";s:2:\"cn\";s:6:\"\";s:2:\"hu\";s:4:\"Blog\";s:2:\"fi\";s:5:\"Blogi\";s:2:\"th\";s:15:\"\";s:2:\"se\";s:5:\"Blogg\";}', 'blog', '2.0.0', null, 'a:25:{s:2:\"en\";s:18:\"Post blog entries.\";s:2:\"ar\";s:48:\"   .\";s:2:\"br\";s:30:\"Escrever publicaes de blog\";s:2:\"pt\";s:39:\"Escrever e editar publicaes no blog\";s:2:\"cs\";s:49:\"Publikujte nov lnky a pspvky na blog.\";s:2:\"da\";s:17:\"Skriv blogindlg\";s:2:\"de\";s:47:\"Verffentliche neue Artikel und Blog-Eintrge\";s:2:\"sl\";s:23:\"Objavite blog prispevke\";s:2:\"fi\";s:28:\"Kirjoita blogi artikkeleita.\";s:2:\"el\";s:93:\"      .\";s:2:\"es\";s:54:\"Escribe entradas para los artculos y blog (web log).\";s:2:\"fa\";s:44:\"    \";s:2:\"fr\";s:34:\"Poster des articles d\'actualits.\";s:2:\"he\";s:19:\" \";s:2:\"id\";s:15:\"Post entri blog\";s:2:\"it\";s:36:\"Pubblica notizie e post per il blog.\";s:2:\"lt\";s:40:\"Raykite naujienas bei blog\'o raus.\";s:2:\"nl\";s:41:\"Post nieuwsartikelen en blogs op uw site.\";s:2:\"pl\";s:27:\"Dodawaj nowe wpisy na blogu\";s:2:\"ru\";s:49:\"  .\";s:2:\"tw\";s:42:\"\";s:2:\"cn\";s:42:\"\";s:2:\"th\";s:48:\"\";s:2:\"hu\";s:32:\"Blog bejegyzsek ltrehozsa.\";s:2:\"se\";s:18:\"Inlgg i bloggen.\";}', '1', '1', '1', 'content', '1', '1', '1', '1371734498');
INSERT INTO `default_modules` VALUES ('6', 'a:25:{s:2:\"en\";s:8:\"Comments\";s:2:\"ar\";s:18:\"\";s:2:\"br\";s:12:\"Comentrios\";s:2:\"pt\";s:12:\"Comentrios\";s:2:\"cs\";s:11:\"Komente\";s:2:\"da\";s:11:\"Kommentarer\";s:2:\"de\";s:10:\"Kommentare\";s:2:\"el\";s:12:\"\";s:2:\"es\";s:11:\"Comentarios\";s:2:\"fi\";s:9:\"Kommentit\";s:2:\"fr\";s:12:\"Commentaires\";s:2:\"fa\";s:10:\"\";s:2:\"he\";s:12:\"\";s:2:\"id\";s:8:\"Komentar\";s:2:\"it\";s:8:\"Commenti\";s:2:\"lt\";s:10:\"Komentarai\";s:2:\"nl\";s:8:\"Reacties\";s:2:\"pl\";s:10:\"Komentarze\";s:2:\"ru\";s:22:\"\";s:2:\"sl\";s:10:\"Komentarji\";s:2:\"tw\";s:6:\"\";s:2:\"cn\";s:6:\"\";s:2:\"hu\";s:16:\"Hozzszlsok\";s:2:\"th\";s:33:\"\";s:2:\"se\";s:11:\"Kommentarer\";}', 'comments', '1.1.0', null, 'a:25:{s:2:\"en\";s:76:\"Users and guests can write comments for content like blog, pages and photos.\";s:2:\"ar\";s:152:\"         .\";s:2:\"br\";s:97:\"Usurios e convidados podem escrever comentrios para quase tudo com suporte nativo ao captcha.\";s:2:\"pt\";s:100:\"Utilizadores e convidados podem escrever comentrios para quase tudo com suporte nativo ao captcha.\";s:2:\"cs\";s:100:\"Uivatel a host mohou pst komente k obsahu, nap. neovinkm, strnkm a fotografim.\";s:2:\"da\";s:83:\"Brugere og besgende kan skrive kommentarer til indhold som blog, sider og fotoer.\";s:2:\"de\";s:65:\"Benutzer und Gste knnen fr fast alles Kommentare schreiben.\";s:2:\"el\";s:224:\"             ,     .\";s:2:\"es\";s:130:\"Los usuarios y visitantes pueden escribir comentarios en casi todo el contenido con el soporte de un sistema de captcha includo.\";s:2:\"fa\";s:168:\"                    \";s:2:\"fi\";s:107:\"Kyttjt ja vieraat voivat kirjoittaa kommentteja eri sisltihin kuten uutisiin, sivuihin ja kuviin.\";s:2:\"fr\";s:130:\"Les utilisateurs et les invits peuvent crire des commentaires pour quasiment tout grce au gnrateur de captcha intgr.\";s:2:\"he\";s:94:\"     ,  \";s:2:\"id\";s:100:\"Pengguna dan pengunjung dapat menuliskan komentaruntuk setiap konten seperti blog, halaman dan foto.\";s:2:\"it\";s:85:\"Utenti e visitatori possono scrivere commenti ai contenuti quali blog, pagine e foto.\";s:2:\"lt\";s:75:\"Vartotojai ir sveiai gali komentuoti js naujienas, puslapius ar foto.\";s:2:\"nl\";s:52:\"Gebruikers en gasten kunnen reageren op bijna alles.\";s:2:\"pl\";s:93:\"Uytkownicy i gocie mog dodawa komentarze z wbudowanym systemem zabezpiecze captcha.\";s:2:\"ru\";s:187:\"       ,    .\";s:2:\"sl\";s:89:\"Uporabniki in obiskovalci lahko vnesejo komentarje na vsebino kot je blok, stra ali slike\";s:2:\"tw\";s:75:\"\";s:2:\"cn\";s:75:\"\";s:2:\"hu\";s:117:\"A felhasznlk s a vendgek hozzszlsokat rhatnak a tartalomhoz (bejegyzsekhez, oldalakhoz, fotkhoz).\";s:2:\"th\";s:240:\"\";s:2:\"se\";s:98:\"Anvndare och beskare kan skriva kommentarer till innehll som blogginlgg, sidor och bilder.\";}', '0', '0', '1', 'content', '1', '1', '1', '1371734498');
INSERT INTO `default_modules` VALUES ('7', 'a:25:{s:2:\"en\";s:7:\"Contact\";s:2:\"ar\";s:14:\"\";s:2:\"br\";s:7:\"Contato\";s:2:\"pt\";s:8:\"Contacto\";s:2:\"cs\";s:7:\"Kontakt\";s:2:\"da\";s:7:\"Kontakt\";s:2:\"de\";s:7:\"Kontakt\";s:2:\"el\";s:22:\"\";s:2:\"es\";s:8:\"Contacto\";s:2:\"fa\";s:18:\"  \";s:2:\"fi\";s:13:\"Ota yhteytt\";s:2:\"fr\";s:7:\"Contact\";s:2:\"he\";s:17:\" \";s:2:\"id\";s:6:\"Kontak\";s:2:\"it\";s:10:\"Contattaci\";s:2:\"lt\";s:18:\"Kontaktin form\";s:2:\"nl\";s:7:\"Contact\";s:2:\"pl\";s:7:\"Kontakt\";s:2:\"ru\";s:27:\" \";s:2:\"sl\";s:7:\"Kontakt\";s:2:\"tw\";s:12:\"\";s:2:\"cn\";s:12:\"\";s:2:\"hu\";s:9:\"Kapcsolat\";s:2:\"th\";s:18:\"\";s:2:\"se\";s:7:\"Kontakt\";}', 'contact', '1.0.0', null, 'a:25:{s:2:\"en\";s:112:\"Adds a form to your site that allows visitors to send emails to you without disclosing an email address to them.\";s:2:\"ar\";s:157:\"            .\";s:2:\"br\";s:139:\"Adiciona um formulrio para o seu site permitir aos visitantes que enviem e-mails para voce sem divulgar um endereo de e-mail para eles.\";s:2:\"pt\";s:116:\"Adiciona um formulrio ao seu site que permite aos visitantes enviarem e-mails sem divulgar um endereo de e-mail.\";s:2:\"cs\";s:149:\"Pid na web kontaktn formul pro nvtvnky a uivatele, dky ktermu vs mohou kontaktovat i bez znalosti va e-mailov adresy.\";s:2:\"da\";s:123:\"Tilfjer en formular p din side som tillader besgende at sende mails til dig, uden at du skal opgive din email-adresse\";s:2:\"de\";s:119:\"Fgt ein Formular hinzu, welches Besuchern erlaubt Emails zu schreiben, ohne die Kontakt Email-Adresse offen zu legen.\";s:2:\"el\";s:273:\"               email        email .\";s:2:\"fa\";s:239:\"                          .\";s:2:\"es\";s:156:\"Aade un formulario a tu sitio que permitir a los visitantes enviarte correos electrnicos a ti sin darles tu direccin de correo directamente a ellos.\";s:2:\"fi\";s:128:\"Luo lomakkeen sivustollesi, josta kvijt voivat lhett shkpostia tietmtt vastaanottajan shkpostiosoitetta.\";s:2:\"fr\";s:122:\"Ajoute un formulaire  votre site qui permet aux visiteurs de vous envoyer un e-mail sans rvler votre adresse e-mail.\";s:2:\"he\";s:155:\"               \";s:2:\"id\";s:149:\"Menambahkan formulir ke dalam situs Anda yang memungkinkan pengunjung untuk mengirimkan email kepada Anda tanpa memberikan alamat email kepada mereka\";s:2:\"it\";s:119:\"Aggiunge un modulo al tuo sito che permette ai visitatori di inviarti email senza mostrare loro il tuo indirizzo email.\";s:2:\"lt\";s:124:\"Prideda js puslapyje form leidianti lankytojams sisti jums el. laikus neatskleidiant js el. pato adreso.\";s:2:\"nl\";s:125:\"Voegt een formulier aan de site toe waarmee bezoekers een email kunnen sturen, zonder dat u ze een emailadres hoeft te tonen.\";s:2:\"pl\";s:126:\"Dodaje formularz kontaktowy do Twojej strony, ktry pozwala uytkownikom wysanie maila za pomoc formularza kontaktowego.\";s:2:\"ru\";s:234:\"     ,       ,    Email  .\";s:2:\"sl\";s:113:\"Dodaj obrazec za kontakt da vam lahko obiskovalci poljejo sporoilo brez da bi jim razkrili va email naslov.\";s:2:\"tw\";s:147:\"\";s:2:\"cn\";s:147:\"\";s:2:\"th\";s:316:\" \";s:2:\"hu\";s:156:\"Ltrehozhat vele olyan rlap, amely lehetv teszi a ltogatk szmra, hogy e-mailt kldjenek neked gy, hogy nem feded fel az e-mail cmedet.\";s:2:\"se\";s:53:\"Lgger till ett kontaktformulr till din webbplats.\";}', '0', '0', '0', '0', '1', '1', '1', '1371734498');
INSERT INTO `default_modules` VALUES ('8', 'a:24:{s:2:\"en\";s:5:\"Files\";s:2:\"ar\";s:16:\"\";s:2:\"br\";s:8:\"Arquivos\";s:2:\"pt\";s:9:\"Ficheiros\";s:2:\"cs\";s:7:\"Soubory\";s:2:\"da\";s:5:\"Filer\";s:2:\"de\";s:7:\"Dateien\";s:2:\"el\";s:12:\"\";s:2:\"es\";s:8:\"Archivos\";s:2:\"fa\";s:13:\" \";s:2:\"fi\";s:9:\"Tiedostot\";s:2:\"fr\";s:8:\"Fichiers\";s:2:\"he\";s:10:\"\";s:2:\"id\";s:4:\"File\";s:2:\"it\";s:4:\"File\";s:2:\"lt\";s:6:\"Failai\";s:2:\"nl\";s:9:\"Bestanden\";s:2:\"ru\";s:10:\"\";s:2:\"sl\";s:8:\"Datoteke\";s:2:\"tw\";s:6:\"\";s:2:\"cn\";s:6:\"\";s:2:\"hu\";s:7:\"Fjlok\";s:2:\"th\";s:12:\"\";s:2:\"se\";s:5:\"Filer\";}', 'files', '2.0.0', null, 'a:24:{s:2:\"en\";s:40:\"Manages files and folders for your site.\";s:2:\"ar\";s:50:\"   .\";s:2:\"br\";s:53:\"Permite gerenciar facilmente os arquivos de seu site.\";s:2:\"pt\";s:59:\"Permite gerir facilmente os ficheiros e pastas do seu site.\";s:2:\"cs\";s:43:\"Spravujte soubory a sloky na vaem webu.\";s:2:\"da\";s:41:\"Administrer filer og mapper for dit site.\";s:2:\"de\";s:35:\"Verwalte Dateien und Verzeichnisse.\";s:2:\"el\";s:100:\"       .\";s:2:\"es\";s:43:\"Administra archivos y carpetas en tu sitio.\";s:2:\"fa\";s:79:\"         \";s:2:\"fi\";s:43:\"Hallitse sivustosi tiedostoja ja kansioita.\";s:2:\"fr\";s:46:\"Grer les fichiers et dossiers de votre site.\";s:2:\"he\";s:47:\"   \";s:2:\"id\";s:42:\"Mengatur file dan folder dalam situs Anda.\";s:2:\"it\";s:38:\"Gestisci file e cartelle del tuo sito.\";s:2:\"lt\";s:28:\"Katalog ir byl valdymas.\";s:2:\"nl\";s:41:\"Beheer bestanden en mappen op uw website.\";s:2:\"ru\";s:78:\"     .\";s:2:\"sl\";s:38:\"Uredi datoteke in mape na vai strani\";s:2:\"tw\";s:33:\"\";s:2:\"cn\";s:33:\"\";s:2:\"hu\";s:41:\"Fjlok s mappk kezelse az oldalon.\";s:2:\"th\";s:141:\"\";s:2:\"se\";s:45:\"Hanterar filer och mappar fr din webbplats.\";}', '0', '0', '1', 'content', '1', '1', '1', '1371734498');
INSERT INTO `default_modules` VALUES ('9', 'a:24:{s:2:\"en\";s:6:\"Groups\";s:2:\"ar\";s:18:\"\";s:2:\"br\";s:6:\"Grupos\";s:2:\"pt\";s:6:\"Grupos\";s:2:\"cs\";s:7:\"Skupiny\";s:2:\"da\";s:7:\"Grupper\";s:2:\"de\";s:7:\"Gruppen\";s:2:\"el\";s:12:\"\";s:2:\"es\";s:6:\"Grupos\";s:2:\"fa\";s:13:\" \";s:2:\"fi\";s:7:\"Ryhmt\";s:2:\"fr\";s:7:\"Groupes\";s:2:\"he\";s:12:\"\";s:2:\"id\";s:4:\"Grup\";s:2:\"it\";s:6:\"Gruppi\";s:2:\"lt\";s:7:\"Grups\";s:2:\"nl\";s:7:\"Groepen\";s:2:\"ru\";s:12:\"\";s:2:\"sl\";s:7:\"Skupine\";s:2:\"tw\";s:6:\"\";s:2:\"cn\";s:6:\"\";s:2:\"hu\";s:9:\"Csoportok\";s:2:\"th\";s:15:\"\";s:2:\"se\";s:7:\"Grupper\";}', 'groups', '1.0.0', null, 'a:24:{s:2:\"en\";s:54:\"Users can be placed into groups to manage permissions.\";s:2:\"ar\";s:100:\"       .\";s:2:\"br\";s:72:\"Usurios podem ser inseridos em grupos para gerenciar suas permisses.\";s:2:\"pt\";s:74:\"Utilizadores podem ser inseridos em grupos para gerir as suas permisses.\";s:2:\"cs\";s:77:\"Uivatel mohou bt rozazeni do skupin pro lep sprvu oprvnn.\";s:2:\"da\";s:49:\"Brugere kan inddeles i grupper for adgangskontrol\";s:2:\"de\";s:85:\"Benutzer knnen zu Gruppen zusammengefasst werden um diesen Zugriffsrechte zu geben.\";s:2:\"el\";s:168:\"             .\";s:2:\"es\";s:75:\"Los usuarios podrn ser colocados en grupos para administrar sus permisos.\";s:2:\"fa\";s:149:\"               \";s:2:\"fi\";s:84:\"Kyttjt voidaan liitt ryhmiin, jotta kyttoikeuksia voidaan hallinnoida.\";s:2:\"fr\";s:82:\"Les utilisateurs peuvent appartenir  des groupes afin de grer les permissions.\";s:2:\"he\";s:62:\"    \";s:2:\"id\";s:68:\"Pengguna dapat dikelompokkan ke dalam grup untuk mengatur perizinan.\";s:2:\"it\";s:69:\"Gli utenti possono essere inseriti in gruppi per gestirne i permessi.\";s:2:\"lt\";s:67:\"Vartotojai gali bti priskirti grupei tam, kad valdyti j teises.\";s:2:\"nl\";s:73:\"Gebruikers kunnen in groepen geplaatst worden om rechten te kunnen geven.\";s:2:\"ru\";s:134:\"    ,    .\";s:2:\"sl\";s:64:\"Uporabniki so lahko razvreni v skupine za urejanje dovoljenj\";s:2:\"tw\";s:45:\"\";s:2:\"cn\";s:45:\"\";s:2:\"hu\";s:73:\"A felhasznlk csoportokba rendezhetek a jogosultsgok kezelsre.\";s:2:\"th\";s:84:\"\";s:2:\"se\";s:76:\"Anvndare kan delas in i grupper fr att hantera roller och behrigheter.\";}', '0', '0', '1', 'users', '1', '1', '1', '1371734498');
INSERT INTO `default_modules` VALUES ('10', 'a:17:{s:2:\"en\";s:8:\"Keywords\";s:2:\"ar\";s:21:\" \";s:2:\"br\";s:14:\"Palavras-chave\";s:2:\"pt\";s:14:\"Palavras-chave\";s:2:\"da\";s:9:\"Ngleord\";s:2:\"el\";s:27:\" \";s:2:\"fa\";s:21:\" \";s:2:\"fr\";s:10:\"Mots-Cls\";s:2:\"id\";s:10:\"Kata Kunci\";s:2:\"nl\";s:14:\"Sleutelwoorden\";s:2:\"tw\";s:6:\"\";s:2:\"cn\";s:6:\"\";s:2:\"hu\";s:11:\"Kulcsszavak\";s:2:\"fi\";s:10:\"Avainsanat\";s:2:\"sl\";s:15:\"Kljune besede\";s:2:\"th\";s:15:\"\";s:2:\"se\";s:9:\"Nyckelord\";}', 'keywords', '1.1.0', null, 'a:17:{s:2:\"en\";s:71:\"Maintain a central list of keywords to label and organize your content.\";s:2:\"ar\";s:124:\"           .\";s:2:\"br\";s:85:\"Mantm uma lista central de palavras-chave para rotular e organizar o seu contedo.\";s:2:\"pt\";s:85:\"Mantm uma lista central de palavras-chave para rotular e organizar o seu contedo.\";s:2:\"da\";s:72:\"Vedligehold en central liste af ngleord for at organisere dit indhold.\";s:2:\"el\";s:181:\"              .\";s:2:\"fa\";s:110:\"          \";s:2:\"fr\";s:87:\"Maintenir une liste centralise de Mots-Cls pour libeller et organiser vos contenus.\";s:2:\"id\";s:71:\"Memantau daftar kata kunci untuk melabeli dan mengorganisasikan konten.\";s:2:\"nl\";s:91:\"Beheer een centrale lijst van sleutelwoorden om uw content te categoriseren en organiseren.\";s:2:\"tw\";s:64:\"(keywords)\";s:2:\"cn\";s:64:\"(keywords)\";s:2:\"hu\";s:65:\"Ez egy kzponti kulcssz lista a cimkkhez s a tartalmakhoz.\";s:2:\"fi\";s:92:\"Hallinnoi keskitetty listaa avainsanoista merkitksesi ja jrjestellksesi sislt.\";s:2:\"sl\";s:82:\"Vzdruj centralni seznam kljunih besed za oznaevanje in ogranizacijo vsebine.\";s:2:\"th\";s:189:\"\";s:2:\"se\";s:61:\"Hantera nyckelord fr att organisera webbplatsens innehll.\";}', '0', '0', '1', 'data', '1', '1', '1', '1371734498');
INSERT INTO `default_modules` VALUES ('11', 'a:15:{s:2:\"en\";s:11:\"Maintenance\";s:2:\"pt\";s:12:\"Manuteno\";s:2:\"ar\";s:14:\"\";s:2:\"el\";s:18:\"\";s:2:\"hu\";s:13:\"Karbantarts\";s:2:\"fa\";s:15:\" \";s:2:\"fi\";s:9:\"Yllpito\";s:2:\"fr\";s:11:\"Maintenance\";s:2:\"id\";s:12:\"Pemeliharaan\";s:2:\"it\";s:12:\"Manutenzione\";s:2:\"se\";s:10:\"Underhll\";s:2:\"sl\";s:12:\"Vzdrevanje\";s:2:\"th\";s:39:\"\";s:2:\"tw\";s:6:\"\";s:2:\"cn\";s:6:\"\";}', 'maintenance', '1.0.0', null, 'a:15:{s:2:\"en\";s:63:\"Manage the site cache and export information from the database.\";s:2:\"pt\";s:68:\"Gerir o cache do seu site e exportar informaes da base de dados.\";s:2:\"ar\";s:81:\"      .\";s:2:\"el\";s:142:\"       .\";s:2:\"id\";s:60:\"Mengatur cache situs dan mengexport informasi dari database.\";s:2:\"it\";s:65:\"Gestisci la cache del sito e esporta le informazioni dal database\";s:2:\"fa\";s:73:\"       \";s:2:\"fr\";s:71:\"Grer le cache du site et exporter les contenus de la base de donnes\";s:2:\"fi\";s:59:\"Hallinoi sivuston vlimuistia ja vie tietoa tietokannasta.\";s:2:\"hu\";s:66:\"Az oldal gyorsttr kezelse s az adatbzis exportlsa.\";s:2:\"se\";s:76:\"Underhll webbplatsens cache och exportera data frn webbplatsens databas.\";s:2:\"sl\";s:69:\"Upravljaj s predpomnilnikom strani (cache) in izvozi podatke iz baze.\";s:2:\"th\";s:150:\"\";s:2:\"tw\";s:45:\"\";s:2:\"cn\";s:45:\"\";}', '0', '0', '1', 'data', '1', '1', '1', '1371734498');
INSERT INTO `default_modules` VALUES ('12', 'a:25:{s:2:\"en\";s:10:\"Navigation\";s:2:\"ar\";s:14:\"\";s:2:\"br\";s:11:\"Navegao\";s:2:\"pt\";s:11:\"Navegao\";s:2:\"cs\";s:8:\"Navigace\";s:2:\"da\";s:10:\"Navigation\";s:2:\"de\";s:10:\"Navigation\";s:2:\"el\";s:16:\"\";s:2:\"es\";s:11:\"Navegacin\";s:2:\"fa\";s:11:\" \";s:2:\"fi\";s:10:\"Navigointi\";s:2:\"fr\";s:10:\"Navigation\";s:2:\"he\";s:10:\"\";s:2:\"id\";s:8:\"Navigasi\";s:2:\"it\";s:11:\"Navigazione\";s:2:\"lt\";s:10:\"Navigacija\";s:2:\"nl\";s:9:\"Navigatie\";s:2:\"pl\";s:9:\"Nawigacja\";s:2:\"ru\";s:18:\"\";s:2:\"sl\";s:10:\"Navigacija\";s:2:\"tw\";s:12:\"\";s:2:\"cn\";s:12:\"\";s:2:\"th\";s:36:\"\";s:2:\"hu\";s:11:\"Navigci\";s:2:\"se\";s:10:\"Navigation\";}', 'navigation', '1.1.0', null, 'a:25:{s:2:\"en\";s:78:\"Manage links on navigation menus and all the navigation groups they belong to.\";s:2:\"ar\";s:85:\"      .\";s:2:\"br\";s:91:\"Gerenciar links do menu de navegao e todos os grupos de navegao pertencentes a ele.\";s:2:\"pt\";s:93:\"Gerir todos os grupos dos menus de navegao e os links de navegao pertencentes a eles.\";s:2:\"cs\";s:73:\"Sprva odkaz v navigaci a vech souvisejcch naviganch skupin.\";s:2:\"da\";s:82:\"Hndtr links p navigationsmenuerne og alle navigationsgrupperne de tilhrer.\";s:2:\"de\";s:76:\"Verwalte Links in Navigationsmens und alle zugehrigen Navigationsgruppen\";s:2:\"el\";s:207:\"              .\";s:2:\"es\";s:102:\"Administra links en los mens de navegacin y en todos los grupos de navegacin al cual pertenecen.\";s:2:\"fa\";s:68:\"        \";s:2:\"fi\";s:91:\"Hallitse linkkej navigointi valikoissa ja kaikkia navigointi ryhmi, joihin ne kuuluvat.\";s:2:\"fr\";s:97:\"Grer les liens du menu Navigation et tous les groupes de navigation auxquels ils appartiennent.\";s:2:\"he\";s:73:\"     \";s:2:\"id\";s:73:\"Mengatur tautan pada menu navigasi dan semua pengelompokan grup navigasi.\";s:2:\"it\";s:97:\"Gestisci i collegamenti dei menu di navigazione e tutti i gruppi di navigazione da cui dipendono.\";s:2:\"lt\";s:95:\"Tvarkyk nuorodas navigacij meni ir visas navigacij grupes kurioms tos nuorodos priklauso.\";s:2:\"nl\";s:92:\"Beheer koppelingen op de navigatiemenu&apos;s en alle navigatiegroepen waar ze onder vallen.\";s:2:\"pl\";s:95:\"Zarzdzaj linkami w menu nawigacji oraz wszystkimi grupami nawigacji do ktrych one nale.\";s:2:\"ru\";s:136:\"      ,    .\";s:2:\"sl\";s:64:\"Uredi povezave v meniju in vse skupine povezav ki jim pripadajo.\";s:2:\"tw\";s:72:\"\";s:2:\"cn\";s:72:\"\";s:2:\"th\";s:108:\"\";s:2:\"se\";s:33:\"Hantera lnkar och lnkgrupper.\";s:2:\"hu\";s:100:\"Linkek kezelse a navigcis menkben s a navigcis csoportok kezelse, amikhez tartoznak.\";}', '0', '0', '1', 'structure', '1', '1', '1', '1371734499');
INSERT INTO `default_modules` VALUES ('13', 'a:25:{s:2:\"en\";s:5:\"Pages\";s:2:\"ar\";s:14:\"\";s:2:\"br\";s:8:\"Pginas\";s:2:\"pt\";s:8:\"Pginas\";s:2:\"cs\";s:8:\"Strnky\";s:2:\"da\";s:5:\"Sider\";s:2:\"de\";s:6:\"Seiten\";s:2:\"el\";s:14:\"\";s:2:\"es\";s:8:\"Pginas\";s:2:\"fa\";s:14:\"  \";s:2:\"fi\";s:5:\"Sivut\";s:2:\"fr\";s:5:\"Pages\";s:2:\"he\";s:8:\"\";s:2:\"id\";s:7:\"Halaman\";s:2:\"it\";s:6:\"Pagine\";s:2:\"lt\";s:9:\"Puslapiai\";s:2:\"nl\";s:13:\"Pagina&apos;s\";s:2:\"pl\";s:6:\"Strony\";s:2:\"ru\";s:16:\"\";s:2:\"sl\";s:6:\"Strani\";s:2:\"tw\";s:6:\"\";s:2:\"cn\";s:6:\"\";s:2:\"hu\";s:7:\"Oldalak\";s:2:\"th\";s:21:\"\";s:2:\"se\";s:5:\"Sidor\";}', 'pages', '2.2.0', null, 'a:25:{s:2:\"en\";s:55:\"Add custom pages to the site with any content you want.\";s:2:\"ar\";s:99:\"        .\";s:2:\"br\";s:82:\"Adicionar pginas personalizadas ao site com qualquer contedo que voc queira.\";s:2:\"pt\";s:86:\"Adicionar pginas personalizadas ao seu site com qualquer contedo que voc queira.\";s:2:\"cs\";s:74:\"Pidvejte vlastn strnky na web s jakmkoliv obsahem budete chtt.\";s:2:\"da\";s:71:\"Tilfj brugerdefinerede sider til dit site med det indhold du nsker.\";s:2:\"de\";s:49:\"Fge eigene Seiten mit anpassbaren Inhalt hinzu.\";s:2:\"el\";s:152:\"        ,  .\";s:2:\"es\";s:77:\"Agrega pginas customizadas al sitio con cualquier contenido que tu quieras.\";s:2:\"fa\";s:96:\"          \";s:2:\"fi\";s:47:\"Lis mit tahansa sislt sivustollesi.\";s:2:\"fr\";s:89:\"Permet d\'ajouter sur le site des pages personalises avec le contenu que vous souhaitez.\";s:2:\"he\";s:35:\"   \";s:2:\"id\";s:75:\"Menambahkan halaman ke dalam situs dengan konten apapun yang Anda perlukan.\";s:2:\"it\";s:73:\"Aggiungi pagine personalizzate al sito con qualsiesi contenuto tu voglia.\";s:2:\"lt\";s:46:\"Pridkite nuosavus puslapius betkokio turinio\";s:2:\"nl\";s:70:\"Voeg aangepaste pagina&apos;s met willekeurige inhoud aan de site toe.\";s:2:\"pl\";s:53:\"Dodaj wasne strony z dowoln treci do witryny.\";s:2:\"ru\";s:134:\"   ,   .\";s:2:\"sl\";s:44:\"Dodaj stran s kakrno koli vsebino elite.\";s:2:\"tw\";s:39:\"\";s:2:\"cn\";s:39:\"\";s:2:\"th\";s:168:\"\";s:2:\"hu\";s:67:\"Sajt oldalak hozzadsa a weboldalhoz, akrmilyen tartalommal.\";s:2:\"se\";s:39:\"Lgg till egna sidor till webbplatsen.\";}', '1', '1', '1', 'content', '1', '1', '1', '1371734499');
INSERT INTO `default_modules` VALUES ('14', 'a:25:{s:2:\"en\";s:11:\"Permissions\";s:2:\"ar\";s:18:\"\";s:2:\"br\";s:11:\"Permisses\";s:2:\"pt\";s:11:\"Permisses\";s:2:\"cs\";s:12:\"Oprvnn\";s:2:\"da\";s:14:\"Adgangskontrol\";s:2:\"de\";s:14:\"Zugriffsrechte\";s:2:\"el\";s:20:\"\";s:2:\"es\";s:8:\"Permisos\";s:2:\"fa\";s:15:\" \";s:2:\"fi\";s:16:\"Kyttoikeudet\";s:2:\"fr\";s:11:\"Permissions\";s:2:\"he\";s:12:\"\";s:2:\"id\";s:9:\"Perizinan\";s:2:\"it\";s:8:\"Permessi\";s:2:\"lt\";s:7:\"Teiss\";s:2:\"nl\";s:15:\"Toegangsrechten\";s:2:\"pl\";s:11:\"Uprawnienia\";s:2:\"ru\";s:25:\" \";s:2:\"sl\";s:10:\"Dovoljenja\";s:2:\"tw\";s:6:\"\";s:2:\"cn\";s:6:\"\";s:2:\"hu\";s:14:\"Jogosultsgok\";s:2:\"th\";s:18:\"\";s:2:\"se\";s:13:\"Behrigheter\";}', 'permissions', '1.0.0', null, 'a:25:{s:2:\"en\";s:68:\"Control what type of users can see certain sections within the site.\";s:2:\"ar\";s:127:\"        .\";s:2:\"br\";s:68:\"Controle quais tipos de usurios podem ver certas sees no site.\";s:2:\"pt\";s:75:\"Controle quais os tipos de utilizadores podem ver certas seces no site.\";s:2:\"cs\";s:93:\"Spravujte oprvnn pro jednotliv typy uivatel a ke kterm sekcm maj pstup.\";s:2:\"da\";s:72:\"Kontroller hvilken type brugere der kan se bestemte sektioner p sitet.\";s:2:\"de\";s:70:\"Regelt welche Art von Benutzer welche Sektion in der Seite sehen kann.\";s:2:\"el\";s:180:\"             .\";s:2:\"es\";s:81:\"Controla que tipo de usuarios pueden ver secciones especficas dentro del sitio.\";s:2:\"fa\";s:59:\"     \";s:2:\"fi\";s:72:\"Hallitse mink tyyppisiin osioihin kyttjt psevt sivustolla.\";s:2:\"fr\";s:104:\"Permet de dfinir les autorisations des groupes d\'utilisateurs pour afficher les diffrentes sections.\";s:2:\"he\";s:75:\"     \";s:2:\"id\";s:76:\"Mengontrol tipe pengguna mana yang dapat mengakses suatu bagian dalam situs.\";s:2:\"it\";s:78:\"Controlla che tipo di utenti posssono accedere a determinate sezioni del sito.\";s:2:\"lt\";s:72:\"Kontroliuokite kokio tipo varotojai koki dal puslapio gali pasiekti.\";s:2:\"nl\";s:71:\"Bepaal welke typen gebruikers toegang hebben tot gedeeltes van de site.\";s:2:\"pl\";s:79:\"Ustaw, ktrzy uytkownicy mog mie dostp do odpowiednich sekcji witryny.\";s:2:\"ru\";s:209:\"  ,         .\";s:2:\"sl\";s:85:\"Uredite dovoljenja kateri tip uporabnika lahko vidi doloena podroja vae strani.\";s:2:\"tw\";s:81:\"\";s:2:\"cn\";s:81:\"\";s:2:\"hu\";s:129:\"A felhasznlk felgyelet alatt tartsra, hogy milyen tpus felhasznlk, mit lthatnak, mely szakaszain az oldalnak.\";s:2:\"th\";s:117:\"\";s:2:\"se\";s:27:\"Hantera gruppbehrigheter.\";}', '0', '0', '1', 'users', '1', '1', '1', '1371734499');
INSERT INTO `default_modules` VALUES ('15', 'a:24:{s:2:\"en\";s:9:\"Redirects\";s:2:\"ar\";s:18:\"\";s:2:\"br\";s:17:\"Redirecionamentos\";s:2:\"pt\";s:17:\"Redirecionamentos\";s:2:\"cs\";s:16:\"Pesmrovn\";s:2:\"da\";s:13:\"Omadressering\";s:2:\"el\";s:30:\"\";s:2:\"es\";s:13:\"Redirecciones\";s:2:\"fa\";s:17:\" \";s:2:\"fi\";s:18:\"Uudelleenohjaukset\";s:2:\"fr\";s:12:\"Redirections\";s:2:\"he\";s:12:\"\";s:2:\"id\";s:8:\"Redirect\";s:2:\"it\";s:11:\"Reindirizzi\";s:2:\"lt\";s:14:\"Peradresavimai\";s:2:\"nl\";s:12:\"Verwijzingen\";s:2:\"ru\";s:30:\"\";s:2:\"sl\";s:12:\"Preusmeritve\";s:2:\"tw\";s:6:\"\";s:2:\"cn\";s:6:\"\";s:2:\"hu\";s:17:\"tirnytsok\";s:2:\"pl\";s:14:\"Przekierowania\";s:2:\"th\";s:42:\"\";s:2:\"se\";s:14:\"Omdirigeringar\";}', 'redirects', '1.0.0', null, 'a:24:{s:2:\"en\";s:33:\"Redirect from one URL to another.\";s:2:\"ar\";s:47:\"   URL  .\";s:2:\"br\";s:39:\"Redirecionamento de uma URL para outra.\";s:2:\"pt\";s:40:\"Redirecionamentos de uma URL para outra.\";s:2:\"cs\";s:43:\"Pesmrujte z jedn adresy URL na jinou.\";s:2:\"da\";s:35:\"Omadresser fra en URL til en anden.\";s:2:\"el\";s:81:\"   URL   \";s:2:\"es\";s:34:\"Redireccionar desde una URL a otra\";s:2:\"fa\";s:63:\"       \";s:2:\"fi\";s:45:\"Uudelleenohjaa kyttjn paikasta toiseen.\";s:2:\"fr\";s:34:\"Redirection d\'une URL  un autre.\";s:2:\"he\";s:43:\"   \";s:2:\"id\";s:40:\"Redirect dari satu URL ke URL yang lain.\";s:2:\"it\";s:35:\"Reindirizza da una URL ad un altra.\";s:2:\"lt\";s:56:\"Peradresuokite puslap i vieno adreso (URL)  kit.\";s:2:\"nl\";s:38:\"Verwijs vanaf een URL naar een andere.\";s:2:\"ru\";s:78:\"     .\";s:2:\"sl\";s:44:\"Preusmeritev iz enega URL naslova na drugega\";s:2:\"tw\";s:33:\"\";s:2:\"cn\";s:33:\"\";s:2:\"hu\";s:38:\"Egy URL tirnytsa egy msikra.\";s:2:\"pl\";s:44:\"Przekierowanie z jednego adresu URL na inny.\";s:2:\"th\";s:123:\"\";s:2:\"se\";s:38:\"Omdirigera frn en URL till en annan.\";}', '0', '0', '1', 'structure', '1', '1', '1', '1371734499');
INSERT INTO `default_modules` VALUES ('16', 'a:9:{s:2:\"en\";s:6:\"Search\";s:2:\"fr\";s:9:\"Recherche\";s:2:\"se\";s:4:\"Sk\";s:2:\"ar\";s:10:\"\";s:2:\"tw\";s:6:\"\";s:2:\"cn\";s:6:\"\";s:2:\"it\";s:7:\"Ricerca\";s:2:\"fa\";s:10:\"\";s:2:\"fi\";s:4:\"Etsi\";}', 'search', '1.0.0', null, 'a:9:{s:2:\"en\";s:72:\"Search through various types of content with this modular search system.\";s:2:\"fr\";s:84:\"Rechercher parmi diffrents types de contenus avec systme de recherche modulaire.\";s:2:\"se\";s:36:\"Sk igenom olika typer av innehll\";s:2:\"ar\";s:102:\"         .\";s:2:\"tw\";s:63:\"\";s:2:\"cn\";s:63:\"\";s:2:\"it\";s:71:\"Cerca tra diversi tipi di contenuti con il sistema di reicerca modulare\";s:2:\"fa\";s:115:\"          .\";s:2:\"fi\";s:76:\"Etsi eri tyypist sislt tll modulaarisella hakujrjestelmll.\";}', '0', '0', '0', '0', '1', '1', '1', '1371734499');
INSERT INTO `default_modules` VALUES ('17', 'a:20:{s:2:\"en\";s:7:\"Sitemap\";s:2:\"ar\";s:23:\" \";s:2:\"br\";s:12:\"Mapa do Site\";s:2:\"pt\";s:12:\"Mapa do Site\";s:2:\"de\";s:7:\"Sitemap\";s:2:\"el\";s:31:\" \";s:2:\"es\";s:14:\"Mapa del Sitio\";s:2:\"fa\";s:17:\" \";s:2:\"fi\";s:10:\"Sivukartta\";s:2:\"fr\";s:12:\"Plan du site\";s:2:\"id\";s:10:\"Peta Situs\";s:2:\"it\";s:14:\"Mappa del sito\";s:2:\"lt\";s:16:\"Svetains medis\";s:2:\"nl\";s:7:\"Sitemap\";s:2:\"ru\";s:21:\" \";s:2:\"tw\";s:12:\"\";s:2:\"cn\";s:12:\"\";s:2:\"th\";s:21:\"\";s:2:\"hu\";s:13:\"Oldaltrkp\";s:2:\"se\";s:9:\"Sajtkarta\";}', 'sitemap', '1.3.0', null, 'a:21:{s:2:\"en\";s:87:\"The sitemap module creates an index of all pages and an XML sitemap for search engines.\";s:2:\"ar\";s:120:\"        XML  .\";s:2:\"br\";s:102:\"O mdulo de mapa do site cria um ndice de todas as pginas e um sitemap XML para motores de busca.\";s:2:\"pt\";s:102:\"O mdulo do mapa do site cria um ndice de todas as pginas e um sitemap XML para motores de busca.\";s:2:\"da\";s:86:\"Sitemapmodulet opretter et indeks over alle sider og et XML sitemap til sgemaskiner.\";s:2:\"de\";s:92:\"Die Sitemap Modul erstellt einen Index aller Seiten und eine XML-Sitemap fr Suchmaschinen.\";s:2:\"el\";s:190:\"            XML    .\";s:2:\"es\";s:111:\"El mdulo de mapa crea un ndice de todas las pginas y un mapa del sitio XML para los motores de bsqueda.\";s:2:\"fa\";s:150:\"             XML      \";s:2:\"fi\";s:82:\"sivukartta moduuli luo hakemisto kaikista sivuista ja XML sivukartta hakukoneille.\";s:2:\"fr\";s:106:\"Le module sitemap cre un index de toutes les pages et un plan de site XML pour les moteurs de recherche.\";s:2:\"id\";s:110:\"Modul peta situs ini membuat indeks dari setiap halaman dan sebuah format XML untuk mempermudah mesin pencari.\";s:2:\"it\";s:104:\"Il modulo mappa del sito crea un indice di tutte le pagine e una sitemap in XML per i motori di ricerca.\";s:2:\"lt\";s:86:\"struktra modulis sukuria vis puslapi ir XML Sitemap paiekos sistem indeksas.\";s:2:\"nl\";s:89:\"De sitemap module maakt een index van alle pagina\'s en een XML sitemap voor zoekmachines.\";s:2:\"ru\";s:144:\"         XML   .\";s:2:\"tw\";s:84:\"XML\";s:2:\"cn\";s:84:\"XML\";s:2:\"th\";s:202:\".\";s:2:\"hu\";s:94:\"Ez a modul indexeli az sszes oldalt s egy XML oldaltkpet generl a keresmotoroknak.\";s:2:\"se\";s:86:\"Sajtkarta, modulen skapar ett index av alla sidor och en XML-sitemap fr skmotorer.\";}', '0', '1', '0', 'content', '1', '1', '1', '1371734499');
INSERT INTO `default_modules` VALUES ('18', 'a:25:{s:2:\"en\";s:5:\"Users\";s:2:\"ar\";s:20:\"\";s:2:\"br\";s:9:\"Usurios\";s:2:\"pt\";s:12:\"Utilizadores\";s:2:\"cs\";s:11:\"Uivatel\";s:2:\"da\";s:7:\"Brugere\";s:2:\"de\";s:8:\"Benutzer\";s:2:\"el\";s:14:\"\";s:2:\"es\";s:8:\"Usuarios\";s:2:\"fa\";s:14:\"\";s:2:\"fi\";s:12:\"Kyttjt\";s:2:\"fr\";s:12:\"Utilisateurs\";s:2:\"he\";s:14:\"\";s:2:\"id\";s:8:\"Pengguna\";s:2:\"it\";s:6:\"Utenti\";s:2:\"lt\";s:10:\"Vartotojai\";s:2:\"nl\";s:10:\"Gebruikers\";s:2:\"pl\";s:12:\"Uytkownicy\";s:2:\"ru\";s:24:\"\";s:2:\"sl\";s:10:\"Uporabniki\";s:2:\"tw\";s:6:\"\";s:2:\"cn\";s:6:\"\";s:2:\"hu\";s:14:\"Felhasznlk\";s:2:\"th\";s:27:\"\";s:2:\"se\";s:10:\"Anvndare\";}', 'users', '1.1.0', null, 'a:25:{s:2:\"en\";s:81:\"Let users register and log in to the site, and manage them via the control panel.\";s:2:\"ar\";s:133:\"          .\";s:2:\"br\";s:125:\"Permite com que usurios se registrem e entrem no site e tambm que eles sejam gerenciveis apartir do painel de controle.\";s:2:\"pt\";s:125:\"Permite com que os utilizadores se registem e entrem no site e tambm que eles sejam geriveis apartir do painel de controlo.\";s:2:\"cs\";s:103:\"Umouje uivatelm se registrovat a pihlaovat a zrove jejich sprvu v Kontrolnm panelu.\";s:2:\"da\";s:89:\"Lader brugere registrere sig og logge ind p sitet, og hndtr dem via kontrolpanelet.\";s:2:\"de\";s:108:\"Erlaube Benutzern das Registrieren und Einloggen auf der Seite und verwalte sie ber die Admin-Oberflche.\";s:2:\"el\";s:208:\"      .        .\";s:2:\"es\";s:138:\"Permite el registro de nuevos usuarios quienes podrn loguearse en el sitio. Estos podrn controlarse desde el panel de administracin.\";s:2:\"fa\";s:151:\"                   \";s:2:\"fi\";s:126:\"Antaa kyttjien rekisterity ja kirjautua sisn sivustolle sek mahdollistaa niiden muokkaamisen hallintapaneelista.\";s:2:\"fr\";s:112:\"Permet aux utilisateurs de s\'enregistrer et de se connecter au site et de les grer via le panneau de contrle\";s:2:\"he\";s:62:\" : ,  \";s:2:\"id\";s:102:\"Memungkinkan pengguna untuk mendaftar dan masuk ke dalam situs, dan mengaturnya melalui control panel.\";s:2:\"it\";s:95:\"Fai iscrivere de entrare nel sito gli utenti, e gestiscili attraverso il pannello di controllo.\";s:2:\"lt\";s:106:\"Leidia vartotojams registruotis ir prisijungti prie puslapio, ir valdyti juos per administravimo panele.\";s:2:\"nl\";s:88:\"Laat gebruikers registreren en inloggen op de site, en beheer ze via het controlepaneel.\";s:2:\"pl\";s:87:\"Pozwl uytkownikom na logowanie si na stronie i zarzdzaj nimi za pomoc panelu.\";s:2:\"ru\";s:155:\"  ,   .\";s:2:\"sl\";s:96:\"Dovoli uporabnikom za registracijo in prijavo na strani, urejanje le teh preko nadzorne ploe\";s:2:\"tw\";s:87:\"\";s:2:\"cn\";s:87:\"\";s:2:\"th\";s:210:\"\";s:2:\"hu\";s:120:\"Hogy a felhasznlk tudjanak az oldalra regisztrlni s belpni, valamint lehessen ket kezelni a vezrlpulton.\";s:2:\"se\";s:111:\"Lt dina beskare registrera sig och logga in p webbplatsen. Hantera sedan anvndarna via kontrollpanelen.\";}', '0', '0', '1', '0', '1', '1', '1', '1371734499');
INSERT INTO `default_modules` VALUES ('19', 'a:25:{s:2:\"en\";s:9:\"Variables\";s:2:\"ar\";s:20:\"\";s:2:\"br\";s:10:\"Variveis\";s:2:\"pt\";s:10:\"Variveis\";s:2:\"cs\";s:10:\"Promnn\";s:2:\"da\";s:8:\"Variable\";s:2:\"de\";s:9:\"Variablen\";s:2:\"el\";s:20:\"\";s:2:\"es\";s:9:\"Variables\";s:2:\"fa\";s:16:\"\";s:2:\"fi\";s:9:\"Muuttujat\";s:2:\"fr\";s:9:\"Variables\";s:2:\"he\";s:12:\"\";s:2:\"id\";s:8:\"Variabel\";s:2:\"it\";s:9:\"Variabili\";s:2:\"lt\";s:10:\"Kintamieji\";s:2:\"nl\";s:10:\"Variabelen\";s:2:\"pl\";s:7:\"Zmienne\";s:2:\"ru\";s:20:\"\";s:2:\"sl\";s:13:\"Spremenljivke\";s:2:\"tw\";s:12:\"\";s:2:\"cn\";s:12:\"\";s:2:\"th\";s:18:\"\";s:2:\"se\";s:9:\"Variabler\";s:2:\"hu\";s:10:\"Vltozk\";}', 'variables', '1.0.0', null, 'a:25:{s:2:\"en\";s:59:\"Manage global variables that can be accessed from anywhere.\";s:2:\"ar\";s:97:\"      .\";s:2:\"br\";s:61:\"Gerencia as variveis globais acessveis de qualquer lugar.\";s:2:\"pt\";s:58:\"Gerir as variveis globais acessveis de qualquer lugar.\";s:2:\"cs\";s:56:\"Spravujte globln promnn pstupn odkudkoliv.\";s:2:\"da\";s:51:\"Hndtr globale variable som kan tilgs overalt.\";s:2:\"de\";s:74:\"Verwaltet globale Variablen, auf die von berall zugegriffen werden kann.\";s:2:\"el\";s:129:\"        .\";s:2:\"es\";s:50:\"Manage global variables to access from everywhere.\";s:2:\"fa\";s:136:\"              \";s:2:\"fi\";s:66:\"Hallitse globaali muuttujia, joihin psee ksiksi mist vain.\";s:2:\"fr\";s:92:\"Grer des variables globales pour pouvoir y accder depuis n\'importe quel endroit du site.\";s:2:\"he\";s:96:\"        \";s:2:\"id\";s:59:\"Mengatur variabel global yang dapat diakses dari mana saja.\";s:2:\"it\";s:58:\"Gestisci le variabili globali per accedervi da ogni parte.\";s:2:\"lt\";s:64:\"Globali kintamuj tvarkymas kurie yra pasiekiami i bet kur.\";s:2:\"nl\";s:54:\"Beheer globale variabelen die overal beschikbaar zijn.\";s:2:\"pl\";s:86:\"Zarzdzaj globalnymi zmiennymi do ktrych masz dostp z kadego miejsca aplikacji.\";s:2:\"ru\";s:136:\"  ,      .\";s:2:\"sl\";s:53:\"Urejanje globalnih spremenljivk za dostop od kjerkoli\";s:2:\"th\";s:148:\".\";s:2:\"tw\";s:45:\"\";s:2:\"cn\";s:45:\"\";s:2:\"hu\";s:62:\"Globlis vltozk kezelse a hozzfrshez, brhonnan.\";s:2:\"se\";s:66:\"Hantera globala variabler som kan avndas ver hela webbplatsen.\";}', '0', '0', '1', 'data', '1', '1', '1', '1371734500');
INSERT INTO `default_modules` VALUES ('20', 'a:23:{s:2:\"en\";s:7:\"Widgets\";s:2:\"br\";s:7:\"Widgets\";s:2:\"pt\";s:7:\"Widgets\";s:2:\"cs\";s:7:\"Widgety\";s:2:\"da\";s:7:\"Widgets\";s:2:\"de\";s:7:\"Widgets\";s:2:\"el\";s:7:\"Widgets\";s:2:\"es\";s:7:\"Widgets\";s:2:\"fa\";s:13:\" \";s:2:\"fi\";s:9:\"Vimpaimet\";s:2:\"fr\";s:7:\"Widgets\";s:2:\"id\";s:6:\"Widget\";s:2:\"it\";s:7:\"Widgets\";s:2:\"lt\";s:11:\"Papildiniai\";s:2:\"nl\";s:7:\"Widgets\";s:2:\"ru\";s:14:\"\";s:2:\"sl\";s:9:\"Vtiniki\";s:2:\"tw\";s:9:\"\";s:2:\"cn\";s:9:\"\";s:2:\"hu\";s:9:\"Widget-ek\";s:2:\"th\";s:21:\"\";s:2:\"se\";s:8:\"Widgetar\";s:2:\"ar\";s:14:\"\";}', 'widgets', '1.2.0', null, 'a:23:{s:2:\"en\";s:69:\"Manage small sections of self-contained logic in blocks or \"Widgets\".\";s:2:\"ar\";s:132:\"           \"\".\";s:2:\"br\";s:77:\"Gerenciar pequenas sees de contedos em bloco conhecidos como \"Widgets\".\";s:2:\"pt\";s:74:\"Gerir pequenas seces de contedos em bloco conhecidos como \"Widgets\".\";s:2:\"cs\";s:56:\"Spravujte mal funkn sti webu neboli \"Widgety\".\";s:2:\"da\";s:74:\"Hndter sm sektioner af selv-opretholdt logik i blokke eller \"Widgets\".\";s:2:\"de\";s:62:\"Verwaltet kleine, eigentstndige Bereiche, genannt \"Widgets\".\";s:2:\"el\";s:149:\"         \"Widgets\".\";s:2:\"es\";s:75:\"Manejar pequeas secciones de lgica autocontenida en bloques o \"Widgets\"\";s:2:\"fa\";s:76:\"        \";s:2:\"fi\";s:81:\"Hallitse pieni osioita, jotka sisltvt erillisi lohkoja tai \"Vimpaimia\".\";s:2:\"fr\";s:41:\"Grer des mini application ou \"Widgets\".\";s:2:\"id\";s:101:\"Mengatur bagian-bagian kecil dari blok-blok yang memuat sesuatu atau dikenal dengan istilah \"Widget\".\";s:2:\"it\";s:70:\"Gestisci piccole sezioni di logica a se stante in blocchi o \"Widgets\".\";s:2:\"lt\";s:43:\"Nedideli, savarankik blok valdymas.\";s:2:\"nl\";s:75:\"Beheer kleine onderdelen die zelfstandige logica bevatten, ofwel \"Widgets\".\";s:2:\"ru\";s:91:\" ,  .\";s:2:\"sl\";s:61:\"Urejanje manjih delov blokov strani ti. Vtiniki (Widgets)\";s:2:\"tw\";s:103:\" \"Widgets\"\";s:2:\"cn\";s:103:\" \"Widgets\"\";s:2:\"hu\";s:56:\"nll kis logikai tmbk vagy widget-ek kezelse.\";s:2:\"th\";s:152:\"  \";s:2:\"se\";s:83:\"Hantera sm sektioner med egen logik och innehll p olika delar av webbplatsen.\";}', '1', '0', '1', 'content', '1', '1', '1', '1371734500');
INSERT INTO `default_modules` VALUES ('21', 'a:9:{s:2:\"en\";s:7:\"WYSIWYG\";s:2:\"fa\";s:7:\"WYSIWYG\";s:2:\"fr\";s:7:\"WYSIWYG\";s:2:\"pt\";s:7:\"WYSIWYG\";s:2:\"se\";s:15:\"HTML-redigerare\";s:2:\"tw\";s:7:\"WYSIWYG\";s:2:\"cn\";s:7:\"WYSIWYG\";s:2:\"ar\";s:27:\" \";s:2:\"it\";s:7:\"WYSIWYG\";}', 'wysiwyg', '1.0.0', null, 'a:10:{s:2:\"en\";s:60:\"Provides the WYSIWYG editor for PyroCMS powered by CKEditor.\";s:2:\"fa\";s:73:\" WYSIWYG  CKEditor   . \";s:2:\"fr\";s:63:\"Fournit un diteur WYSIWYG pour PyroCMS propuls par CKEditor\";s:2:\"pt\";s:61:\"Fornece o editor WYSIWYG para o PyroCMS, powered by CKEditor.\";s:2:\"el\";s:113:\"   WYSIWYG   PyroCMS,   CKEDitor.\";s:2:\"se\";s:37:\"Redigeringsmodul fr HTML, CKEditor.\";s:2:\"tw\";s:83:\" PyroCMS WYSIWYG CKEditor \";s:2:\"cn\";s:83:\" PyroCMS WYSIWYG CKEditor \";s:2:\"ar\";s:76:\"   PyroCMS   CKEditor.\";s:2:\"it\";s:57:\"Fornisce l\'editor WYSIWYG per PtroCMS creato con CKEditor\";}', '0', '0', '0', '0', '1', '1', '1', '1371734500');
INSERT INTO `default_modules` VALUES ('42', 'a:1:{s:2:\"en\";s:8:\"Products\";}', 'products', '1.0', null, 'a:1:{s:2:\"en\";s:13:\"Products Page\";}', '1', '1', '1', 'content', '1', '1', '0', '1371734568');
INSERT INTO `default_modules` VALUES ('32', 'a:1:{s:2:\"en\";s:10:\"Subscriber\";}', 'subscriber', '1.0', null, 'a:1:{s:2:\"en\";s:15:\"Subscribe tools\";}', '0', '0', '1', 'content', '1', '1', '0', '1371734568');
INSERT INTO `default_modules` VALUES ('36', 'a:1:{s:2:\"en\";s:3:\"EPG\";}', 'epg', '1.0', null, 'a:1:{s:2:\"en\";s:9:\"EPG Tools\";}', '1', '1', '1', 'content', '1', '1', '0', '1371734568');
INSERT INTO `default_navigation_groups` VALUES ('1', 'Header', 'header');
INSERT INTO `default_navigation_groups` VALUES ('2', 'Sidebar', 'sidebar');
INSERT INTO `default_navigation_groups` VALUES ('3', 'Footer', 'footer');
INSERT INTO `default_navigation_groups` VALUES ('4', 'Customer', 'customer');
INSERT INTO `default_navigation_groups` VALUES ('5', 'News', 'news');
INSERT INTO `default_navigation_groups` VALUES ('6', 'Support', 'support');
INSERT INTO `default_navigation_groups` VALUES ('7', 'About Us', 'about-us');
INSERT INTO `default_navigation_links` VALUES ('1', 'Home', '0', 'page', '1', '', '', '', '1', '0', '', '0', 'nav-home');
INSERT INTO `default_navigation_links` VALUES ('2', 'Blog', '0', 'module', '0', 'blog', '', '', '3', '6', '', '0', '');
INSERT INTO `default_navigation_links` VALUES ('3', 'Contact', '0', 'page', '2', '', '', '', '3', '7', '', '0', '');
INSERT INTO `default_navigation_links` VALUES ('4', 'Internet SuperSpeed', '0', 'uri', '0', '', '', 'products/view/internet-superspeed', '1', '1', '', '0', '');
INSERT INTO `default_navigation_links` VALUES ('5', 'Interactive TV', '0', 'uri', '0', '', '', 'products/view/interactive-tv', '1', '2', '', '0', '');
INSERT INTO `default_navigation_links` VALUES ('6', 'Mobile OnTheGo', '0', 'uri', '0', '', '', 'products/view/onthego', '1', '3', '', '0', '');
INSERT INTO `default_navigation_links` VALUES ('7', 'VAS', '0', 'uri', '0', '', '', 'products/view/vas', '1', '4', '', '0', '');
INSERT INTO `default_navigation_links` VALUES ('8', 'Support', '0', 'page', '1', '', '', '', '1', '5', '', '0', '');
INSERT INTO `default_navigation_links` VALUES ('9', 'Web Selfcare', '0', 'page', '1', '', '', '', '4', '0', '', '0', '');
INSERT INTO `default_navigation_links` VALUES ('10', 'Coverage Area', '0', 'page', '1', '', '', '', '4', '2', '', '0', '');
INSERT INTO `default_navigation_links` VALUES ('11', 'TV Guide', '0', 'page', '1', '', '', '', '4', '1', '', '0', '');
INSERT INTO `default_navigation_links` VALUES ('12', 'Recent News', null, 'page', '1', '', '', '', '5', '1', '', '0', '');
INSERT INTO `default_navigation_links` VALUES ('13', 'Media Release', null, 'page', '1', '', '', '', '5', '2', '', '0', '');
INSERT INTO `default_navigation_links` VALUES ('14', 'FAQ', null, 'page', '1', '', '', '', '6', '1', '', '0', '');
INSERT INTO `default_navigation_links` VALUES ('15', 'Troubleshooting', null, 'page', '1', '', '', '', '6', '2', '', '0', '');
INSERT INTO `default_navigation_links` VALUES ('16', 'Contact', null, 'page', '1', '', '', '', '7', '1', '', '0', '');
INSERT INTO `default_navigation_links` VALUES ('17', 'History', null, 'page', '1', '', '', '', '7', '2', '', '0', '');
INSERT INTO `default_page_types` VALUES ('1', 'default', 'Default', 'A simple page type with a WYSIWYG editor that will get you started adding content.', '2', null, null, null, '<h2>{{ page:title }}</h2>\n\n{{ body }}', '', '', 'default', '1369808460', 'n', null, null);
INSERT INTO `default_pages` VALUES ('1', 'home', '', 'Home', 'home', '0', '1', '1', null, null, null, '', null, null, null, '0', '0', 'live', '1369808460', '0', '', '1', '1', '1369808460');
INSERT INTO `default_pages` VALUES ('2', 'contact', '', 'Contact', 'contact', '0', '1', '2', null, null, null, '', null, null, null, '0', '0', 'live', '1369808460', '0', '', '0', '1', '1369808460');
INSERT INTO `default_pages` VALUES ('3', 'search', '', 'Search', 'search', '0', '1', '3', null, null, null, '', null, null, null, '0', '0', 'live', '1369808460', '0', '', '0', '1', '1369808460');
INSERT INTO `default_pages` VALUES ('4', 'results', '', 'Results', 'search/results', '3', '1', '4', null, null, null, '', null, null, null, '0', '0', 'live', '1369808460', '0', '', '0', '0', '1369808460');
INSERT INTO `default_pages` VALUES ('5', '404', '', 'Page missing', '404', '0', '1', '5', null, null, null, '', null, null, null, '0', '0', 'live', '1369808460', '0', '', '0', '1', '1369808460');
INSERT INTO `default_profiles` VALUES ('1', null, null, null, null, '1', 'Adriant Rivano', 'Adriant', 'Rivano', '', 'en', null, null, null, null, null, null, null, null, null, null, null);
INSERT INTO `default_profiles` VALUES ('2', '2013-06-18 04:39:41', null, '1', '1', '2', 'Rachmat', 'Rachmat', 'Web', 'MQM', 'en', '', '-3600', '', null, null, null, null, null, null, null, '1371539294');
INSERT INTO `default_search_index` VALUES ('1', 'Home', '', null, null, 'pages', 'pages:page', 'pages:pages', '1', 'home', 'admin/pages/edit/1', 'admin/pages/delete/1');
INSERT INTO `default_search_index` VALUES ('2', 'Contact', '', null, null, 'pages', 'pages:page', 'pages:pages', '2', 'contact', 'admin/pages/edit/2', 'admin/pages/delete/2');
INSERT INTO `default_search_index` VALUES ('3', 'Search', '', null, null, 'pages', 'pages:page', 'pages:pages', '3', 'search', 'admin/pages/edit/3', 'admin/pages/delete/3');
INSERT INTO `default_search_index` VALUES ('4', 'Results', '', null, null, 'pages', 'pages:page', 'pages:pages', '4', 'search/results', 'admin/pages/edit/4', 'admin/pages/delete/4');
INSERT INTO `default_search_index` VALUES ('5', 'Page missing', '', null, null, 'pages', 'pages:page', 'pages:pages', '5', '404', 'admin/pages/edit/5', 'admin/pages/delete/5');
INSERT INTO `default_settings` VALUES ('activation_email', 'Activation Email', 'Send out an e-mail with an activation link when a user signs up. Disable this so that admins must manually activate each account.', 'select', '1', '', '0=activate_by_admin|1=activate_by_email|2=no_activation', '0', '1', 'users', '961');
INSERT INTO `default_settings` VALUES ('addons_upload', 'Addons Upload Permissions', 'Keeps mere admins from uploading addons by default', 'text', '0', '1', '', '1', '0', '', '0');
INSERT INTO `default_settings` VALUES ('admin_force_https', 'Force HTTPS for Control Panel?', 'Allow only the HTTPS protocol when using the Control Panel?', 'radio', '0', '', '1=Yes|0=No', '1', '1', '', '0');
INSERT INTO `default_settings` VALUES ('admin_theme', 'Control Panel Theme', 'Select the theme for the control panel.', '', '', 'pyrocms', 'func:get_themes', '1', '0', '', '0');
INSERT INTO `default_settings` VALUES ('akismet_api_key', 'Akismet API Key', 'Akismet is a spam-blocker from the WordPress team. It keeps spam under control without forcing users to get past human-checking CAPTCHA forms.', 'text', '', '', '', '0', '1', 'integration', '981');
INSERT INTO `default_settings` VALUES ('api_enabled', 'API Enabled', 'Allow API access to all modules which have an API controller.', 'select', '0', '0', '0=Disabled|1=Enabled', '0', '0', 'api', '0');
INSERT INTO `default_settings` VALUES ('api_user_keys', 'API User Keys', 'Allow users to sign up for API keys (if the API is Enabled).', 'select', '0', '0', '0=Disabled|1=Enabled', '0', '0', 'api', '0');
INSERT INTO `default_settings` VALUES ('auto_username', 'Auto Username', 'Create the username automatically, meaning users can skip making one on registration.', 'radio', '1', '', '1=Enabled|0=Disabled', '0', '1', 'users', '964');
INSERT INTO `default_settings` VALUES ('cdn_domain', 'CDN Domain', 'CDN domains allow you to offload static content to various edge servers, like Amazon CloudFront or MaxCDN.', 'text', '', '', '', '0', '1', 'integration', '1000');
INSERT INTO `default_settings` VALUES ('ckeditor_config', 'CKEditor Config', 'You can find a list of valid configuration items in <a target=\"_blank\" href=\"http://docs.cksource.com/ckeditor_api/symbols/CKEDITOR.config.html\">CKEditor\'s documentation.</a>', 'textarea', '', '{{# this is a wysiwyg-simple editor customized for the blog module (it allows images to be inserted) #}}\r\n$(\'textarea#intro.wysiwyg-simple\').ckeditor({\r\n	toolbar: [\r\n		[\'pyroimages\'],\r\n		[\'Bold\', \'Italic\', \'-\', \'NumberedList\', \'BulletedList\', \'-\', \'Link\', \'Unlink\']\r\n	  ],\r\n	extraPlugins: \'pyroimages\',\r\n	width: \'99%\',\r\n	height: 100,\r\n	dialog_backgroundCoverColor: \'#000\',\r\n	defaultLanguage: \'{{ helper:config item=\"default_language\" }}\',\r\n	language: \'{{ global:current_language }}\'\r\n});\r\n\r\n{{# this is the config for all wysiwyg-simple textareas #}}\r\n$(\'textarea.wysiwyg-simple\').ckeditor({\r\n	toolbar: [\r\n		[\'Bold\', \'Italic\', \'-\', \'NumberedList\', \'BulletedList\', \'-\', \'Link\', \'Unlink\']\r\n	  ],\r\n	width: \'99%\',\r\n	height: 100,\r\n	dialog_backgroundCoverColor: \'#000\',\r\n	defaultLanguage: \'{{ helper:config item=\"default_language\" }}\',\r\n	language: \'{{ global:current_language }}\'\r\n});\r\n\r\n{{# and this is the advanced editor #}}\r\n$(\'textarea.wysiwyg-advanced\').ckeditor({\r\n	toolbar: [\r\n		[\'Maximize\'],\r\n		[\'pyroimages\', \'pyrofiles\'],\r\n		[\'Cut\',\'Copy\',\'Paste\',\'PasteFromWord\'],\r\n		[\'Undo\',\'Redo\',\'-\',\'Find\',\'Replace\'],\r\n		[\'Link\',\'Unlink\'],\r\n		[\'Table\',\'HorizontalRule\',\'SpecialChar\'],\r\n		[\'Bold\',\'Italic\',\'StrikeThrough\'],\r\n		[\'JustifyLeft\',\'JustifyCenter\',\'JustifyRight\',\'JustifyBlock\',\'-\',\'BidiLtr\',\'BidiRtl\'],\r\n		[\'Format\', \'FontSize\', \'Subscript\',\'Superscript\', \'NumberedList\',\'BulletedList\',\'Outdent\',\'Indent\',\'Blockquote\'],\r\n		[\'ShowBlocks\', \'RemoveFormat\', \'Source\']\r\n	],\r\n	extraPlugins: \'pyroimages,pyrofiles\',\r\n	width: \'99%\',\r\n	height: 400,\r\n	dialog_backgroundCoverColor: \'#000\',\r\n	removePlugins: \'elementspath\',\r\n	defaultLanguage: \'{{ helper:config item=\"default_language\" }}\',\r\n	language: \'{{ global:current_language }}\'\r\n});', '', '1', '1', 'wysiwyg', '993');
INSERT INTO `default_settings` VALUES ('comment_markdown', 'Allow Markdown', 'Do you want to allow visitors to post comments using Markdown?', 'select', '0', '0', '0=Text Only|1=Allow Markdown', '1', '1', 'comments', '965');
INSERT INTO `default_settings` VALUES ('comment_order', 'Comment Order', 'Sort order in which to display comments.', 'select', 'ASC', 'ASC', 'ASC=Oldest First|DESC=Newest First', '1', '1', 'comments', '966');
INSERT INTO `default_settings` VALUES ('contact_email', 'Contact E-mail', 'All e-mails from users, guests and the site will go to this e-mail address.', 'text', 'myseconddigitalmail@yahoo.com', '', '', '1', '1', 'email', '979');
INSERT INTO `default_settings` VALUES ('currency', 'Currency', 'The currency symbol for use on products, services, etc.', 'text', '&pound;', '', '', '1', '1', '', '994');
INSERT INTO `default_settings` VALUES ('dashboard_rss', 'Dashboard RSS Feed', 'Link to an RSS feed that will be displayed on the dashboard.', 'text', 'https://www.pyrocms.com/blog/rss/all.rss', '', '', '0', '1', '', '990');
INSERT INTO `default_settings` VALUES ('dashboard_rss_count', 'Dashboard RSS Items', 'How many RSS items would you like to display on the dashboard?', 'text', '5', '5', '', '1', '1', '', '989');
INSERT INTO `default_settings` VALUES ('date_format', 'Date Format', 'How should dates be displayed across the website and control panel? Using the <a target=\"_blank\" href=\"http://php.net/manual/en/function.date.php\">date format</a> from PHP - OR - Using the format of <a target=\"_blank\" href=\"http://php.net/manual/en/function.strftime.php\">strings formatted as date</a> from PHP.', 'text', 'F j, Y', '', '', '1', '1', '', '995');
INSERT INTO `default_settings` VALUES ('default_theme', 'Default Theme', 'Select the theme you want users to see by default.', '', 'default', 'innovate', 'func:get_themes', '1', '0', '', '0');
INSERT INTO `default_settings` VALUES ('enable_comments', 'Enable Comments', 'Enable comments.', 'radio', '1', '0', '1=Enabled|0=Disabled', '1', '1', 'comments', '968');
INSERT INTO `default_settings` VALUES ('enable_profiles', 'Enable profiles', 'Allow users to add and edit profiles.', 'radio', '1', '', '1=Enabled|0=Disabled', '1', '1', 'users', '963');
INSERT INTO `default_settings` VALUES ('enable_registration', 'Enable user registration', 'Allow users to register in your site.', 'radio', '1', '', '1=Enabled|0=Disabled', '0', '1', 'users', '961');
INSERT INTO `default_settings` VALUES ('files_cache', 'Files Cache', 'When outputting an image via site.com/files what shall we set the cache expiration for?', 'select', '480', '480', '0=no-cache|1=1-minute|60=1-hour|180=3-hour|480=8-hour|1440=1-day|43200=30-days', '1', '1', 'files', '986');
INSERT INTO `default_settings` VALUES ('files_cf_api_key', 'Rackspace Cloud Files API Key', 'You also must provide your Cloud Files API Key. You will find it at the same location as your Username in your Rackspace account.', 'text', '', '', '', '0', '1', 'files', '989');
INSERT INTO `default_settings` VALUES ('files_cf_username', 'Rackspace Cloud Files Username', 'To enable cloud file storage in your Rackspace Cloud Files account please enter your Cloud Files Username. <a href=\"https://manage.rackspacecloud.com/APIAccess.do\">Find your credentials</a>', 'text', '', '', '', '0', '1', 'files', '990');
INSERT INTO `default_settings` VALUES ('files_enabled_providers', 'Enabled File Storage Providers', 'Which file storage providers do you want to enable? (If you enable a cloud provider you must provide valid auth keys below', 'checkbox', '0', '0', 'amazon-s3=Amazon S3|rackspace-cf=Rackspace Cloud Files', '0', '1', 'files', '994');
INSERT INTO `default_settings` VALUES ('files_s3_access_key', 'Amazon S3 Access Key', 'To enable cloud file storage in your Amazon S3 account provide your Access Key. <a href=\"https://aws-portal.amazon.com/gp/aws/securityCredentials#access_credentials\">Find your credentials</a>', 'text', '', '', '', '0', '1', 'files', '993');
INSERT INTO `default_settings` VALUES ('files_s3_geographic_location', 'Amazon S3 Geographic Location', 'Either US or EU. If you change this you must also change the S3 URL.', 'radio', 'US', 'US', 'US=United States|EU=Europe', '1', '1', 'files', '991');
INSERT INTO `default_settings` VALUES ('files_s3_secret_key', 'Amazon S3 Secret Key', 'You also must provide your Amazon S3 Secret Key. You will find it at the same location as your Access Key in your Amazon account.', 'text', '', '', '', '0', '1', 'files', '992');
INSERT INTO `default_settings` VALUES ('files_s3_url', 'Amazon S3 URL', 'Change this if using one of Amazon\'s EU locations or a custom domain.', 'text', 'http://{{ bucket }}.s3.amazonaws.com/', 'http://{{ bucket }}.s3.amazonaws.com/', '', '0', '1', 'files', '991');
INSERT INTO `default_settings` VALUES ('files_upload_limit', 'Filesize Limit', 'Maximum filesize to allow when uploading. Specify the size in MB. Example: 5', 'text', '5', '5', '', '1', '1', 'files', '987');
INSERT INTO `default_settings` VALUES ('frontend_enabled', 'Site Status', 'Use this option to the user-facing part of the site on or off. Useful when you want to take the site down for maintenance.', 'radio', '1', '1', '1=Open|0=Closed', '1', '1', '', '988');
INSERT INTO `default_settings` VALUES ('ga_email', 'Google Analytic E-mail', 'E-mail address used for Google Analytics, we need this to show the graph on the dashboard.', 'text', '', '', '', '0', '1', 'integration', '983');
INSERT INTO `default_settings` VALUES ('ga_password', 'Google Analytic Password', 'This is also needed to show the graph on the dashboard. You will need to allow access to Google to get this to work. See <a href=\"https://accounts.google.com/b/0/IssuedAuthSubTokens?hl=en_US\" target=\"_blank\">Authorized Access to your Google Account</a>', 'password', '', '', '', '0', '1', 'integration', '982');
INSERT INTO `default_settings` VALUES ('ga_profile', 'Google Analytic Profile ID', 'Profile ID for this website in Google Analytics', 'text', '', '', '', '0', '1', 'integration', '984');
INSERT INTO `default_settings` VALUES ('ga_tracking', 'Google Tracking Code', 'Enter your Google Analytic Tracking Code to activate Google Analytics view data capturing. E.g: UA-19483569-6', 'text', '', '', '', '0', '1', 'integration', '985');
INSERT INTO `default_settings` VALUES ('mail_line_endings', 'Email Line Endings', 'Change from the standard \\r\\n line ending to PHP_EOL for some email servers.', 'select', '1', '1', '0=PHP_EOL|1=\\r\\n', '0', '1', 'email', '972');
INSERT INTO `default_settings` VALUES ('mail_protocol', 'Mail Protocol', 'Select desired email protocol.', 'select', 'mail', 'mail', 'mail=Mail|sendmail=Sendmail|smtp=SMTP', '1', '1', 'email', '977');
INSERT INTO `default_settings` VALUES ('mail_sendmail_path', 'Sendmail Path', 'Path to server sendmail binary.', 'text', '', '', '', '0', '1', 'email', '972');
INSERT INTO `default_settings` VALUES ('mail_smtp_host', 'SMTP Host Name', 'The host name of your smtp server.', 'text', '', '', '', '0', '1', 'email', '976');
INSERT INTO `default_settings` VALUES ('mail_smtp_pass', 'SMTP password', 'SMTP password.', 'password', '', '', '', '0', '1', 'email', '975');
INSERT INTO `default_settings` VALUES ('mail_smtp_port', 'SMTP Port', 'SMTP port number.', 'text', '', '', '', '0', '1', 'email', '974');
INSERT INTO `default_settings` VALUES ('mail_smtp_user', 'SMTP User Name', 'SMTP user name.', 'text', '', '', '', '0', '1', 'email', '973');
INSERT INTO `default_settings` VALUES ('meta_topic', 'Meta Topic', 'Two or three words describing this type of company/website.', 'text', 'Content Management', 'Interactive Home Entertainment', '', '0', '1', '', '998');
INSERT INTO `default_settings` VALUES ('moderate_comments', 'Moderate Comments', 'Force comments to be approved before they appear on the site.', 'radio', '1', '0', '1=Enabled|0=Disabled', '1', '1', 'comments', '967');
INSERT INTO `default_settings` VALUES ('profile_visibility', 'Profile Visibility', 'Specify who can view user profiles on the public site', 'select', 'public', '', 'public=profile_public|owner=profile_owner|hidden=profile_hidden|member=profile_member', '0', '1', 'users', '960');
INSERT INTO `default_settings` VALUES ('records_per_page', 'Records Per Page', 'How many records should we show per page in the admin section?', 'select', '25', '', '10=10|25=25|50=50|100=100', '1', '1', '', '992');
INSERT INTO `default_settings` VALUES ('registered_email', 'User Registered Email', 'Send a notification email to the contact e-mail when someone registers.', 'radio', '1', '', '1=Enabled|0=Disabled', '0', '1', 'users', '962');
INSERT INTO `default_settings` VALUES ('rss_feed_items', 'Feed item count', 'How many items should we show in RSS/blog feeds?', 'select', '25', '', '10=10|25=25|50=50|100=100', '1', '1', '', '991');
INSERT INTO `default_settings` VALUES ('server_email', 'Server E-mail', 'All e-mails to users will come from this e-mail address.', 'text', 'admin@localhost', '', '', '1', '1', 'email', '978');
INSERT INTO `default_settings` VALUES ('site_lang', 'Site Language', 'The native language of the website, used to choose templates of e-mail notifications, contact form, and other features that should not depend on the language of a user.', 'select', 'en', 'en', 'func:get_supported_lang', '1', '1', '', '997');
INSERT INTO `default_settings` VALUES ('site_name', 'Site Name', 'The name of the website for page titles and for use around the site.', 'text', 'Un-named Website', 'Innovate', '', '1', '1', '', '1000');
INSERT INTO `default_settings` VALUES ('site_public_lang', 'Public Languages', 'Which are the languages really supported and offered on the front-end of your website?', 'checkbox', 'en', 'en', 'func:get_supported_lang', '1', '1', '', '996');
INSERT INTO `default_settings` VALUES ('site_slogan', 'Site Slogan', 'The slogan of the website for page titles and for use around the site', 'text', '', 'Your Life. Your Choice. Your Future', '', '0', '1', '', '999');
INSERT INTO `default_settings` VALUES ('unavailable_message', 'Unavailable Message', 'When the site is turned off or there is a major problem, this message will show to users.', 'textarea', 'Sorry, this website is currently unavailable.', '', '', '0', '1', '', '987');
INSERT INTO `default_theme_options` VALUES ('1', 'pyrocms_recent_comments', 'Recent Comments', 'Would you like to display recent comments on the dashboard?', 'radio', 'yes', 'yes', 'yes=Yes|no=No', '1', 'pyrocms');
INSERT INTO `default_theme_options` VALUES ('2', 'pyrocms_news_feed', 'News Feed', 'Would you like to display the news feed on the dashboard?', 'radio', 'yes', 'yes', 'yes=Yes|no=No', '1', 'pyrocms');
INSERT INTO `default_theme_options` VALUES ('3', 'pyrocms_quick_links', 'Quick Links', 'Would you like to display quick links on the dashboard?', 'radio', 'yes', 'yes', 'yes=Yes|no=No', '1', 'pyrocms');
INSERT INTO `default_theme_options` VALUES ('4', 'pyrocms_analytics_graph', 'Analytics Graph', 'Would you like to display the graph on the dashboard?', 'radio', 'yes', 'yes', 'yes=Yes|no=No', '1', 'pyrocms');
INSERT INTO `default_theme_options` VALUES ('5', 'show_breadcrumbs', 'Show Breadcrumbs', 'Would you like to display breadcrumbs?', 'radio', 'yes', 'yes', 'yes=Yes|no=No', '1', 'default');
INSERT INTO `default_theme_options` VALUES ('6', 'layout', 'Layout', 'Which type of layout shall we use?', 'select', '2 column', 'full-width', '2 column=Two Column|full-width=Full Width|full-width-home=Full Width Home Page', '1', 'default');
INSERT INTO `default_theme_options` VALUES ('7', 'background', 'Background', 'Choose the default background for the theme.', 'select', 'fabric', 'fabric', 'black=Black|fabric=Fabric|graph=Graph|leather=Leather|noise=Noise|texture=Texture', '1', 'base');
INSERT INTO `default_theme_options` VALUES ('8', 'slider', 'Slider', 'Would you like to display the slider on the homepage?', 'radio', 'yes', 'yes', 'yes=Yes|no=No', '1', 'base');
INSERT INTO `default_theme_options` VALUES ('9', 'color', 'Default Theme Color', 'This changes things like background color, link colors etc', 'select', 'pink', 'pink', 'red=Red|orange=Orange|yellow=Yellow|green=Green|blue=Blue|pink=Pink', '1', 'base');
INSERT INTO `default_theme_options` VALUES ('10', 'show_breadcrumbs', 'Do you want to show breadcrumbs?', 'If selected it shows a string of breadcrumbs at the top of the page.', 'radio', 'yes', 'yes', 'yes=Yes|no=No', '1', 'base');
INSERT INTO `default_theme_options` VALUES ('17', 'show_breadcrumbs', 'Show Breadcrumbs', 'Would you like to display breadcrumbs?', 'radio', 'yes', 'yes', 'yes=Yes|no=No', '1', 'innovate');
INSERT INTO `default_theme_options` VALUES ('18', 'layout', 'Layout', 'Which type of layout shall we use?', 'select', '2 column', 'full-width', '2 column=Two Column|full-width=Full Width|full-width-home=Full Width Home Page', '1', 'innovate');
INSERT INTO `default_theme_options` VALUES ('27', 'show_breadcrumbs', 'Show Breadcrumbs', 'Would you like to display breadcrumbs?', 'radio', 'yes', 'yes', 'yes=Yes|no=No', '1', 'innovates');
INSERT INTO `default_theme_options` VALUES ('28', 'layout', 'Layout', 'Which type of layout shall we use?', 'select', '2 column', 'full-width', '2 column=Two Column|full-width=Full Width|full-width-home=Full Width Home Page', '1', 'innovates');
INSERT INTO `default_users` VALUES ('1', 'myseconddigitalmail@yahoo.com', '8e1458f59406ed4da6b850dbcf40f126d04c15a1', 'a3a89', '1', '', '1', '', '1369808455', '1371861550', 'adriant', null, 'a1b0bfb5c9213d8e92b77bfc9fc2e113901d9138');
INSERT INTO `default_users` VALUES ('2', 'rachmat.web@cepat.net.id', '95c8dc2e1d8edebe31427721028d97e4d7c2ecb9', '5d6843', '1', '127.0.0.1', '1', null, '1371515981', '1371681617', 'rachmat', null, '0bd01232269c7659e1de62e8d3d34ad6990d6ee0');
INSERT INTO `default_widget_areas` VALUES ('1', 'sidebar', 'Sidebar');
INSERT INTO `default_widgets` VALUES ('1', 'google_maps', 'a:10:{s:2:\"en\";s:11:\"Google Maps\";s:2:\"el\";s:19:\" Google\";s:2:\"nl\";s:11:\"Google Maps\";s:2:\"br\";s:11:\"Google Maps\";s:2:\"pt\";s:11:\"Google Maps\";s:2:\"ru\";s:17:\" Google\";s:2:\"id\";s:11:\"Google Maps\";s:2:\"fi\";s:11:\"Google Maps\";s:2:\"fr\";s:11:\"Google Maps\";s:2:\"fa\";s:17:\" \";}', 'a:10:{s:2:\"en\";s:32:\"Display Google Maps on your site\";s:2:\"el\";s:78:\"   Google   \";s:2:\"nl\";s:27:\"Toon Google Maps in uw site\";s:2:\"br\";s:34:\"Mostra mapas do Google no seu site\";s:2:\"pt\";s:34:\"Mostra mapas do Google no seu site\";s:2:\"ru\";s:80:\"  Google    \";s:2:\"id\";s:37:\"Menampilkan Google Maps di Situs Anda\";s:2:\"fi\";s:39:\"Nyt Google Maps kartta sivustollasi\";s:2:\"fr\";s:42:\"Publiez un plan Google Maps sur votre site\";s:2:\"fa\";s:59:\"       \";}', 'Gregory Athons', 'http://www.gregathons.com', '1.0.0', '1', '1', '1369801839');
INSERT INTO `default_widgets` VALUES ('2', 'html', 's:4:\"HTML\";', 'a:10:{s:2:\"en\";s:28:\"Create blocks of custom HTML\";s:2:\"el\";s:80:\"      HTML\";s:2:\"br\";s:41:\"Permite criar blocos de HTML customizados\";s:2:\"pt\";s:41:\"Permite criar blocos de HTML customizados\";s:2:\"nl\";s:30:\"Maak blokken met maatwerk HTML\";s:2:\"ru\";s:83:\" HTML-   \";s:2:\"id\";s:24:\"Membuat blok HTML apapun\";s:2:\"fi\";s:32:\"Luo lohkoja omasta HTML koodista\";s:2:\"fr\";s:36:\"Crez des blocs HTML personnaliss\";s:2:\"fa\";s:58:\"        \";}', 'Phil Sturgeon', 'http://philsturgeon.co.uk/', '1.0.0', '1', '2', '1369801839');
INSERT INTO `default_widgets` VALUES ('3', 'login', 'a:10:{s:2:\"en\";s:5:\"Login\";s:2:\"el\";s:14:\"\";s:2:\"nl\";s:5:\"Login\";s:2:\"br\";s:5:\"Login\";s:2:\"pt\";s:5:\"Login\";s:2:\"ru\";s:22:\"  \";s:2:\"id\";s:5:\"Login\";s:2:\"fi\";s:13:\"Kirjautuminen\";s:2:\"fr\";s:9:\"Connexion\";s:2:\"fa\";s:10:\"\";}', 'a:10:{s:2:\"en\";s:36:\"Display a simple login form anywhere\";s:2:\"el\";s:96:\"      \";s:2:\"br\";s:69:\"Permite colocar um formulrio de login em qualquer lugar do seu site\";s:2:\"pt\";s:69:\"Permite colocar um formulrio de login em qualquer lugar do seu site\";s:2:\"nl\";s:32:\"Toon overal een simpele loginbox\";s:2:\"ru\";s:72:\"      \";s:2:\"id\";s:32:\"Menampilkan form login sederhana\";s:2:\"fi\";s:52:\"Nyt yksinkertainen kirjautumislomake miss vain\";s:2:\"fr\";s:54:\"Affichez un formulaire de connexion o vous souhaitez\";s:2:\"fa\";s:70:\"        \";}', 'Phil Sturgeon', 'http://philsturgeon.co.uk/', '1.0.0', '1', '3', '1369801839');
INSERT INTO `default_widgets` VALUES ('4', 'navigation', 'a:10:{s:2:\"en\";s:10:\"Navigation\";s:2:\"el\";s:16:\"\";s:2:\"nl\";s:9:\"Navigatie\";s:2:\"br\";s:11:\"Navegao\";s:2:\"pt\";s:11:\"Navegao\";s:2:\"ru\";s:18:\"\";s:2:\"id\";s:8:\"Navigasi\";s:2:\"fi\";s:10:\"Navigaatio\";s:2:\"fr\";s:10:\"Navigation\";s:2:\"fa\";s:10:\"\";}', 'a:10:{s:2:\"en\";s:40:\"Display a navigation group with a widget\";s:2:\"el\";s:100:\"      \";s:2:\"nl\";s:38:\"Toon een navigatiegroep met een widget\";s:2:\"br\";s:62:\"Exibe um grupo de links de navegao como widget em seu site\";s:2:\"pt\";s:62:\"Exibe um grupo de links de navegao como widget no seu site\";s:2:\"ru\";s:88:\"    \";s:2:\"id\";s:44:\"Menampilkan grup navigasi menggunakan widget\";s:2:\"fi\";s:37:\"Nyt widgetill navigaatio ryhm\";s:2:\"fr\";s:47:\"Affichez un groupe de navigation dans un widget\";s:2:\"fa\";s:71:\"       \";}', 'Phil Sturgeon', 'http://philsturgeon.co.uk/', '1.2.0', '1', '4', '1369801839');
INSERT INTO `default_widgets` VALUES ('5', 'rss_feed', 'a:10:{s:2:\"en\";s:8:\"RSS Feed\";s:2:\"el\";s:24:\" RSS\";s:2:\"nl\";s:8:\"RSS Feed\";s:2:\"br\";s:8:\"Feed RSS\";s:2:\"pt\";s:8:\"Feed RSS\";s:2:\"ru\";s:31:\"  RSS\";s:2:\"id\";s:8:\"RSS Feed\";s:2:\"fi\";s:10:\"RSS Syte\";s:2:\"fr\";s:8:\"Flux RSS\";s:2:\"fa\";s:19:\"  RSS\";}', 'a:10:{s:2:\"en\";s:41:\"Display parsed RSS feeds on your websites\";s:2:\"el\";s:82:\"     RSS\";s:2:\"nl\";s:28:\"Toon RSS feeds op uw website\";s:2:\"br\";s:48:\"Interpreta e exibe qualquer feed RSS no seu site\";s:2:\"pt\";s:48:\"Interpreta e exibe qualquer feed RSS no seu site\";s:2:\"ru\";s:94:\"      \";s:2:\"id\";s:42:\"Menampilkan kutipan RSS feed di situs Anda\";s:2:\"fi\";s:39:\"Nyt purettu RSS syte sivustollasi\";s:2:\"fr\";s:39:\"Affichez un flux RSS sur votre site web\";s:2:\"fa\";s:46:\"   RSS  \";}', 'Phil Sturgeon', 'http://philsturgeon.co.uk/', '1.2.0', '1', '5', '1369801839');
INSERT INTO `default_widgets` VALUES ('6', 'social_bookmark', 'a:10:{s:2:\"en\";s:15:\"Social Bookmark\";s:2:\"el\";s:35:\" \";s:2:\"nl\";s:19:\"Sociale Bladwijzers\";s:2:\"br\";s:15:\"Social Bookmark\";s:2:\"pt\";s:15:\"Social Bookmark\";s:2:\"ru\";s:37:\" \";s:2:\"id\";s:15:\"Social Bookmark\";s:2:\"fi\";s:24:\"Sosiaalinen kirjanmerkki\";s:2:\"fr\";s:13:\"Liens sociaux\";s:2:\"fa\";s:52:\"    \";}', 'a:10:{s:2:\"en\";s:47:\"Configurable social bookmark links from AddThis\";s:2:\"el\";s:111:\"      AddThis\";s:2:\"nl\";s:43:\"Voeg sociale bladwijzers toe vanuit AddThis\";s:2:\"br\";s:87:\"Adiciona links de redes sociais usando o AddThis, podendo fazer algumas configuraes\";s:2:\"pt\";s:87:\"Adiciona links de redes sociais usando o AddThis, podendo fazer algumas configuraes\";s:2:\"ru\";s:90:\"     AddThis\";s:2:\"id\";s:60:\"Tautan social bookmark yang dapat dikonfigurasi dari AddThis\";s:2:\"fi\";s:59:\"Konfiguroitava sosiaalinen kirjanmerkki linkit AddThis:st\";s:2:\"fr\";s:43:\"Liens sociaux personnalisables avec AddThis\";s:2:\"fa\";s:71:\"       \";}', 'Phil Sturgeon', 'http://philsturgeon.co.uk/', '1.0.0', '1', '6', '1369801839');
INSERT INTO `default_widgets` VALUES ('7', 'archive', 'a:8:{s:2:\"en\";s:7:\"Archive\";s:2:\"br\";s:15:\"Arquivo do Blog\";s:2:\"fa\";s:10:\"\";s:2:\"pt\";s:15:\"Arquivo do Blog\";s:2:\"el\";s:33:\" \";s:2:\"fr\";s:16:\"Archives du Blog\";s:2:\"ru\";s:10:\"\";s:2:\"id\";s:7:\"Archive\";}', 'a:8:{s:2:\"en\";s:64:\"Display a list of old months with links to posts in those months\";s:2:\"br\";s:95:\"Mostra uma lista navegao cronolgica contendo o ndice dos artigos publicados mensalmente\";s:2:\"fa\";s:101:\"           \";s:2:\"pt\";s:95:\"Mostra uma lista navegao cronolgica contendo o ndice dos artigos publicados mensalmente\";s:2:\"el\";s:155:\"             \";s:2:\"fr\";s:95:\"Permet d\'afficher une liste des mois passs avec des liens vers les posts relatifs  ces mois\";s:2:\"ru\";s:114:\"          \";s:2:\"id\";s:63:\"Menampilkan daftar bulan beserta tautan post di setiap bulannya\";}', 'Phil Sturgeon', 'http://philsturgeon.co.uk/', '1.0.0', '1', '7', '1369801839');
INSERT INTO `default_widgets` VALUES ('8', 'blog_categories', 'a:8:{s:2:\"en\";s:15:\"Blog Categories\";s:2:\"br\";s:18:\"Categorias do Blog\";s:2:\"pt\";s:18:\"Categorias do Blog\";s:2:\"el\";s:41:\" \";s:2:\"fr\";s:19:\"Catgories du Blog\";s:2:\"ru\";s:29:\" \";s:2:\"id\";s:12:\"Kateori Blog\";s:2:\"fa\";s:28:\"  \";}', 'a:8:{s:2:\"en\";s:30:\"Show a list of blog categories\";s:2:\"br\";s:57:\"Mostra uma lista de navegao com as categorias do Blog\";s:2:\"pt\";s:57:\"Mostra uma lista de navegao com as categorias do Blog\";s:2:\"el\";s:97:\"       \";s:2:\"fr\";s:49:\"Permet d\'afficher la liste de Catgories du Blog\";s:2:\"ru\";s:57:\"   \";s:2:\"id\";s:35:\"Menampilkan daftar kategori tulisan\";s:2:\"fa\";s:55:\"     \";}', 'Stephen Cozart', 'http://github.com/clip/', '1.0.0', '1', '8', '1369801839');
INSERT INTO `default_widgets` VALUES ('9', 'latest_posts', 'a:8:{s:2:\"en\";s:12:\"Latest posts\";s:2:\"br\";s:24:\"Artigos recentes do Blog\";s:2:\"fa\";s:26:\"  \";s:2:\"pt\";s:24:\"Artigos recentes do Blog\";s:2:\"el\";s:62:\"  \";s:2:\"fr\";s:17:\"Derniers articles\";s:2:\"ru\";s:31:\" \";s:2:\"id\";s:12:\"Post Terbaru\";}', 'a:8:{s:2:\"en\";s:39:\"Display latest blog posts with a widget\";s:2:\"br\";s:81:\"Mostra uma lista de navegao para abrir os ltimos artigos publicados no Blog\";s:2:\"fa\";s:65:\"       \";s:2:\"pt\";s:81:\"Mostra uma lista de navegao para abrir os ltimos artigos publicados no Blog\";s:2:\"el\";s:103:\"       \";s:2:\"fr\";s:68:\"Permet d\'afficher la liste des derniers posts du blog dans un Widget\";s:2:\"ru\";s:100:\"      \";s:2:\"id\";s:51:\"Menampilkan posting blog terbaru menggunakan widget\";}', 'Erik Berman', 'http://www.nukleo.fr', '1.0.0', '1', '9', '1369801839');
